Type,Air temperature [K],Process temperature [K],Rotational speed [rpm],Torque [Nm],Tool wear [min],Machine failure,Temperature Difference [K],Mechanical Power,Torque-Speed Ratio,Tool Wear Risk,Temperature Stress
M,302.0,310.9,1456,47.2,54,0,8.899999999999977,68723.2,0.03241758241758242,0.216,14674.48
M,297.0,308.3,1399,46.4,132,0,11.300000000000011,64913.6,0.033166547533952824,0.528,14305.12
M,301.0,311.6,1357,45.6,137,0,10.600000000000023,61879.200000000004,0.033603537214443625,0.548,14208.960000000001
L,298.9,309.8,1411,56.3,84,0,10.900000000000034,79439.3,0.03990077958894401,0.336,17441.739999999998
L,297.1,308.5,1733,28.7,50,0,11.399999999999977,49737.1,0.016560877091748413,0.2,8853.949999999999
H,298.3,308.9,1706,31.8,8,0,10.599999999999966,54250.8,0.018640093786635406,0.032,9823.019999999999
M,300.7,311.0,1263,52.3,104,0,10.300000000000011,66054.9,0.04140934283452098,0.416,16265.3
H,297.6,309.0,1413,40.2,51,0,11.399999999999977,56802.600000000006,0.028450106157112527,0.204,12421.800000000001
M,303.9,313.2,1608,40.6,79,0,9.300000000000011,65284.8,0.025248756218905474,0.316,12715.92
H,297.3,308.6,1431,42.0,109,0,11.300000000000011,60102.0,0.029350104821802937,0.436,12961.2
L,298.9,310.1,1466,42.5,187,0,11.200000000000045,62305.0,0.02899045020463847,0.748,13179.250000000002
L,297.9,308.6,1691,29.6,116,0,10.700000000000045,50053.600000000006,0.017504435245416915,0.464,9134.560000000001
L,299.2,310.7,1540,36.3,175,0,11.5,55901.99999999999,0.02357142857142857,0.7,11278.409999999998
L,298.4,308.4,1515,40.1,179,0,10.0,60751.5,0.02646864686468647,0.716,12366.84
M,300.4,309.8,1421,47.2,0,0,9.400000000000034,67071.2,0.033216045038705136,0.0,14622.560000000001
L,298.7,309.9,1617,33.0,203,0,11.199999999999989,53361.0,0.02040816326530612,0.812,10226.699999999999
L,297.7,308.7,1249,60.4,143,0,11.0,75439.59999999999,0.048358686949559644,0.572,18645.48
L,298.9,310.0,1564,33.8,183,0,11.100000000000023,52863.2,0.021611253196930944,0.732,10478.0
L,298.1,308.7,1568,32.9,10,0,10.599999999999966,51587.2,0.020982142857142855,0.04,10156.23
L,304.1,313.2,1434,50.1,43,0,9.099999999999966,71843.40000000001,0.03493723849372385,0.172,15691.32
L,302.5,311.1,1571,34.2,201,0,8.600000000000023,53728.200000000004,0.021769573520050926,0.804,10639.62
H,299.2,308.8,1908,21.3,104,0,9.600000000000023,40640.4,0.011163522012578617,0.416,6577.4400000000005
L,299.6,310.2,1468,48.0,9,0,10.599999999999966,70464.0,0.0326975476839237,0.036,14889.599999999999
H,301.0,312.2,1489,40.3,117,0,11.199999999999989,60006.7,0.027065144392209535,0.468,12581.659999999998
L,299.1,310.5,1389,61.4,64,0,11.399999999999977,85284.59999999999,0.044204463642908566,0.256,19064.7
L,302.4,310.2,1351,45.1,168,1,7.800000000000011,60930.1,0.033382679496669135,0.672,13990.02
L,299.1,310.5,1532,36.6,62,0,11.399999999999977,56071.200000000004,0.023890339425587468,0.248,11364.300000000001
L,300.6,309.6,1726,30.0,147,0,9.0,51780.0,0.01738122827346466,0.588,9288.0
L,301.7,311.2,1589,37.9,75,0,9.5,60223.1,0.023851478917558212,0.3,11794.48
L,296.8,307.5,1347,54.8,43,0,10.699999999999989,73815.59999999999,0.0406829992576095,0.172,16851.0
L,300.7,311.8,1486,47.3,19,0,11.100000000000023,70287.8,0.031830417227456255,0.076,14748.14
L,299.6,311.0,1430,38.3,124,0,11.399999999999977,54768.99999999999,0.02678321678321678,0.496,11911.3
L,297.1,308.3,1403,54.1,179,0,11.199999999999989,75902.3,0.038560228082679976,0.716,16679.030000000002
L,300.7,310.6,1520,45.9,146,0,9.900000000000034,69768.0,0.03019736842105263,0.584,14256.54
M,298.9,308.2,1372,63.6,30,1,9.300000000000011,87259.2,0.04635568513119533,0.12,19601.52
L,298.7,309.8,1354,53.3,212,1,11.100000000000023,72168.2,0.03936484490398818,0.848,16512.34
L,299.7,309.1,1347,55.3,139,0,9.400000000000034,74489.09999999999,0.041054194506310315,0.556,17093.23
L,300.7,309.5,1508,39.9,59,0,8.800000000000011,60169.2,0.026458885941644562,0.236,12349.05
M,303.0,312.8,1648,32.1,104,0,9.800000000000011,52900.8,0.019478155339805826,0.416,10040.880000000001
M,300.4,311.7,1832,24.2,179,0,11.300000000000011,44334.4,0.013209606986899563,0.716,7543.139999999999
M,302.0,311.1,1406,48.8,159,0,9.100000000000023,68612.8,0.03470839260312944,0.636,15181.68
L,298.3,308.1,1326,58.4,90,0,9.800000000000011,77438.4,0.04404223227752639,0.36,17993.04
L,298.9,310.3,1456,44.1,118,0,11.400000000000034,64209.6,0.03028846153846154,0.472,13684.230000000001
L,298.0,308.5,1702,26.7,203,0,10.5,45443.4,0.015687426556991773,0.812,8236.949999999999
L,302.6,311.4,1738,25.8,128,0,8.799999999999955,44840.4,0.014844649021864212,0.512,8034.12
L,297.1,308.2,1347,50.8,49,0,11.099999999999966,68427.59999999999,0.03771343726800297,0.196,15656.559999999998
L,303.8,312.7,1664,29.3,178,0,8.899999999999977,48755.200000000004,0.017608173076923077,0.712,9162.11
L,298.6,309.8,1637,34.6,207,0,11.199999999999989,56640.200000000004,0.021136224801466097,0.828,10719.08
L,301.6,311.1,1907,21.5,102,0,9.5,41000.5,0.011274252753015208,0.408,6688.650000000001
M,302.3,311.2,1505,36.7,78,0,8.899999999999977,55233.50000000001,0.024385382059800665,0.312,11421.04
M,298.2,309.0,1410,47.6,76,0,10.800000000000011,67116.0,0.03375886524822695,0.304,14708.4
L,296.8,307.9,1709,28.4,118,0,11.099999999999966,48535.6,0.016617905207723813,0.472,8744.359999999999
M,297.2,308.3,1776,28.0,43,0,11.100000000000023,49728.0,0.015765765765765764,0.172,8632.4
L,300.2,310.2,1600,31.5,23,0,10.0,50400.0,0.0196875,0.092,9771.3
L,301.0,310.7,1391,45.0,123,0,9.699999999999989,62595.0,0.03235082674335011,0.492,13981.5
H,298.7,309.3,1402,45.3,190,0,10.600000000000023,63510.6,0.03231098430813124,0.76,14011.289999999999
M,298.1,307.9,1496,40.0,0,0,9.799999999999955,59840.0,0.026737967914438502,0.0,12316.0
L,301.5,310.3,1415,41.6,28,0,8.800000000000011,58864.0,0.029399293286219083,0.112,12908.480000000001
L,301.1,311.1,1711,29.1,170,0,10.0,49790.100000000006,0.017007597895967272,0.68,9053.01
M,296.8,307.8,1664,32.8,142,0,11.0,54579.2,0.01971153846153846,0.568,10095.84
L,298.2,308.4,1477,49.9,72,0,10.199999999999989,73702.3,0.03378469871360867,0.288,15389.159999999998
M,297.4,309.0,1520,37.0,147,0,11.600000000000023,56240.0,0.024342105263157894,0.588,11433.0
M,298.9,308.9,1487,39.5,30,0,10.0,58736.5,0.0265635507733692,0.12,12201.55
L,299.3,309.1,1551,39.1,147,0,9.800000000000011,60644.100000000006,0.025209542230818827,0.588,12085.810000000001
L,298.3,308.2,1663,28.4,67,0,9.899999999999977,47229.2,0.017077570655441972,0.268,8752.88
M,301.0,311.0,1423,38.6,199,0,10.0,54927.8,0.027125790583274773,0.796,12004.6
L,301.5,311.1,1434,49.6,129,0,9.600000000000023,71126.40000000001,0.034588563458856345,0.516,15430.560000000001
M,300.5,311.6,1476,39.1,199,0,11.100000000000023,57711.6,0.026490514905149053,0.796,12183.560000000001
L,300.6,310.0,1425,49.5,174,0,9.399999999999977,70537.5,0.034736842105263156,0.696,15345.0
M,301.3,310.8,1455,41.2,56,0,9.5,59946.00000000001,0.02831615120274914,0.224,12804.960000000001
M,297.2,308.4,1863,26.0,110,0,11.199999999999989,48438.0,0.013955984970477724,0.44,8018.4
L,298.8,308.8,1523,44.4,55,0,10.0,67621.2,0.029152987524622455,0.22,13710.72
L,300.4,310.0,1769,26.1,38,0,9.600000000000023,46170.9,0.014754098360655738,0.152,8091.0
L,301.6,311.1,1408,44.4,106,0,9.5,62515.2,0.03153409090909091,0.424,13812.84
M,298.7,309.6,1424,50.4,32,0,10.900000000000034,71769.59999999999,0.03539325842696629,0.128,15603.84
L,301.5,310.7,1435,38.5,224,0,9.199999999999989,55247.5,0.026829268292682926,0.896,11961.949999999999
M,298.0,308.1,1552,36.6,190,0,10.100000000000023,56803.200000000004,0.023582474226804123,0.76,11276.460000000001
M,302.2,311.6,1592,37.7,79,0,9.400000000000034,60018.4,0.023680904522613067,0.316,11747.320000000002
L,300.6,310.4,1494,47.3,118,0,9.799999999999955,70666.2,0.031659973226238286,0.472,14681.919999999998
M,297.5,309.4,1433,48.3,139,0,11.899999999999977,69213.9,0.033705512909979064,0.556,14944.019999999999
L,297.3,308.7,1491,40.2,112,0,11.399999999999977,59938.200000000004,0.026961770623742456,0.448,12409.74
L,300.1,311.5,2218,17.0,123,0,11.399999999999977,37706.0,0.007664562669071236,0.492,5295.5
H,302.0,310.9,1679,29.0,222,0,8.899999999999977,48691.0,0.017272185824895772,0.888,9016.099999999999
L,299.2,308.4,1393,48.4,35,0,9.199999999999989,67421.2,0.03474515434314429,0.14,14926.559999999998
M,302.1,310.7,1364,47.8,213,1,8.599999999999966,65199.2,0.03504398826979472,0.852,14851.46
M,300.0,309.2,1635,32.4,4,0,9.199999999999989,52974.0,0.01981651376146789,0.016,10018.08
L,301.4,310.8,1431,44.3,21,0,9.400000000000034,63393.299999999996,0.030957372466806427,0.084,13768.44
L,300.8,310.3,1537,33.3,52,0,9.5,51182.1,0.021665582303188026,0.208,10332.99
H,299.7,309.2,1572,32.8,142,0,9.5,51561.6,0.020865139949109414,0.568,10141.759999999998
M,296.8,307.9,1843,25.2,116,0,11.099999999999966,46443.6,0.013673358654367878,0.464,7759.079999999999
H,298.0,307.7,1547,36.8,186,0,9.699999999999989,56929.6,0.0237879767291532,0.744,11323.359999999999
L,301.0,310.9,1679,29.8,64,0,9.899999999999977,50034.200000000004,0.017748659916617036,0.256,9264.82
L,295.7,306.1,1343,54.4,119,0,10.400000000000034,73059.2,0.04050632911392405,0.476,16651.84
M,299.3,310.7,1374,48.9,222,0,11.399999999999977,67188.59999999999,0.03558951965065502,0.888,15193.23
L,300.8,309.7,1373,45.4,179,0,8.899999999999977,62334.2,0.03306627822286963,0.716,14060.38
L,298.6,309.7,1627,33.4,99,0,11.099999999999966,54341.799999999996,0.02052858020897357,0.396,10343.98
L,300.4,311.5,1492,44.6,149,0,11.100000000000023,66543.2,0.029892761394101876,0.596,13892.9
L,300.4,310.5,2424,14.5,12,0,10.100000000000023,35148.0,0.005981848184818482,0.048,4502.25
L,301.3,310.5,1365,47.7,70,0,9.199999999999989,65110.50000000001,0.03494505494505495,0.28,14810.85
L,300.0,309.6,1694,28.7,94,0,9.600000000000023,48617.799999999996,0.016942148760330577,0.376,8885.52
L,301.4,310.3,2203,16.6,169,0,8.900000000000034,36569.8,0.007535179300953246,0.676,5150.9800000000005
L,302.4,310.9,1469,39.6,86,0,8.5,58172.4,0.026957113682777402,0.344,12311.64
M,297.3,308.6,1584,29.4,141,0,11.300000000000011,46569.6,0.01856060606060606,0.564,9072.84
M,304.2,313.6,1424,43.7,151,0,9.400000000000034,62228.8,0.030688202247191012,0.604,13704.320000000002
L,298.9,310.0,1719,27.3,58,0,11.100000000000023,46928.700000000004,0.01588132635253054,0.232,8463.0
L,297.4,309.2,1620,33.2,28,0,11.800000000000011,53784.00000000001,0.02049382716049383,0.112,10265.44
L,302.1,311.2,1454,46.8,0,0,9.099999999999966,68047.2,0.032187070151306736,0.0,14564.159999999998
L,301.9,310.9,1486,40.3,6,0,9.0,59885.799999999996,0.027119784656796767,0.024,12529.269999999999
L,297.2,308.5,1550,41.5,125,0,11.300000000000011,64325.0,0.026774193548387098,0.5,12802.75
M,298.0,308.9,1339,51.4,68,0,10.899999999999977,68824.59999999999,0.038386855862584016,0.272,15877.46
L,300.2,311.6,1999,21.0,19,0,11.400000000000034,41979.0,0.010505252626313157,0.076,6543.6
L,296.9,308.0,1546,31.1,11,0,11.100000000000023,48080.600000000006,0.020116429495472186,0.044,9578.800000000001
H,303.5,312.8,1404,55.8,84,0,9.300000000000011,78343.2,0.03974358974358974,0.336,17454.239999999998
L,297.2,308.5,1494,39.6,181,0,11.300000000000011,59162.4,0.02650602409638554,0.724,12216.6
L,302.1,311.5,1987,20.1,21,0,9.399999999999977,39938.700000000004,0.010115752390538501,0.084,6261.150000000001
L,300.6,310.8,1378,51.2,119,0,10.199999999999989,70553.6,0.03715529753265603,0.476,15912.960000000001
L,302.6,312.4,1398,41.6,40,0,9.799999999999955,58156.8,0.029756795422031475,0.16,12995.84
H,298.7,309.7,1697,29.8,74,0,11.0,50570.6,0.01756040070713023,0.296,9229.06
L,296.7,308.0,1451,50.7,197,0,11.300000000000011,73565.7,0.03494141971054445,0.788,15615.6
M,300.5,311.9,1370,44.8,20,0,11.399999999999977,61375.99999999999,0.032700729927007295,0.08,13973.119999999999
L,301.3,311.1,1560,35.3,55,0,9.800000000000011,55067.99999999999,0.022628205128205126,0.22,10981.83
M,300.9,311.0,1567,34.3,130,0,10.100000000000023,53748.1,0.02188895979578813,0.52,10667.3
L,303.7,312.7,1395,53.9,123,0,9.0,75190.5,0.03863799283154122,0.492,16854.53
H,301.0,310.9,1495,37.3,21,0,9.899999999999977,55763.49999999999,0.02494983277591973,0.084,11596.569999999998
M,303.6,312.7,2174,17.6,37,0,9.099999999999966,38262.4,0.008095676172953082,0.148,5503.52
M,297.5,309.1,1540,38.5,176,0,11.600000000000023,59290.0,0.025,0.704,11900.35
M,297.6,308.4,1569,38.3,93,0,10.799999999999955,60092.7,0.024410452517527086,0.372,11811.719999999998
L,302.3,311.7,2170,18.2,91,0,9.399999999999977,39494.0,0.008387096774193548,0.364,5672.94
L,298.0,308.5,1713,25.3,124,0,10.5,43338.9,0.014769410391126678,0.496,7805.05
L,302.7,312.4,1477,46.3,251,1,9.699999999999989,68385.09999999999,0.03134732566012187,1.004,14464.119999999997
H,297.1,308.0,1559,38.8,229,0,10.899999999999977,60489.2,0.024887748556767158,0.916,11950.4
L,300.3,309.2,1649,32.4,50,0,8.899999999999977,53427.6,0.019648271679805943,0.2,10018.08
L,300.2,309.7,1448,36.8,14,0,9.5,53286.399999999994,0.025414364640883976,0.056,11396.96
L,298.3,309.4,1356,45.4,96,0,11.099999999999966,61562.4,0.03348082595870206,0.384,14046.759999999998
L,301.8,310.7,1597,30.8,74,0,8.899999999999977,49187.6,0.01928616155291171,0.296,9569.56
L,299.0,310.2,1516,35.3,102,0,11.199999999999989,53514.799999999996,0.023284960422163586,0.408,10950.06
M,302.2,311.3,1510,37.1,10,0,9.100000000000023,56021.0,0.02456953642384106,0.04,11549.230000000001
M,299.2,308.4,1330,51.2,56,0,9.199999999999989,68096.0,0.038496240601503764,0.224,15790.08
M,300.2,309.5,1500,45.7,89,0,9.300000000000011,68550.0,0.03046666666666667,0.356,14144.150000000001
L,301.6,310.7,1683,29.7,131,0,9.099999999999966,49985.1,0.01764705882352941,0.524,9227.789999999999
L,299.9,310.4,1419,45.7,178,0,10.5,64848.3,0.032205778717406625,0.712,14185.28
L,298.6,309.0,1469,46.0,4,0,10.399999999999977,67574.0,0.031313818924438394,0.016,14214.0
L,300.9,311.0,2235,15.8,156,0,10.100000000000023,35313.0,0.007069351230425056,0.624,4913.8
L,301.9,310.8,1400,58.2,79,0,8.900000000000034,81480.0,0.04157142857142857,0.316,18088.56
M,298.2,308.3,1448,43.3,199,0,10.100000000000023,62698.399999999994,0.02990331491712707,0.796,13349.39
L,298.2,308.9,1367,45.0,85,0,10.699999999999989,61515.0,0.03291880029261156,0.34,13900.499999999998
M,298.6,309.1,1587,37.3,203,0,10.5,59195.1,0.02350346565847511,0.812,11529.43
L,300.5,309.9,1480,40.0,148,0,9.399999999999977,59200.0,0.02702702702702703,0.592,12396.0
L,300.8,310.2,1850,22.8,33,0,9.399999999999977,42180.0,0.012324324324324325,0.132,7072.56
L,298.1,308.6,1558,42.4,14,0,10.5,66059.2,0.027214377406931962,0.056,13084.640000000001
L,297.1,308.1,1446,36.6,227,0,11.0,52923.6,0.025311203319502075,0.908,11276.460000000001
H,302.3,311.8,1475,42.8,38,0,9.5,63129.99999999999,0.02901694915254237,0.152,13345.039999999999
L,301.1,310.6,1611,35.2,70,0,9.5,56707.200000000004,0.021849782743637493,0.28,10933.12
L,300.4,310.5,1578,32.8,26,0,10.100000000000023,51758.399999999994,0.020785804816223066,0.104,10184.4
M,297.3,308.5,1710,27.7,138,0,11.199999999999989,47367.0,0.016198830409356723,0.552,8545.449999999999
L,302.5,310.5,1520,41.2,154,0,8.0,62624.00000000001,0.02710526315789474,0.616,12792.6
M,302.2,310.7,1601,33.0,166,0,8.5,52833.0,0.02061211742660837,0.664,10253.1
L,297.2,308.6,1636,31.3,192,0,11.400000000000034,51206.8,0.0191320293398533,0.768,9659.18
L,297.1,307.8,1636,30.3,90,0,10.699999999999989,49570.8,0.01852078239608802,0.36,9326.34
M,296.2,307.2,1552,34.8,8,0,11.0,54009.6,0.02242268041237113,0.032,10690.56
L,300.3,311.4,1318,52.7,13,0,11.099999999999966,69458.6,0.03998482549317148,0.052,16410.78
L,299.8,309.2,1400,42.6,210,0,9.399999999999977,59640.0,0.03042857142857143,0.84,13171.92
H,298.6,309.5,1420,50.4,82,0,10.899999999999977,71568.0,0.03549295774647887,0.328,15598.8
L,301.9,310.8,1906,21.7,62,0,8.900000000000034,41360.2,0.011385099685204616,0.248,6744.36
L,302.1,310.8,1565,35.3,6,0,8.699999999999989,55244.49999999999,0.02255591054313099,0.024,10971.24
L,302.4,311.1,1905,20.9,77,0,8.700000000000045,39814.5,0.010971128608923884,0.308,6501.99
M,298.6,309.8,1419,44.9,115,0,11.199999999999989,63713.1,0.03164200140944327,0.46,13910.02
L,296.9,307.8,1285,52.1,100,0,10.900000000000034,66948.5,0.04054474708171207,0.4,16036.380000000001
L,298.3,308.5,1664,31.6,144,0,10.199999999999989,52582.4,0.018990384615384617,0.576,9748.6
L,296.8,307.9,1337,56.5,5,0,11.099999999999966,75540.5,0.04225878833208676,0.02,17396.35
H,302.2,311.2,1692,28.2,122,0,9.0,47714.4,0.016666666666666666,0.488,8775.84
L,298.7,309.9,1404,47.1,64,0,11.199999999999989,66128.40000000001,0.033547008547008546,0.256,14596.289999999999
L,298.2,307.6,1511,31.0,209,1,9.400000000000034,46841.0,0.020516214427531435,0.836,9535.6
L,300.5,309.7,1580,42.8,196,0,9.199999999999989,67624.0,0.027088607594936708,0.784,13255.159999999998
L,302.8,310.6,1404,43.2,203,0,7.800000000000011,60652.8,0.03076923076923077,0.812,13417.920000000002
M,302.0,310.8,1609,35.2,4,0,8.800000000000011,56636.8,0.021876942200124302,0.016,10940.160000000002
L,299.2,308.5,1457,44.7,195,0,9.300000000000011,65127.9,0.03067947838023336,0.78,13789.95
M,299.2,308.5,1742,28.9,150,0,9.300000000000011,50343.799999999996,0.016590126291618826,0.6,8915.65
H,302.9,311.0,1469,48.7,130,0,8.100000000000023,71540.3,0.03315180394826413,0.52,15145.7
L,297.8,308.5,1448,40.0,192,0,10.699999999999989,57920.0,0.027624309392265192,0.768,12340.0
L,297.2,308.6,1335,53.0,39,0,11.400000000000034,70755.0,0.039700374531835204,0.156,16355.800000000001
H,297.5,308.6,1536,38.7,7,0,11.100000000000023,59443.200000000004,0.0251953125,0.028,11942.820000000002
M,303.6,312.5,1607,33.7,14,0,8.899999999999977,54155.9,0.020970752955818298,0.056,10531.25
L,296.8,307.9,1698,30.8,48,0,11.099999999999966,52298.4,0.018138987043580683,0.192,9483.32
H,301.2,309.8,1709,27.0,151,0,8.600000000000023,46143.0,0.01579871269748391,0.604,8364.6
L,300.8,312.4,1365,44.5,129,0,11.599999999999966,60742.5,0.0326007326007326,0.516,13901.8
L,299.7,309.6,1553,36.8,174,0,9.900000000000034,57150.399999999994,0.02369607211848036,0.696,11393.28
M,298.1,307.4,1335,56.2,190,0,9.299999999999955,75027.0,0.04209737827715356,0.76,17275.88
L,297.2,307.9,1540,37.1,164,0,10.699999999999989,57134.0,0.024090909090909093,0.656,11423.09
M,300.3,310.4,1293,49.7,37,0,10.099999999999966,64262.100000000006,0.03843774168600155,0.148,15426.88
H,298.3,309.0,1470,38.4,10,0,10.699999999999989,56448.0,0.026122448979591834,0.04,11865.6
L,300.1,309.4,1453,47.6,28,0,9.299999999999955,69162.8,0.03275980729525121,0.112,14727.439999999999
M,299.9,309.1,1345,56.8,10,0,9.200000000000045,76396.0,0.04223048327137546,0.04,17556.88
L,301.3,311.0,1539,36.9,206,0,9.699999999999989,56789.1,0.023976608187134502,0.824,11475.9
L,299.4,308.6,1492,40.5,181,0,9.200000000000045,60426.0,0.027144772117962467,0.724,12498.300000000001
L,298.4,309.3,1395,47.6,24,0,10.900000000000034,66402.0,0.034121863799283156,0.096,14722.68
L,302.3,311.5,1387,47.3,2,0,9.199999999999989,65605.09999999999,0.034102379235760635,0.008,14733.949999999999
L,300.9,310.9,1497,43.2,62,0,10.0,64670.4,0.028857715430861724,0.248,13430.88
L,298.8,308.5,1736,29.0,31,0,9.699999999999989,50344.0,0.016705069124423964,0.124,8946.5
L,297.8,307.6,1607,30.3,62,0,9.800000000000011,48692.1,0.018855009334163036,0.248,9320.28
M,300.0,309.5,1879,22.4,79,0,9.5,42089.6,0.011921234699308142,0.316,6932.799999999999
L,297.5,308.9,1738,24.0,195,0,11.399999999999977,41712.0,0.01380897583429229,0.78,7413.599999999999
H,297.6,308.8,1385,44.4,181,0,11.199999999999989,61494.0,0.032057761732851985,0.724,13710.72
M,302.2,311.1,1516,33.7,158,0,8.900000000000034,51089.200000000004,0.022229551451187338,0.632,10484.070000000002
L,303.8,313.0,1633,32.9,207,0,9.199999999999989,53725.7,0.020146968769136558,0.828,10297.699999999999
L,300.6,310.7,1397,53.7,80,0,10.099999999999966,75018.90000000001,0.03843951324266285,0.32,16684.59
L,297.3,308.3,1268,60.6,119,0,11.0,76840.8,0.04779179810725552,0.476,18682.98
L,297.6,308.6,1529,45.3,15,0,11.0,69263.7,0.02962720732504905,0.06,13979.58
M,300.2,311.0,2370,14.7,144,0,10.800000000000011,34839.0,0.00620253164556962,0.576,4571.7
L,302.4,310.1,1645,31.6,93,0,7.7000000000000455,51982.0,0.019209726443768997,0.372,9799.160000000002
L,303.7,312.4,1702,31.2,144,0,8.699999999999989,53102.4,0.018331374853113983,0.576,9746.88
M,299.8,309.3,1640,31.1,211,0,9.5,51004.0,0.01896341463414634,0.844,9619.230000000001
L,299.7,311.1,1574,36.4,135,0,11.400000000000034,57293.6,0.023125794155019058,0.54,11324.04
L,297.5,309.4,1650,34.6,142,0,11.899999999999977,57090.0,0.02096969696969697,0.568,10705.24
M,301.5,310.0,1417,44.6,49,0,8.5,63198.200000000004,0.03147494707127735,0.196,13826.0
M,298.1,308.1,1456,43.7,80,0,10.0,63627.200000000004,0.030013736263736265,0.32,13463.970000000001
L,299.5,310.1,1585,35.2,50,0,10.600000000000023,55792.00000000001,0.022208201892744483,0.2,10915.520000000002
L,301.0,310.6,1493,37.8,206,1,9.600000000000023,56435.399999999994,0.025318151373074346,0.824,11740.68
M,301.7,310.7,1659,29.9,73,0,9.0,49604.1,0.018022905364677516,0.292,9289.929999999998
L,297.3,308.4,1469,46.7,65,0,11.099999999999966,68602.3,0.03179033356024507,0.26,14402.28
M,302.2,310.1,1421,45.4,9,0,7.900000000000034,64513.4,0.03194933145672062,0.036,14078.54
M,303.6,312.8,1689,33.1,16,0,9.199999999999989,55905.9,0.01959739490822972,0.064,10353.68
H,298.5,309.6,1579,33.5,91,0,11.100000000000023,52896.5,0.02121595946801773,0.364,10371.6
L,300.6,310.2,1318,51.0,8,0,9.599999999999966,67218.0,0.038694992412746584,0.032,15820.199999999999
M,302.1,310.6,1517,38.9,2,0,8.5,59011.299999999996,0.025642715886618324,0.008,12082.34
L,297.1,308.2,2267,15.7,181,0,11.099999999999966,35591.9,0.006925452139391265,0.724,4838.74
L,299.4,308.6,1415,56.4,175,0,9.200000000000045,79806.0,0.03985865724381625,0.7,17405.04
L,301.0,310.7,1300,57.2,174,0,9.699999999999989,74360.0,0.044000000000000004,0.696,17772.04
H,297.9,308.5,1383,44.6,184,0,10.600000000000023,61681.8,0.03224873463485177,0.736,13759.1
L,301.9,310.8,1427,47.7,92,0,8.900000000000034,68067.90000000001,0.03342676944639103,0.368,14825.160000000002
L,299.4,309.3,1391,46.6,185,0,9.900000000000034,64820.6,0.033501078360891445,0.74,14413.380000000001
H,299.3,310.4,1510,45.5,27,0,11.099999999999966,68705.0,0.030132450331125826,0.108,14123.199999999999
L,300.0,311.5,1445,41.6,81,0,11.5,60112.0,0.02878892733564014,0.324,12958.4
L,298.2,309.1,1568,36.3,166,0,10.900000000000034,56918.399999999994,0.02315051020408163,0.664,11220.33
H,300.9,311.9,2140,16.5,43,0,11.0,35310.0,0.007710280373831775,0.172,5146.349999999999
L,299.6,310.9,1472,40.9,137,0,11.299999999999955,60204.799999999996,0.02778532608695652,0.548,12715.81
M,298.5,309.6,1502,39.4,84,0,11.100000000000023,59178.799999999996,0.026231691078561915,0.336,12198.24
L,300.6,310.0,1455,40.4,172,0,9.399999999999977,58782.0,0.027766323024054983,0.688,12524.0
L,299.1,310.6,1577,37.1,44,0,11.5,58506.700000000004,0.023525681674064682,0.176,11523.260000000002
L,302.5,310.3,1688,31.6,66,0,7.800000000000011,53340.8,0.018720379146919434,0.264,9805.480000000001
L,298.9,310.0,1378,49.3,18,0,11.100000000000023,67935.4,0.035776487663280114,0.072,15283.0
M,298.5,309.3,1761,27.2,49,0,10.800000000000011,47899.2,0.015445769449176604,0.196,8412.960000000001
L,297.5,308.2,1489,40.7,141,0,10.699999999999989,60602.3,0.027333781061114844,0.564,12543.74
M,297.7,309.0,1531,42.4,38,0,11.300000000000011,64914.4,0.02769431743958197,0.152,13101.6
H,297.4,308.2,1359,46.9,199,0,10.800000000000011,63737.1,0.03451066961000736,0.796,14454.58
L,301.7,310.6,1660,28.7,66,0,8.900000000000034,47642.0,0.017289156626506024,0.264,8914.220000000001
L,301.0,311.9,1889,23.5,198,0,10.899999999999977,44391.5,0.012440444679724723,0.792,7329.65
L,302.3,310.1,1353,50.9,36,1,7.800000000000011,68867.7,0.03762010347376201,0.144,15784.09
L,298.3,309.1,1616,31.1,195,0,10.800000000000011,50257.600000000006,0.019245049504950495,0.78,9613.010000000002
M,299.2,309.1,1503,34.7,6,0,9.900000000000034,52154.100000000006,0.02308715901530273,0.024,10725.770000000002
M,297.5,308.0,1560,39.0,141,0,10.5,60840.0,0.025,0.564,12012.0
L,299.6,309.2,1422,39.8,219,0,9.599999999999966,56595.6,0.027988748241912796,0.876,12306.159999999998
M,300.5,311.4,1743,27.6,46,0,10.899999999999977,48106.8,0.01583476764199656,0.184,8594.64
M,297.2,307.9,1632,37.5,156,0,10.699999999999989,61200.0,0.02297794117647059,0.624,11546.25
L,300.1,309.3,1340,56.0,130,0,9.199999999999989,75040.0,0.041791044776119404,0.52,17320.8
M,298.0,308.5,1682,33.0,58,0,10.5,55506.0,0.019619500594530322,0.232,10180.5
H,297.6,309.6,1419,48.2,215,0,12.0,68395.8,0.03396758280479211,0.86,14922.720000000001
L,300.7,310.9,1650,29.4,102,0,10.199999999999989,48510.0,0.017818181818181816,0.408,9140.46
L,300.8,311.9,1498,39.3,23,0,11.099999999999966,58871.399999999994,0.02623497997329773,0.092,12257.669999999998
L,303.0,311.2,1382,50.5,203,0,8.199999999999989,69791.0,0.03654124457308249,0.812,15715.599999999999
M,301.9,310.7,1511,37.6,70,0,8.800000000000011,56813.6,0.024884182660489744,0.28,11682.32
H,297.9,307.7,1464,43.2,97,0,9.800000000000011,63244.8,0.029508196721311476,0.388,13292.640000000001
M,301.4,310.6,1459,46.9,27,0,9.200000000000045,68427.09999999999,0.032145305003427,0.108,14567.140000000001
L,298.4,308.3,1422,42.7,186,0,9.900000000000034,60719.4,0.030028129395218005,0.744,13164.410000000002
M,300.0,309.3,1413,40.7,117,0,9.300000000000011,57509.100000000006,0.02880396319886766,0.468,12588.510000000002
M,300.5,309.5,1320,49.9,59,0,9.0,65868.0,0.037803030303030304,0.236,15444.05
M,300.3,311.3,1377,53.8,125,0,11.0,74082.59999999999,0.039070442992011616,0.5,16747.94
L,300.6,310.0,1438,53.8,103,0,9.399999999999977,77364.4,0.03741307371349096,0.412,16678.0
L,297.9,307.8,1499,37.5,78,0,9.900000000000034,56212.5,0.025016677785190126,0.312,11542.5
L,298.8,309.6,1442,50.0,104,0,10.800000000000011,72100.0,0.03467406380027739,0.416,15480.000000000002
L,295.6,306.0,1569,40.4,174,0,10.399999999999977,63387.6,0.025748884639898023,0.696,12362.4
M,297.7,309.2,1732,28.8,152,0,11.5,49881.6,0.016628175519630486,0.608,8904.96
L,300.3,311.5,1695,25.6,43,0,11.199999999999989,43392.0,0.015103244837758113,0.172,7974.400000000001
M,300.2,311.6,1510,47.5,146,0,11.400000000000034,71725.0,0.03145695364238411,0.584,14801.000000000002
L,298.8,310.0,1412,46.3,107,0,11.199999999999989,65375.6,0.032790368271954674,0.428,14353.0
L,298.6,309.4,1315,55.5,28,0,10.799999999999955,72982.5,0.04220532319391635,0.112,17171.699999999997
M,297.7,307.3,1365,49.2,36,0,9.600000000000023,67158.0,0.03604395604395605,0.144,15119.160000000002
L,297.4,308.2,1639,33.8,39,0,10.800000000000011,55398.2,0.02062233068944478,0.156,10417.159999999998
M,302.5,311.5,1481,41.1,215,0,9.0,60869.1,0.02775151924375422,0.86,12802.65
L,300.0,309.6,1452,46.0,51,0,9.600000000000023,66792.0,0.03168044077134986,0.204,14241.6
M,296.6,307.5,1734,27.0,50,0,10.899999999999977,46818.0,0.015570934256055362,0.2,8302.5
M,302.6,312.3,1454,54.8,253,1,9.699999999999989,79679.2,0.03768913342503439,1.012,17114.04
L,298.2,308.8,1302,60.4,34,0,10.600000000000023,78640.8,0.04639016897081413,0.136,18651.52
L,295.8,306.5,1568,35.1,111,0,10.699999999999989,55036.8,0.022385204081632654,0.444,10758.15
L,297.4,308.4,1369,50.6,220,1,11.0,69271.40000000001,0.03696128560993426,0.88,15605.039999999999
H,301.2,310.6,1352,52.0,69,0,9.400000000000034,70304.0,0.038461538461538464,0.276,16151.2
L,300.8,311.8,1928,21.8,209,0,11.0,42030.4,0.011307053941908713,0.836,6797.240000000001
M,300.8,310.7,1924,22.4,36,0,9.899999999999977,43097.6,0.011642411642411641,0.144,6959.679999999999
H,301.7,310.2,1620,30.8,42,0,8.5,49896.0,0.019012345679012346,0.168,9554.16
L,302.0,311.0,1420,45.9,144,0,9.0,65178.0,0.03232394366197183,0.576,14274.9
L,300.4,311.7,1513,40.0,51,0,11.300000000000011,60520.0,0.026437541308658295,0.204,12468.0
H,300.6,311.7,1535,33.3,92,0,11.099999999999966,51115.49999999999,0.021693811074918565,0.368,10379.609999999999
M,297.2,308.3,1326,57.2,100,0,11.100000000000023,75847.2,0.043137254901960784,0.4,17634.760000000002
L,299.0,308.5,1559,38.1,194,0,9.5,59397.9,0.024438742783835794,0.776,11753.85
M,302.4,311.8,1557,31.5,49,0,9.400000000000034,49045.5,0.02023121387283237,0.196,9821.7
M,297.1,308.0,1690,25.6,159,0,10.899999999999977,43264.0,0.015147928994082842,0.636,7884.8
L,299.3,308.5,1589,32.7,74,0,9.199999999999989,51960.3,0.020578980490874765,0.296,10087.95
L,298.8,308.9,1527,32.4,189,0,10.099999999999966,49474.799999999996,0.021218074656188603,0.756,10008.359999999999
M,297.5,308.5,1484,44.7,40,0,11.0,66334.8,0.030121293800539087,0.16,13789.95
L,298.3,308.1,1840,21.5,88,0,9.800000000000011,39560.0,0.011684782608695652,0.352,6624.150000000001
M,301.1,310.0,1433,48.1,14,0,8.899999999999977,68927.3,0.03356594556873692,0.056,14911.0
L,302.1,311.2,1460,46.9,198,0,9.099999999999966,68474.0,0.032123287671232875,0.792,14595.279999999999
H,300.8,309.9,2041,19.2,194,0,9.099999999999966,39187.2,0.009407153356197942,0.776,5950.079999999999
H,300.8,311.9,1431,48.5,25,0,11.099999999999966,69403.5,0.03389238294898672,0.1,15127.15
L,300.7,310.4,1366,52.6,205,0,9.699999999999989,71851.6,0.038506588579795026,0.82,16327.039999999999
L,302.0,311.2,1434,44.9,15,0,9.199999999999989,64386.6,0.03131101813110181,0.06,13972.88
M,299.8,310.0,1632,33.7,172,0,10.199999999999989,54998.4,0.02064950980392157,0.688,10447.0
L,299.8,311.3,1727,30.0,24,0,11.5,51810.0,0.017371163867979156,0.096,9339.0
M,301.1,311.3,1836,22.8,31,0,10.199999999999989,41860.8,0.012418300653594772,0.124,7097.64
L,297.5,308.9,1390,47.4,187,0,11.399999999999977,65886.0,0.034100719424460434,0.748,14641.859999999999
M,300.4,309.4,1362,42.1,182,0,9.0,57340.200000000004,0.03091042584434655,0.728,13025.74
M,301.7,311.0,1311,46.8,136,0,9.300000000000011,61354.799999999996,0.035697940503432495,0.544,14554.8
L,298.2,308.3,1402,51.0,141,0,10.100000000000023,71502.0,0.03637660485021398,0.564,15723.300000000001
L,299.4,308.5,1845,22.9,76,0,9.100000000000023,42250.5,0.012411924119241191,0.304,7064.65
M,300.8,310.4,1518,36.0,59,0,9.599999999999966,54648.0,0.023715415019762844,0.236,11174.4
M,296.9,307.9,1385,44.8,144,0,11.0,62047.99999999999,0.03234657039711191,0.576,13793.919999999998
L,300.3,309.9,1393,56.1,12,0,9.599999999999966,78147.3,0.040272792534099065,0.048,17385.39
L,298.1,309.0,1437,36.2,95,0,10.899999999999977,52019.4,0.025191370911621436,0.38,11185.800000000001
L,300.2,311.4,1495,43.6,95,0,11.199999999999989,65182.0,0.029163879598662207,0.38,13577.039999999999
L,298.9,309.9,1590,31.3,98,0,11.0,49767.0,0.01968553459119497,0.392,9699.869999999999
L,301.8,310.7,1644,33.4,68,0,8.899999999999977,54909.6,0.020316301703163016,0.272,10377.38
M,300.3,309.6,1419,42.5,137,0,9.300000000000011,60307.5,0.029950669485553208,0.548,13158.000000000002
L,298.2,308.3,2051,19.2,90,0,10.100000000000023,39379.2,0.009361287176986836,0.36,5919.36
L,297.5,309.6,1312,50.7,0,0,12.100000000000023,66518.40000000001,0.03864329268292683,0.0,15696.720000000001
L,300.0,309.2,1566,34.4,18,0,9.199999999999989,53870.399999999994,0.021966794380587483,0.072,10636.48
L,303.6,312.6,1502,39.5,103,0,9.0,59329.0,0.0262982689747004,0.412,12347.7
M,300.5,309.4,1655,32.1,37,0,8.899999999999977,53125.5,0.019395770392749246,0.148,9931.74
H,302.5,312.0,1357,42.0,179,0,9.5,56994.0,0.030950626381724394,0.716,13104.0
M,302.4,311.4,1675,29.6,128,0,9.0,49580.0,0.017671641791044777,0.512,9217.44
L,297.4,308.5,1692,34.3,83,0,11.100000000000023,58035.6,0.020271867612293142,0.332,10581.55
M,299.8,309.3,1663,35.2,208,0,9.5,58537.600000000006,0.0211665664461816,0.832,10887.36
L,299.0,308.6,1329,60.5,120,0,9.600000000000023,80404.5,0.045522949586155007,0.48,18670.300000000003
M,301.9,310.7,1472,47.0,73,0,8.800000000000011,69184.0,0.03192934782608696,0.292,14602.9
L,300.1,309.1,1551,33.7,214,0,9.0,52268.700000000004,0.021727917472598324,0.856,10416.670000000002
L,298.2,308.9,1336,45.0,66,0,10.699999999999989,60120.0,0.033682634730538924,0.264,13900.499999999998
M,298.6,309.2,1311,46.6,44,0,10.599999999999966,61092.6,0.03554538520213577,0.176,14408.72
M,299.6,309.3,1553,32.4,112,0,9.699999999999989,50317.2,0.020862846104314228,0.448,10021.32
M,298.1,308.9,1417,39.2,65,0,10.799999999999955,55546.4,0.02766407904022583,0.26,12108.88
L,298.6,309.0,1456,47.7,0,0,10.399999999999977,69451.2,0.03276098901098901,0.0,14739.300000000001
M,299.5,310.1,1359,61.1,67,0,10.600000000000023,83034.90000000001,0.044959529065489334,0.268,18947.11
L,301.0,311.6,1461,40.6,154,0,10.600000000000023,59316.6,0.027789185489390827,0.616,12650.960000000001
L,300.4,309.9,1376,43.5,74,0,9.5,59856.0,0.031613372093023256,0.296,13480.65
M,302.2,311.4,1432,45.3,33,0,9.199999999999989,64869.6,0.0316340782122905,0.132,14106.419999999998
M,301.4,310.6,1459,35.0,87,0,9.200000000000045,51065.0,0.023989033584647018,0.348,10871.0
L,299.4,309.3,1366,48.4,116,0,9.900000000000034,66114.4,0.03543191800878477,0.464,14970.12
L,298.7,309.8,1546,40.9,109,0,11.100000000000023,63231.399999999994,0.02645536869340233,0.436,12670.82
M,298.8,309.7,1480,38.1,157,0,10.899999999999977,56388.0,0.025743243243243244,0.628,11799.57
L,298.3,308.1,1505,46.1,80,0,9.800000000000011,69380.5,0.030631229235880398,0.32,14203.410000000002
M,302.5,311.4,1629,31.7,225,0,8.899999999999977,51639.299999999996,0.019459791282995704,0.9,9871.38
L,298.0,308.9,1406,40.9,77,0,10.899999999999977,57505.4,0.029089615931721192,0.308,12634.009999999998
L,297.8,309.2,1400,56.9,34,0,11.399999999999977,79660.0,0.04064285714285714,0.136,17593.48
L,297.4,308.5,1389,39.2,54,0,11.100000000000023,54448.8,0.028221742260619152,0.216,12093.2
M,302.0,311.3,1725,27.7,23,0,9.300000000000011,47782.5,0.01605797101449275,0.092,8623.01
L,299.2,308.4,1436,41.8,28,0,9.199999999999989,60024.799999999996,0.029108635097493035,0.112,12891.119999999999
L,298.2,307.6,1369,54.5,82,0,9.400000000000034,74610.5,0.03981008035062089,0.328,16764.2
M,298.3,309.6,1681,27.1,194,0,11.300000000000011,45555.100000000006,0.016121356335514574,0.776,8390.160000000002
L,300.7,311.1,1427,50.3,137,0,10.400000000000034,71778.09999999999,0.03524877365101611,0.548,15648.33
L,301.4,310.8,1698,29.6,99,0,9.400000000000034,50260.8,0.017432273262661956,0.396,9199.68
L,296.9,307.7,1653,35.9,177,0,10.800000000000011,59342.7,0.021718088324258922,0.708,11046.429999999998
M,295.6,306.1,1651,28.1,110,0,10.5,46393.100000000006,0.017019987886129618,0.44,8601.410000000002
M,298.5,308.6,1897,20.2,50,0,10.100000000000023,38319.4,0.010648392198207696,0.2,6233.72
H,297.9,307.9,1406,58.5,93,0,10.0,82251.0,0.041607396870554765,0.372,18012.149999999998
L,301.2,310.6,1811,24.0,84,0,9.400000000000034,43464.0,0.013252346769740474,0.336,7454.400000000001
L,301.0,312.2,1510,39.9,61,0,11.199999999999989,60249.0,0.02642384105960265,0.244,12456.779999999999
M,298.2,308.8,1645,28.2,58,0,10.600000000000023,46389.0,0.017142857142857144,0.232,8708.16
M,297.9,308.7,1751,26.6,111,0,10.800000000000011,46576.600000000006,0.015191319246145061,0.444,8211.42
M,300.0,311.4,1533,42.6,180,0,11.399999999999977,65305.8,0.027788649706457925,0.72,13265.64
L,301.6,309.8,1588,33.9,89,0,8.199999999999989,53833.2,0.021347607052896726,0.356,10502.22
M,302.3,310.9,1627,32.3,0,0,8.599999999999966,52552.1,0.019852489244007374,0.0,10042.069999999998
M,300.3,311.7,1551,36.4,84,0,11.399999999999977,56456.399999999994,0.023468729851708576,0.336,11345.88
M,295.6,306.1,1418,46.2,24,0,10.5,65511.600000000006,0.03258110014104373,0.096,14141.820000000002
L,300.6,311.8,1652,27.2,52,0,11.199999999999989,44934.4,0.01646489104116223,0.208,8480.960000000001
L,300.0,309.6,1431,47.7,39,0,9.600000000000023,68258.7,0.03333333333333333,0.156,14767.920000000002
M,297.4,308.9,1500,46.3,137,0,11.5,69450.0,0.030866666666666664,0.548,14302.069999999998
M,297.8,307.9,1726,27.3,35,0,10.099999999999966,47119.8,0.01581691772885284,0.14,8405.67
L,299.8,311.2,2142,16.6,144,0,11.399999999999977,35557.200000000004,0.007749766573295986,0.576,5165.92
M,300.9,310.0,1416,46.6,201,0,9.100000000000023,65985.6,0.03290960451977401,0.804,14446.0
H,297.3,308.4,1864,23.1,90,0,11.099999999999966,43058.4,0.012392703862660944,0.36,7124.04
L,298.5,308.2,1444,40.5,170,0,9.699999999999989,58482.0,0.02804709141274238,0.68,12482.1
H,297.5,308.6,1355,58.9,138,0,11.100000000000023,79809.5,0.04346863468634686,0.552,18176.54
L,297.4,308.4,1341,52.2,49,0,11.0,70000.2,0.038926174496644296,0.196,16098.48
M,301.1,312.4,1809,25.1,126,0,11.299999999999955,45405.9,0.013875069098949696,0.504,7841.24
M,299.3,308.5,1404,49.4,93,0,9.199999999999989,69357.59999999999,0.03518518518518519,0.372,15239.9
L,299.9,310.0,1447,45.9,162,0,10.100000000000023,66417.3,0.031720801658604005,0.648,14229.0
H,297.5,308.9,1471,37.7,197,0,11.399999999999977,55456.700000000004,0.0256288239292998,0.788,11645.53
L,297.6,308.6,1664,30.1,81,0,11.0,50086.4,0.01808894230769231,0.324,9288.86
L,300.0,311.5,1749,28.3,83,0,11.5,49496.700000000004,0.016180674671240708,0.332,8815.45
L,298.3,308.1,1528,33.9,82,0,9.800000000000011,51799.2,0.022185863874345547,0.328,10444.59
L,297.9,309.0,1562,35.8,40,0,11.100000000000023,55919.6,0.022919334186939817,0.16,11062.199999999999
L,298.5,308.8,1332,59.1,115,0,10.300000000000011,78721.2,0.04436936936936937,0.46,18250.08
H,297.4,308.7,1522,46.3,146,0,11.300000000000011,70468.59999999999,0.030420499342969774,0.584,14292.81
L,300.1,309.3,1616,32.0,199,0,9.199999999999989,51712.0,0.019801980198019802,0.796,9897.6
L,299.8,309.4,1460,37.4,25,0,9.599999999999966,54604.0,0.02561643835616438,0.1,11571.56
L,296.4,307.5,1331,47.8,99,0,11.100000000000023,63621.799999999996,0.035912847483095416,0.396,14698.5
L,299.3,308.8,1647,32.9,172,0,9.5,54186.299999999996,0.019975713418336368,0.688,10159.52
L,300.2,311.6,1511,35.7,160,0,11.400000000000034,53942.700000000004,0.023626737260092654,0.64,11124.12
L,299.0,309.1,1523,38.6,177,0,10.100000000000023,58787.8,0.02534471437951412,0.708,11931.260000000002
M,298.7,309.8,1435,48.8,71,0,11.100000000000023,70028.0,0.03400696864111498,0.284,15118.24
M,296.0,306.6,1628,36.8,121,0,10.600000000000023,59910.399999999994,0.0226044226044226,0.484,11282.88
L,297.8,307.2,1351,56.3,174,0,9.399999999999977,76061.3,0.04167283493708364,0.696,17295.359999999997
M,301.3,310.8,1494,35.3,54,0,9.5,52738.2,0.02362784471218206,0.216,10971.24
L,301.5,310.5,1611,33.8,144,0,9.0,54451.799999999996,0.020980757293606454,0.576,10494.9
H,299.3,309.0,1732,29.7,141,0,9.699999999999989,51440.4,0.01714780600461894,0.564,9177.3
L,304.2,313.4,1644,31.7,23,0,9.199999999999989,52114.799999999996,0.019282238442822383,0.092,9934.779999999999
L,299.7,309.1,1483,41.1,208,0,9.400000000000034,60951.3,0.027714093054619016,0.832,12704.010000000002
M,303.6,312.3,1630,32.4,223,0,8.699999999999989,52812.0,0.01987730061349693,0.892,10118.52
L,300.5,310.0,1451,48.6,208,0,9.5,70518.6,0.03349414197105444,0.832,15066.0
L,298.6,310.2,1569,36.3,10,0,11.599999999999966,56954.7,0.023135755258126195,0.04,11260.259999999998
M,298.7,309.6,1254,57.1,124,0,10.900000000000034,71603.40000000001,0.04553429027113238,0.496,17678.160000000003
M,298.8,309.6,1575,34.4,149,0,10.800000000000011,54180.0,0.021841269841269842,0.596,10650.24
M,298.5,309.3,1552,36.8,133,0,10.800000000000011,57113.6,0.023711340206185566,0.532,11382.24
L,301.9,310.4,1603,37.6,69,0,8.5,60272.8,0.02345601996257018,0.276,11671.039999999999
L,300.0,309.1,1401,44.5,0,0,9.100000000000023,62344.5,0.03176302640970735,0.0,13754.95
M,301.9,310.8,1563,39.2,39,0,8.900000000000034,61269.600000000006,0.02507997440818938,0.156,12183.36
L,297.2,307.9,1309,49.6,167,0,10.699999999999989,64926.4,0.03789152024446142,0.668,15271.84
L,295.7,306.3,1490,34.3,97,0,10.600000000000023,51106.99999999999,0.023020134228187918,0.388,10506.09
M,298.4,309.5,1514,38.8,128,0,11.100000000000023,58743.2,0.025627476882430646,0.512,12008.599999999999
L,299.9,310.5,1539,32.8,213,0,10.600000000000023,50479.2,0.02131254061078622,0.852,10184.4
H,302.9,312.3,1509,46.8,175,0,9.400000000000034,70621.2,0.031013916500994033,0.7,14615.64
L,302.3,311.3,1439,41.8,96,0,9.0,60150.2,0.029047949965253648,0.384,13012.34
L,297.5,308.6,1536,39.0,202,0,11.100000000000023,59904.0,0.025390625,0.808,12035.400000000001
L,297.8,308.3,1477,44.8,170,0,10.5,66169.59999999999,0.030331753554502367,0.68,13811.84
M,296.9,307.8,1426,50.7,130,0,10.900000000000034,72298.2,0.03555399719495091,0.52,15605.460000000001
L,298.3,308.4,1490,41.7,170,0,10.099999999999966,62133.00000000001,0.027986577181208054,0.68,12860.28
M,302.9,312.5,1903,21.2,23,0,9.600000000000023,40343.6,0.011140304781923278,0.092,6625.0
L,300.7,309.9,1383,44.5,176,0,9.199999999999989,61543.5,0.032176428054953,0.704,13790.55
M,301.4,311.2,1727,26.5,43,0,9.800000000000011,45765.5,0.015344528083381586,0.172,8246.8
M,300.4,309.6,1563,34.0,6,0,9.200000000000045,53142.0,0.021753039027511197,0.024,10526.400000000001
H,301.9,310.9,1590,34.3,106,0,9.0,54536.99999999999,0.021572327044025154,0.424,10663.869999999999
L,297.4,308.4,1474,43.6,4,0,11.0,64266.4,0.029579375848032566,0.016,13446.24
M,298.2,309.0,1353,50.3,150,0,10.800000000000011,68055.9,0.037176644493717666,0.6,15542.699999999999
L,302.2,311.1,1351,48.6,110,0,8.900000000000034,65658.6,0.03597335307179867,0.44,15119.460000000001
H,301.9,310.5,1472,39.7,187,0,8.600000000000023,58438.4,0.026970108695652174,0.748,12326.85
L,299.8,309.2,1439,36.1,203,0,9.399999999999977,51947.9,0.0250868658790827,0.812,11162.12
M,298.0,307.6,1472,46.7,116,0,9.600000000000023,68742.40000000001,0.03172554347826087,0.464,14364.920000000002
M,298.8,308.7,1543,38.2,44,0,9.899999999999977,58942.600000000006,0.02475696694750486,0.176,11792.34
L,299.0,310.4,1339,49.6,94,0,11.399999999999977,66414.40000000001,0.037042569081404034,0.376,15395.84
L,302.7,312.2,1376,52.8,164,0,9.5,72652.8,0.03837209302325581,0.656,16484.16
M,301.9,310.5,1590,40.3,130,0,8.600000000000023,64076.99999999999,0.025345911949685534,0.52,12513.15
L,302.3,310.8,1465,43.8,7,0,8.5,64166.99999999999,0.029897610921501703,0.028,13613.039999999999
L,297.9,307.6,1747,25.3,136,0,9.700000000000045,44199.1,0.014481969089868346,0.544,7782.280000000001
L,295.5,306.1,1573,35.1,129,0,10.600000000000023,55212.3,0.02231404958677686,0.516,10744.11
L,297.4,308.4,1421,46.0,124,0,11.0,65366.0,0.03237156931738212,0.496,14186.4
L,301.2,310.9,1413,50.1,141,0,9.699999999999989,70791.3,0.03545647558386412,0.564,15576.09
M,299.0,310.6,1587,34.2,141,0,11.600000000000023,54275.4,0.021550094517958415,0.564,10622.520000000002
M,303.5,312.9,1572,44.7,84,0,9.399999999999977,70268.40000000001,0.028435114503816795,0.336,13986.63
M,300.2,309.7,1408,44.0,144,0,9.5,61952.0,0.03125,0.576,13626.8
M,302.2,311.5,1479,39.5,36,0,9.300000000000011,58420.5,0.026707234617985125,0.144,12304.25
L,301.4,310.8,1610,34.6,187,0,9.400000000000034,55706.0,0.021490683229813665,0.748,10753.68
H,297.5,308.3,1674,30.0,54,0,10.800000000000011,50220.0,0.017921146953405017,0.216,9249.0
M,301.7,311.1,1618,36.7,115,0,9.400000000000034,59380.600000000006,0.022682323856613104,0.46,11417.370000000003
L,300.4,311.8,1433,42.2,14,0,11.400000000000034,60472.600000000006,0.029448709002093513,0.056,13157.960000000001
L,299.8,309.6,1526,41.7,85,0,9.800000000000011,63634.200000000004,0.027326343381389256,0.34,12910.320000000002
L,300.3,310.3,1629,34.1,52,0,10.0,55548.9,0.020933087783916515,0.208,10581.230000000001
L,299.4,309.2,1621,34.5,48,0,9.800000000000011,55924.5,0.021283158544108574,0.192,10667.4
L,302.1,310.1,1447,46.6,169,0,8.0,67430.2,0.032204561161022806,0.676,14450.660000000002
M,299.7,311.0,1506,42.7,85,0,11.300000000000011,64306.200000000004,0.028353253652058433,0.34,13279.7
L,298.0,307.7,1492,38.7,202,0,9.699999999999989,57740.4,0.02593833780160858,0.808,11907.99
L,298.2,308.3,1458,41.8,132,0,10.100000000000023,60944.399999999994,0.028669410150891632,0.528,12886.939999999999
L,303.8,313.1,1523,39.8,150,0,9.300000000000011,60615.399999999994,0.026132632961260668,0.6,12461.38
L,298.9,310.2,1445,40.0,129,0,11.300000000000011,57800.0,0.02768166089965398,0.516,12408.0
M,298.9,308.4,1827,26.1,5,0,9.5,47684.700000000004,0.014285714285714287,0.02,8049.24
M,301.8,310.2,1437,42.3,0,0,8.399999999999977,60785.1,0.029436325678496866,0.0,13121.46
L,299.1,308.4,1693,31.6,65,0,9.299999999999955,53498.8,0.018665091553455405,0.26,9745.44
L,298.8,308.9,1455,41.3,208,1,10.099999999999966,60091.49999999999,0.02838487972508591,0.832,12757.569999999998
L,302.6,310.4,1365,66.8,80,1,7.7999999999999545,91182.0,0.048937728937728936,0.32,20734.719999999998
L,300.1,309.5,1353,50.9,34,0,9.399999999999977,68867.7,0.03762010347376201,0.136,15753.55
L,301.8,311.1,1495,36.9,197,0,9.300000000000011,55165.5,0.02468227424749164,0.788,11479.59
M,297.6,308.3,1648,29.1,134,0,10.699999999999989,47956.8,0.017657766990291264,0.536,8971.53
L,301.9,309.7,1719,31.9,0,0,7.800000000000011,54836.1,0.018557300756253635,0.0,9879.429999999998
L,303.3,312.7,1643,30.7,142,0,9.399999999999977,50440.1,0.018685331710286062,0.568,9599.89
L,303.3,311.6,1484,44.6,223,0,8.300000000000011,66186.40000000001,0.030053908355795148,0.892,13897.36
M,299.0,310.3,1662,33.6,67,0,11.300000000000011,55843.200000000004,0.020216606498194945,0.268,10426.08
L,297.4,308.3,1854,21.8,24,0,10.900000000000034,40417.200000000004,0.011758360302049622,0.096,6720.9400000000005
H,298.9,310.5,1429,39.9,19,0,11.600000000000023,57017.1,0.027921623512946116,0.076,12388.949999999999
M,301.9,310.9,1456,43.6,45,0,9.0,63481.6,0.029945054945054946,0.18,13555.24
L,301.0,310.7,1464,45.8,184,0,9.699999999999989,67051.2,0.03128415300546448,0.736,14230.06
L,299.2,308.7,1514,41.9,196,0,9.5,63436.6,0.027675033025099074,0.784,12934.529999999999
M,297.2,308.6,1444,41.1,56,0,11.400000000000034,59348.4,0.028462603878116343,0.224,12683.460000000001
L,299.2,309.1,1468,45.6,2,0,9.900000000000034,66940.8,0.03106267029972752,0.008,14094.960000000001
L,300.4,309.6,1543,38.1,209,0,9.200000000000045,58788.3,0.024692158133506156,0.836,11795.760000000002
H,302.4,311.1,1578,32.3,196,0,8.700000000000045,50969.399999999994,0.020468948035487957,0.784,10048.53
L,301.3,310.5,1390,45.8,63,0,9.199999999999989,63661.99999999999,0.03294964028776978,0.252,14220.9
L,302.4,311.8,1448,43.4,141,0,9.400000000000034,62843.2,0.029972375690607733,0.564,13532.12
L,297.3,308.0,1518,36.0,59,0,10.699999999999989,54648.0,0.023715415019762844,0.236,11088.0
M,298.2,309.0,1508,40.5,192,0,10.800000000000011,61074.0,0.026856763925729443,0.768,12514.5
M,297.7,308.3,1547,36.8,74,0,10.600000000000023,56929.6,0.0237879767291532,0.296,11345.439999999999
M,300.3,311.8,1483,45.1,181,0,11.5,66883.3,0.03041132838840189,0.724,14062.18
L,299.5,309.1,1336,42.1,217,0,9.600000000000023,56245.6,0.03151197604790419,0.868,13013.11
H,300.8,309.4,1474,40.7,104,0,8.599999999999966,59991.8,0.027611940298507463,0.416,12592.58
L,300.4,309.8,1342,52.5,68,0,9.400000000000034,70455.0,0.039120715350223545,0.272,16264.5
M,298.7,310.1,1644,34.1,46,0,11.400000000000034,56060.4,0.020742092457420924,0.184,10574.410000000002
L,301.3,311.1,1504,39.1,2,0,9.800000000000011,58806.4,0.025997340425531916,0.008,12164.010000000002
M,295.7,306.3,1712,28.5,43,0,10.600000000000023,48792.0,0.01664719626168224,0.172,8729.550000000001
H,300.4,310.7,1656,36.3,127,0,10.300000000000011,60112.799999999996,0.021920289855072463,0.508,11278.409999999998
H,303.7,312.5,1520,35.6,154,0,8.800000000000011,54112.0,0.023421052631578947,0.616,11125.0
L,300.1,309.1,1353,58.7,86,0,9.0,79421.1,0.04338507021433851,0.344,18144.170000000002
L,298.2,308.9,1709,28.1,81,0,10.699999999999989,48022.9,0.01644236395552955,0.324,8680.09
M,298.1,307.8,1503,44.7,54,0,9.699999999999989,67184.1,0.02974051896207585,0.216,13758.660000000002
L,303.6,312.5,1431,49.0,162,0,8.899999999999977,70119.0,0.03424178895877009,0.648,15312.5
M,300.7,311.9,1366,55.1,36,0,11.199999999999989,75266.6,0.04033674963396779,0.144,17185.69
L,303.7,312.3,1384,45.9,121,0,8.600000000000023,63525.6,0.033164739884393064,0.484,14334.57
L,300.7,310.8,1496,46.4,90,0,10.100000000000023,69414.4,0.03101604278074866,0.36,14421.12
L,298.7,310.1,1433,54.6,66,0,11.400000000000034,78241.8,0.03810188415910677,0.264,16931.460000000003
L,300.9,312.0,1441,43.8,210,0,11.100000000000023,63115.799999999996,0.030395558639833446,0.84,13665.599999999999
L,298.9,310.1,1577,41.4,80,0,11.200000000000045,65287.799999999996,0.026252377932783767,0.32,12838.140000000001
L,296.1,307.1,1898,22.7,20,0,11.0,43084.6,0.011959957850368809,0.08,6971.17
M,297.7,309.4,1461,43.7,142,0,11.699999999999989,63845.700000000004,0.02991101984941821,0.568,13520.78
M,298.8,310.2,1581,37.5,75,0,11.399999999999977,59287.5,0.023719165085388995,0.3,11632.5
L,303.3,311.7,1508,35.5,217,0,8.399999999999977,53534.0,0.023541114058355437,0.868,11065.35
M,297.3,307.8,1538,48.0,171,0,10.5,73824.0,0.031209362808842653,0.684,14774.400000000001
L,297.5,308.8,1312,50.3,159,0,11.300000000000011,65993.59999999999,0.03833841463414634,0.636,15532.64
L,300.4,309.5,1543,38.9,37,0,9.100000000000023,60022.7,0.025210628645495788,0.148,12039.55
L,297.9,309.1,1507,36.9,13,0,11.200000000000045,55608.299999999996,0.02448573324485733,0.052,11405.79
L,301.6,311.2,1408,42.9,89,0,9.599999999999966,60403.2,0.03046875,0.356,13350.48
L,301.3,310.0,1438,40.9,7,0,8.699999999999989,58814.2,0.028442280945757997,0.028,12679.0
L,302.6,311.0,1610,39.2,152,0,8.399999999999977,63112.00000000001,0.024347826086956525,0.608,12191.2
H,300.5,311.4,1679,27.5,59,0,10.899999999999977,46172.5,0.016378796902918404,0.236,8563.5
M,298.1,308.5,1382,54.5,17,0,10.399999999999977,75319.0,0.0394356005788712,0.068,16813.25
L,301.5,310.6,1587,33.7,122,0,9.100000000000023,53481.9,0.02123503465658475,0.488,10467.220000000001
L,302.2,311.3,1382,46.4,94,0,9.100000000000023,64124.799999999996,0.03357452966714906,0.376,14444.32
L,302.5,311.9,1452,47.4,77,0,9.399999999999977,68824.8,0.03264462809917355,0.308,14784.059999999998
M,298.1,308.3,1453,41.5,204,0,10.199999999999989,60299.5,0.02856159669649002,0.816,12794.45
L,300.5,309.7,1395,61.0,157,0,9.199999999999989,85095.0,0.04372759856630824,0.628,18891.7
L,303.7,312.8,1437,51.3,42,0,9.100000000000023,73718.09999999999,0.03569937369519833,0.168,16046.64
L,297.2,307.9,1493,38.4,146,0,10.699999999999989,57331.2,0.025720026791694574,0.584,11823.359999999999
M,301.9,310.9,1421,46.2,26,0,9.0,65650.2,0.03251231527093596,0.104,14363.58
L,301.7,311.0,1585,35.9,185,0,9.300000000000011,56901.5,0.022649842271293373,0.74,11164.9
L,298.9,309.8,1534,42.1,23,0,10.900000000000034,64581.4,0.02744458930899609,0.092,13042.580000000002
H,300.5,310.8,1631,30.5,132,0,10.300000000000011,49745.5,0.01870018393623544,0.528,9479.4
L,297.3,308.6,1505,33.5,14,0,11.300000000000011,50417.5,0.022259136212624583,0.056,10338.1
M,298.9,310.1,1484,40.4,61,0,11.200000000000045,59953.6,0.027223719676549865,0.244,12528.04
L,299.8,311.1,1820,24.9,174,0,11.300000000000011,45318.0,0.01368131868131868,0.696,7746.39
H,299.6,309.2,1597,36.3,35,0,9.599999999999966,57971.1,0.022730118973074514,0.14,11223.96
M,297.8,307.8,1622,32.1,18,0,10.0,52066.200000000004,0.019790382244143034,0.072,9880.380000000001
L,298.8,308.4,1484,39.2,8,0,9.599999999999966,58172.8,0.026415094339622643,0.032,12089.28
M,301.0,312.1,1664,28.4,168,0,11.100000000000023,47257.6,0.01706730769230769,0.672,8863.64
L,298.3,310.0,1442,43.9,110,0,11.699999999999989,63303.799999999996,0.03044382801664355,0.44,13609.0
L,302.7,312.2,1405,51.4,157,0,9.5,72217.0,0.036583629893238434,0.628,16047.079999999998
H,300.7,310.2,1364,65.3,208,1,9.5,89069.2,0.04787390029325513,0.832,20256.059999999998
L,301.1,310.2,1657,34.1,52,0,9.099999999999966,56503.700000000004,0.020579360289680146,0.208,10577.82
L,300.9,311.4,2073,21.4,105,0,10.5,44362.2,0.010323203087313073,0.42,6663.959999999999
L,303.6,312.6,1606,33.6,184,0,9.0,53961.600000000006,0.020921544209215444,0.736,10503.36
L,300.7,310.3,1662,34.4,57,0,9.600000000000023,57172.799999999996,0.020697954271961493,0.228,10674.32
L,298.6,308.4,1310,59.7,40,0,9.799999999999955,78207.0,0.04557251908396947,0.16,18411.48
L,303.6,312.7,1429,47.7,198,0,9.099999999999966,68163.3,0.03337998600419874,0.792,14915.79
L,300.4,309.7,1384,45.1,159,0,9.300000000000011,62418.4,0.03258670520231214,0.636,13967.47
L,302.2,311.4,2080,19.2,31,0,9.199999999999989,39936.0,0.00923076923076923,0.124,5978.879999999999
M,297.9,308.8,1538,37.6,54,0,10.900000000000034,57828.8,0.02444733420026008,0.216,11610.880000000001
M,298.4,308.2,1463,37.6,188,0,9.800000000000011,55008.8,0.025700615174299387,0.752,11588.32
L,297.7,308.9,1575,39.9,12,0,11.199999999999989,62842.5,0.025333333333333333,0.048,12325.109999999999
L,303.5,312.8,1877,22.3,96,0,9.300000000000011,41857.1,0.01188066062866276,0.384,6975.4400000000005
L,299.6,309.2,1572,33.4,20,0,9.599999999999966,52504.799999999996,0.02124681933842239,0.08,10327.279999999999
H,302.0,309.9,1606,34.5,156,0,7.899999999999977,55407.0,0.021481942714819426,0.624,10691.55
M,297.6,308.1,1379,57.4,122,0,10.5,79154.59999999999,0.0416243654822335,0.488,17684.940000000002
H,300.7,311.3,1374,53.1,66,0,10.600000000000023,72959.40000000001,0.038646288209606985,0.264,16530.030000000002
H,298.0,308.7,1536,39.6,99,0,10.699999999999989,60825.600000000006,0.025781250000000002,0.396,12224.52
H,304.0,313.2,1517,43.1,96,0,9.199999999999989,65382.700000000004,0.02841133816743573,0.384,13498.92
L,303.4,311.7,1476,42.3,180,0,8.300000000000011,62434.799999999996,0.02865853658536585,0.72,13184.909999999998
M,301.2,312.4,1428,36.6,99,0,11.199999999999989,52264.8,0.02563025210084034,0.396,11433.84
L,301.9,310.6,1467,39.3,32,0,8.700000000000045,57653.1,0.02678936605316973,0.128,12206.58
L,301.4,310.6,1347,53.3,104,0,9.200000000000045,71795.09999999999,0.03956941351150705,0.416,16554.98
L,298.0,309.2,1527,39.5,85,0,11.199999999999989,60316.5,0.025867714472822528,0.34,12213.4
L,298.6,309.6,1533,40.7,106,0,11.0,62393.100000000006,0.02654924983692107,0.424,12600.720000000001
L,298.4,308.8,1458,40.1,111,0,10.400000000000034,58465.8,0.027503429355281207,0.444,12382.880000000001
L,302.2,311.4,1499,37.7,55,0,9.199999999999989,56512.3,0.02515010006671114,0.22,11739.78
H,297.7,308.3,1488,41.0,101,0,10.600000000000023,61008.0,0.027553763440860215,0.404,12640.300000000001
L,300.8,310.8,1407,45.1,51,0,10.0,63455.700000000004,0.03205401563610519,0.204,14017.080000000002
M,298.1,307.6,2066,19.2,150,0,9.5,39667.2,0.009293320425943852,0.6,5905.92
L,300.0,309.6,1738,28.7,51,0,9.600000000000023,49880.6,0.016513233601841197,0.204,8885.52
H,303.3,311.4,1692,27.9,55,0,8.099999999999966,47206.799999999996,0.01648936170212766,0.22,8688.06
H,296.7,307.5,1607,33.6,38,0,10.800000000000011,53995.200000000004,0.0209085252022402,0.152,10332.0
M,302.7,311.7,1784,25.1,177,0,9.0,44778.4,0.0140695067264574,0.708,7823.67
L,300.4,309.7,1584,32.6,71,0,9.300000000000011,51638.4,0.02058080808080808,0.284,10096.22
L,302.3,311.3,1614,34.1,129,0,9.0,55037.4,0.021127633209417598,0.516,10615.33
M,297.3,308.4,1686,34.5,97,0,11.099999999999966,58167.0,0.020462633451957295,0.388,10639.8
L,297.9,309.0,1379,47.3,28,0,11.100000000000023,65226.7,0.03430021754894851,0.112,14615.699999999999
L,297.0,307.9,1350,47.7,168,0,10.899999999999977,64395.00000000001,0.035333333333333335,0.672,14686.83
L,298.8,309.1,1350,52.5,111,0,10.300000000000011,70875.0,0.03888888888888889,0.444,16227.750000000002
L,298.2,307.6,1492,37.2,178,0,9.400000000000034,55502.4,0.024932975871313674,0.712,11442.720000000001
L,298.6,309.6,1390,50.3,196,0,11.0,69917.0,0.03618705035971223,0.784,15572.880000000001
M,302.1,310.9,1916,23.1,51,0,8.799999999999955,44259.600000000006,0.012056367432150314,0.204,7181.79
L,300.6,311.0,1563,40.7,87,0,10.399999999999977,63614.100000000006,0.026039667306461935,0.348,12657.7
H,302.4,310.9,1444,40.7,174,0,8.5,58770.8,0.02818559556786704,0.696,12653.63
M,297.9,309.0,2456,13.9,82,0,11.100000000000023,34138.4,0.005659609120521172,0.328,4295.1
M,298.6,309.0,1481,40.8,6,0,10.399999999999977,60424.799999999996,0.0275489534098582,0.024,12607.199999999999
L,302.0,309.8,1456,58.1,145,0,7.800000000000011,84593.6,0.03990384615384616,0.58,17999.38
L,300.2,310.0,1493,47.3,172,0,9.800000000000011,70618.9,0.031681178834561285,0.688,14663.0
M,297.3,308.8,1586,32.7,131,0,11.5,51862.200000000004,0.020617906683480455,0.524,10097.760000000002
L,297.4,308.6,1439,46.4,114,0,11.200000000000045,66769.59999999999,0.03224461431549687,0.456,14319.04
L,297.9,309.9,1472,45.0,183,0,12.0,66240.0,0.030570652173913044,0.732,13945.499999999998
L,297.4,308.6,1609,36.2,116,0,11.200000000000045,58245.8,0.02249844623990056,0.464,11171.320000000002
L,300.6,309.5,1471,49.6,29,0,8.899999999999977,72961.6,0.03371855880353501,0.116,15351.2
M,299.1,308.4,1332,51.7,71,0,9.299999999999955,68864.40000000001,0.03881381381381382,0.284,15944.279999999999
L,300.4,310.8,1348,56.0,146,0,10.400000000000034,75488.0,0.04154302670623145,0.584,17404.8
L,299.6,310.2,1473,42.7,81,0,10.599999999999966,62897.100000000006,0.028988458927359132,0.324,13245.54
L,300.8,311.3,1505,45.5,141,0,10.5,68477.5,0.030232558139534883,0.564,14164.15
L,303.8,312.7,1414,41.7,190,0,8.899999999999977,58963.8,0.029490806223479493,0.76,13039.59
L,300.6,310.0,1313,52.9,93,0,9.399999999999977,69457.7,0.04028941355674029,0.372,16399.0
L,301.0,312.1,1675,30.7,200,0,11.100000000000023,51422.5,0.018328358208955224,0.8,9581.470000000001
M,300.2,311.4,1450,38.5,68,0,11.199999999999989,55825.0,0.026551724137931033,0.272,11988.9
L,303.1,312.5,1453,49.1,140,0,9.399999999999977,71342.3,0.033792154163799035,0.56,15343.75
L,299.0,310.1,1505,41.3,85,0,11.100000000000023,62156.49999999999,0.027441860465116277,0.34,12807.13
M,300.8,310.4,1450,39.4,62,0,9.599999999999966,57130.0,0.027172413793103447,0.248,12229.759999999998
M,297.7,309.6,1596,35.2,173,0,11.900000000000034,56179.200000000004,0.02205513784461153,0.692,10897.920000000002
M,300.4,309.8,1356,44.4,136,0,9.400000000000034,60206.4,0.03274336283185841,0.544,13755.12
L,298.4,310.1,1455,42.2,94,0,11.700000000000045,61401.00000000001,0.02900343642611684,0.376,13086.220000000001
L,299.7,310.9,1491,40.1,195,0,11.199999999999989,59789.1,0.026894701542588866,0.78,12467.09
L,298.9,309.9,1404,39.8,62,0,11.0,55879.2,0.028347578347578346,0.248,12334.019999999999
L,300.7,311.1,2377,14.3,135,0,10.400000000000034,33991.1,0.006015986537652503,0.54,4448.7300000000005
M,302.1,311.3,1511,45.0,204,0,9.199999999999989,67995.0,0.029781601588352084,0.816,14008.5
M,297.9,309.6,1515,38.8,124,0,11.700000000000045,58781.99999999999,0.02561056105610561,0.496,12012.48
M,300.4,310.5,1644,31.4,41,0,10.100000000000023,51621.6,0.019099756690997567,0.164,9749.699999999999
L,300.0,309.8,1474,40.6,78,0,9.800000000000011,59844.4,0.027544097693351425,0.312,12577.880000000001
M,300.1,309.1,1533,38.0,26,0,9.0,58254.0,0.024787997390737115,0.104,11745.800000000001
L,303.5,312.0,1366,54.5,30,1,8.5,74447.0,0.039897510980966326,0.12,17004.0
L,301.8,310.8,1557,33.3,190,0,9.0,51848.1,0.02138728323699422,0.76,10349.64
L,299.7,310.3,1505,37.7,4,0,10.600000000000023,56738.50000000001,0.025049833887043193,0.016,11698.310000000001
L,303.7,313.0,1694,28.0,44,0,9.300000000000011,47432.0,0.01652892561983471,0.176,8764.0
L,300.3,311.8,1551,37.2,9,0,11.5,57697.200000000004,0.023984526112185687,0.036,11598.960000000001
L,302.1,310.8,1772,27.1,233,0,8.699999999999989,48021.200000000004,0.015293453724604967,0.932,8422.68
L,301.9,310.6,1331,68.6,85,1,8.700000000000045,91306.59999999999,0.05154019534184823,0.34,21307.16
L,301.0,311.0,1437,56.0,33,0,10.0,80472.0,0.03897007654836465,0.132,17416.0
M,297.5,308.9,1535,37.7,12,0,11.399999999999977,57869.50000000001,0.02456026058631922,0.048,11645.53
L,297.5,308.5,1373,39.9,110,0,11.0,54782.7,0.029060451565914056,0.44,12309.15
L,301.5,311.1,1731,27.9,101,0,9.600000000000023,48294.899999999994,0.01611785095320624,0.404,8679.69
M,302.8,312.3,1262,70.5,234,1,9.5,88971.0,0.05586370839936609,0.936,22017.15
L,297.5,308.4,1528,39.9,160,0,10.899999999999977,60967.2,0.026112565445026176,0.64,12305.159999999998
L,301.4,310.8,1362,53.2,4,0,9.400000000000034,72458.40000000001,0.03906020558002937,0.016,16534.56
L,302.5,310.9,1330,56.9,97,1,8.399999999999977,75677.0,0.042781954887218046,0.388,17690.21
L,298.0,309.6,1633,34.8,41,0,11.600000000000023,56828.399999999994,0.021310471524800978,0.164,10774.08
M,300.7,310.1,1483,40.2,162,0,9.400000000000034,59616.600000000006,0.02710721510451787,0.648,12466.020000000002
H,303.8,312.9,1378,45.6,184,0,9.099999999999966,62836.8,0.03309143686502177,0.736,14268.24
H,299.1,310.4,1369,54.5,104,0,11.299999999999955,74610.5,0.03981008035062089,0.416,16916.8
L,300.3,309.9,1540,39.9,203,0,9.599999999999966,61446.0,0.02590909090909091,0.812,12365.009999999998
L,303.9,312.7,1528,38.4,177,0,8.800000000000011,58675.2,0.02513089005235602,0.708,12007.679999999998
M,300.5,309.7,1341,50.9,137,0,9.199999999999989,68256.9,0.03795674869500373,0.548,15763.73
M,299.3,310.9,1826,25.1,2,0,11.599999999999966,45832.600000000006,0.013745892661555313,0.008,7803.59
L,298.3,308.0,1486,42.3,86,0,9.699999999999989,62857.799999999996,0.028465679676985194,0.344,13028.4
L,299.1,310.2,1695,29.6,8,0,11.099999999999966,50172.0,0.01746312684365782,0.032,9181.92
M,300.3,309.4,1612,33.1,150,0,9.099999999999966,53357.200000000004,0.020533498759305213,0.6,10241.14
L,302.4,311.8,1384,50.9,99,0,9.400000000000034,70445.59999999999,0.03677745664739884,0.396,15870.62
L,298.1,309.5,1467,41.8,48,0,11.399999999999977,61320.6,0.028493524199045668,0.192,12937.099999999999
L,300.6,312.0,1566,30.1,128,0,11.399999999999977,47136.600000000006,0.01922094508301405,0.512,9391.2
H,300.5,311.7,1454,50.3,175,0,11.199999999999989,73136.2,0.03459422283356258,0.7,15678.509999999998
L,296.8,307.6,1304,48.7,142,0,10.800000000000011,63504.8,0.037346625766871165,0.568,14980.120000000003
M,297.3,308.3,1595,32.2,29,0,11.0,51359.00000000001,0.020188087774294674,0.116,9927.260000000002
L,299.2,310.3,1429,40.1,23,0,11.100000000000023,57302.9,0.028061581525542337,0.092,12443.03
L,303.6,312.9,1588,31.9,53,0,9.299999999999955,50657.2,0.02008816120906801,0.212,9981.509999999998
L,303.9,313.2,1481,40.0,100,0,9.300000000000011,59240.0,0.02700877785280216,0.4,12528.0
H,298.9,310.2,1532,37.7,166,0,11.300000000000011,57756.4,0.024608355091383812,0.664,11694.54
L,297.4,308.5,1295,52.1,130,0,11.100000000000023,67469.5,0.040231660231660235,0.52,16072.85
L,302.2,310.8,1383,46.9,45,0,8.600000000000023,64862.7,0.0339117859725235,0.18,14576.52
M,301.9,310.9,1763,28.4,103,0,9.0,50069.2,0.016108905275099263,0.412,8829.56
M,297.7,309.0,1504,40.4,35,0,11.300000000000011,60761.6,0.026861702127659575,0.14,12483.6
L,298.6,309.3,1702,27.6,143,0,10.699999999999989,46975.200000000004,0.016216216216216217,0.572,8536.68
L,297.8,308.4,1518,32.5,190,0,10.599999999999966,49335.0,0.021409749670619236,0.76,10023.0
L,300.5,310.6,1499,45.2,8,0,10.100000000000023,67754.8,0.03015343562374917,0.032,14039.120000000003
M,301.4,310.6,1565,36.1,110,0,9.200000000000045,56496.5,0.02306709265175719,0.44,11212.660000000002
L,297.5,308.6,1452,39.0,72,0,11.100000000000023,56628.0,0.026859504132231406,0.288,12035.400000000001
L,301.9,310.4,1610,34.8,71,0,8.5,56027.99999999999,0.021614906832298136,0.284,10801.919999999998
M,299.9,311.2,1579,35.5,162,0,11.300000000000011,56054.5,0.022482583913869536,0.648,11047.6
L,297.6,309.1,1449,49.1,174,0,11.5,71145.90000000001,0.03388543823326432,0.696,15176.810000000001
M,303.6,312.8,2659,11.4,26,1,9.199999999999989,30312.600000000002,0.0042873260624294845,0.104,3565.92
H,298.9,310.6,1519,38.8,213,0,11.700000000000045,58937.2,0.02554312047399605,0.852,12051.28
L,300.6,311.7,1734,29.9,72,0,11.099999999999966,51846.6,0.017243367935409457,0.288,9319.83
L,297.2,308.0,1869,25.4,163,0,10.800000000000011,47472.6,0.01359015516318887,0.652,7823.2
M,300.5,310.2,1571,34.6,228,0,9.699999999999989,54356.600000000006,0.02202418841502228,0.912,10732.92
L,298.4,309.1,1467,42.5,139,0,10.700000000000045,62347.5,0.028970688479890934,0.556,13136.750000000002
M,300.7,310.6,2006,19.1,102,0,9.900000000000034,38314.600000000006,0.009521435692921238,0.408,5932.460000000001
L,299.8,310.2,1911,23.5,166,0,10.399999999999977,44908.5,0.012297226582940869,0.664,7289.7
L,298.4,308.2,1850,27.0,194,0,9.800000000000011,49950.0,0.014594594594594595,0.776,8321.4
M,299.6,310.2,1620,30.0,70,0,10.599999999999966,48600.0,0.018518518518518517,0.28,9306.0
L,302.4,310.4,1521,38.5,142,0,8.0,58558.5,0.025312294543063774,0.568,11950.4
L,295.5,306.0,1456,39.2,167,0,10.5,57075.200000000004,0.026923076923076925,0.668,11995.2
L,297.6,308.6,1415,47.3,169,0,11.0,66929.5,0.03342756183745583,0.676,14596.78
L,299.2,308.4,1509,39.4,0,0,9.199999999999989,59454.6,0.026110006626905234,0.0,12150.96
M,301.8,310.7,1429,47.9,53,0,8.899999999999977,68449.09999999999,0.03351994401679496,0.212,14882.529999999999
M,303.6,312.7,1765,27.5,115,0,9.099999999999966,48537.5,0.015580736543909348,0.46,8599.25
L,302.6,311.5,1442,59.8,169,1,8.899999999999977,86231.59999999999,0.04147018030513176,0.676,18627.7
L,301.4,310.5,1571,33.9,208,0,9.100000000000023,53256.899999999994,0.021578612348822405,0.832,10525.949999999999
L,297.3,308.0,1447,49.0,61,0,10.699999999999989,70903.0,0.033863165169315826,0.244,15092.0
L,302.3,311.5,1507,37.5,55,0,9.199999999999989,56512.5,0.02488387524883875,0.22,11681.25
L,300.5,310.5,1695,26.7,28,0,10.0,45256.5,0.01575221238938053,0.112,8290.35
L,301.0,310.9,1492,36.7,199,0,9.899999999999977,54756.4,0.024597855227882038,0.796,11410.03
M,301.3,311.1,1678,30.7,34,0,9.800000000000011,51514.6,0.01829558998808105,0.136,9550.77
L,301.5,310.6,1565,43.9,142,0,9.100000000000023,68703.5,0.02805111821086262,0.568,13635.34
L,299.9,309.6,1294,49.7,126,0,9.700000000000045,64311.8,0.0384080370942813,0.504,15387.120000000003
L,301.7,309.9,1607,37.7,93,0,8.199999999999989,60583.9,0.02345986309894213,0.372,11683.23
L,297.2,308.3,1419,39.7,115,0,11.100000000000023,56334.3,0.027977448907681467,0.46,12239.510000000002
L,300.7,311.2,1878,24.3,24,0,10.5,45635.4,0.01293929712460064,0.096,7562.16
L,297.9,308.0,1490,46.2,6,0,10.100000000000023,68838.0,0.031006711409395975,0.024,14229.6
M,297.4,308.5,1638,32.2,84,0,11.100000000000023,52743.600000000006,0.01965811965811966,0.336,9933.7
L,300.2,309.7,1275,60.7,15,0,9.5,77392.5,0.047607843137254906,0.06,18798.79
L,298.0,307.8,1622,33.3,121,0,9.800000000000011,54012.6,0.020530209617755854,0.484,10249.74
L,301.7,310.2,1435,48.1,12,0,8.5,69023.5,0.033519163763066205,0.048,14920.62
L,301.3,311.3,1509,42.5,213,0,10.0,64132.5,0.028164347249834326,0.852,13230.25
M,302.3,311.9,1508,42.3,159,0,9.599999999999966,63788.399999999994,0.028050397877984082,0.636,13193.369999999999
L,300.8,310.8,1564,36.2,31,0,10.0,56616.8,0.023145780051150897,0.124,11250.960000000001
M,298.2,308.9,1614,35.5,15,0,10.699999999999989,57297.0,0.021995043370508054,0.06,10965.949999999999
L,298.8,310.3,1553,36.8,97,0,11.5,57150.399999999994,0.02369607211848036,0.388,11419.039999999999
L,298.7,309.7,1393,45.7,99,0,11.0,63660.100000000006,0.032806891600861456,0.396,14153.29
M,300.4,311.7,1555,38.7,5,0,11.300000000000011,60178.50000000001,0.024887459807073957,0.02,12062.79
L,298.6,309.3,1537,37.6,175,0,10.699999999999989,57791.200000000004,0.024463240078074173,0.7,11629.68
L,300.7,311.9,1399,50.2,222,1,11.199999999999989,70229.8,0.035882773409578274,0.888,15657.38
M,299.9,309.5,1412,57.9,59,0,9.600000000000023,81754.8,0.041005665722379604,0.236,17920.05
M,298.0,309.0,1439,38.5,34,0,11.0,55401.5,0.026754690757470466,0.136,11896.5
L,302.2,310.9,1506,34.0,49,0,8.699999999999989,51204.0,0.02257636122177955,0.196,10570.599999999999
M,297.6,309.6,1592,35.8,57,0,12.0,56993.6,0.022487437185929646,0.228,11083.68
M,297.8,309.3,2243,15.7,36,0,11.5,35215.1,0.006999554168524298,0.144,4856.01
M,298.1,307.9,1569,37.0,29,0,9.799999999999955,58053.0,0.023581899298916506,0.116,11392.3
M,296.8,307.5,1516,36.7,135,0,10.699999999999989,55637.200000000004,0.024208443271767813,0.54,11285.25
L,298.0,308.7,1268,69.4,189,1,10.699999999999989,87999.20000000001,0.05473186119873817,0.756,21423.780000000002
L,298.2,309.0,1780,29.3,91,0,10.800000000000011,52154.0,0.01646067415730337,0.364,9053.7
L,302.8,312.1,1958,20.3,56,0,9.300000000000011,39747.4,0.010367722165474975,0.224,6335.630000000001
L,298.8,309.8,1557,37.2,139,0,11.0,57920.4,0.02389210019267823,0.556,11524.560000000001
L,303.5,312.4,1481,43.7,20,0,8.899999999999977,64719.700000000004,0.029507089804186364,0.08,13651.88
L,298.5,309.3,1471,44.7,119,0,10.800000000000011,65753.7,0.030387491502379335,0.476,13825.710000000001
L,298.6,308.2,1390,51.4,168,0,9.599999999999966,71446.0,0.03697841726618705,0.672,15841.48
M,301.2,310.7,1962,22.5,28,0,9.5,44145.0,0.011467889908256881,0.112,6990.75
L,300.6,311.8,1501,44.8,226,0,11.199999999999989,67244.8,0.02984676882078614,0.904,13968.64
M,302.3,311.7,1685,30.8,130,0,9.399999999999977,51898.0,0.01827893175074184,0.52,9600.36
L,301.0,311.2,1511,42.9,26,0,10.199999999999989,64821.9,0.028391793514228988,0.104,13350.48
M,296.9,308.4,1450,46.9,186,0,11.5,68005.0,0.032344827586206895,0.744,14463.96
L,298.5,309.7,1437,42.6,120,0,11.199999999999989,61216.200000000004,0.029645093945720253,0.48,13193.22
L,303.1,311.2,1435,40.1,219,0,8.099999999999966,57543.5,0.02794425087108014,0.876,12479.12
L,298.9,310.1,1602,38.2,58,0,11.200000000000045,61196.4,0.02384519350811486,0.232,11845.820000000002
M,300.8,309.7,1751,27.9,183,0,8.899999999999977,48852.899999999994,0.01593375214163335,0.732,8640.63
L,298.5,309.5,1548,44.5,132,0,11.0,68886.0,0.028746770025839793,0.528,13772.75
M,300.4,309.6,1675,35.5,164,0,9.200000000000045,59462.5,0.021194029850746268,0.656,10990.800000000001
L,301.7,311.1,1644,32.8,206,0,9.400000000000034,53923.2,0.01995133819951338,0.824,10204.08
M,303.3,312.6,1397,47.1,137,0,9.300000000000011,65798.7,0.03371510379384395,0.548,14723.460000000001
L,303.4,311.9,1298,63.9,59,1,8.5,82942.2,0.049229583975346686,0.236,19930.41
H,297.2,308.6,1486,46.6,98,0,11.400000000000034,69247.6,0.03135935397039031,0.392,14380.760000000002
M,302.6,310.4,1544,35.1,25,0,7.7999999999999545,54194.4,0.02273316062176166,0.1,10895.039999999999
M,302.0,310.4,1595,32.9,135,0,8.399999999999977,52475.5,0.0206269592476489,0.54,10212.159999999998
M,295.8,306.4,1335,51.7,69,0,10.599999999999966,69019.5,0.038726591760299627,0.276,15840.88
H,297.6,308.6,1463,46.7,85,0,11.0,68322.1,0.031920710868079294,0.34,14411.620000000003
L,299.7,311.0,1983,21.0,201,0,11.300000000000011,41643.0,0.01059001512859304,0.804,6531.0
M,300.6,311.4,1468,40.4,55,0,10.799999999999955,59307.2,0.027520435967302453,0.22,12580.56
M,303.4,311.8,1391,42.7,197,0,8.400000000000034,59395.700000000004,0.030697340043134437,0.788,13313.86
M,302.6,310.5,1524,33.7,204,0,7.899999999999977,51358.8,0.022112860892388453,0.816,10463.85
L,304.0,312.8,1542,42.7,198,0,8.800000000000011,65843.40000000001,0.027691309987029834,0.792,13356.560000000001
L,295.6,306.2,1287,54.8,49,0,10.599999999999966,70527.59999999999,0.04257964257964258,0.196,16779.76
L,298.4,310.1,1533,35.2,92,0,11.700000000000045,53961.600000000006,0.022961513372472278,0.368,10915.520000000002
H,302.8,312.5,1422,46.1,4,0,9.699999999999989,65554.2,0.03241912798874824,0.016,14406.25
L,298.2,309.4,1398,52.9,79,0,11.199999999999989,73954.2,0.037839771101573674,0.316,16367.259999999998
L,300.3,311.1,1676,28.6,158,0,10.800000000000011,47933.600000000006,0.017064439140811457,0.632,8897.460000000001
L,298.1,310.0,1553,40.9,49,0,11.899999999999977,63517.7,0.026336123631680617,0.196,12679.0
M,299.3,308.4,1542,37.5,203,1,9.099999999999966,57825.0,0.024319066147859923,0.812,11565.0
L,298.0,308.8,1496,44.9,179,0,10.800000000000011,67170.4,0.03001336898395722,0.716,13865.12
L,301.5,310.5,1396,44.5,117,0,9.0,62122.0,0.03187679083094556,0.468,13817.25
L,299.8,310.5,1496,38.8,215,0,10.699999999999989,58044.799999999996,0.025935828877005344,0.86,12047.4
L,298.3,310.1,1523,45.9,99,0,11.800000000000011,69905.7,0.030137885751805645,0.396,14233.59
L,298.2,308.8,1442,47.0,18,0,10.600000000000023,67774.0,0.03259361997226075,0.072,14513.6
M,301.4,311.2,1476,36.5,25,0,9.800000000000011,53874.0,0.0247289972899729,0.1,11358.8
M,297.2,308.3,1431,43.7,46,0,11.100000000000023,62534.700000000004,0.030538085255066388,0.184,13472.710000000001
H,296.8,308.1,1492,43.7,222,0,11.300000000000011,65200.4,0.029289544235924937,0.888,13463.970000000001
M,303.5,312.5,1353,51.0,172,0,9.0,69003.0,0.037694013303769404,0.688,15937.5
H,298.2,309.0,1524,39.1,100,0,10.800000000000011,59588.4,0.025656167979002626,0.4,12081.9
M,299.5,311.0,1451,43.3,136,0,11.5,62828.299999999996,0.029841488628532045,0.544,13466.3
L,300.8,310.8,1486,45.7,146,0,10.0,67910.2,0.03075370121130552,0.584,14203.560000000001
L,297.9,309.0,1502,40.2,30,0,11.100000000000023,60380.4,0.026764314247669774,0.12,12421.800000000001
H,298.1,309.9,1686,29.1,60,0,11.799999999999955,49062.600000000006,0.01725978647686833,0.24,9018.09
L,299.2,309.1,1605,34.3,107,0,9.900000000000034,55051.49999999999,0.021370716510903425,0.428,10602.13
M,301.8,310.3,1465,46.5,60,0,8.5,68122.5,0.03174061433447099,0.24,14428.95
M,297.4,308.8,1573,33.9,123,0,11.400000000000034,53324.7,0.021551176096630643,0.492,10468.32
L,299.6,309.3,1558,34.8,115,0,9.699999999999989,54218.399999999994,0.022336328626444156,0.46,10763.64
M,300.7,309.5,1439,43.8,41,0,8.800000000000011,63028.2,0.030437804030576786,0.164,13556.099999999999
L,300.7,312.3,1420,53.8,67,0,11.600000000000023,76396.0,0.03788732394366197,0.268,16801.739999999998
H,300.5,311.6,1476,41.7,97,0,11.100000000000023,61549.200000000004,0.028252032520325206,0.388,12993.720000000001
L,303.9,313.1,1310,62.9,130,0,9.200000000000045,82399.0,0.048015267175572515,0.52,19693.99
L,303.5,312.9,1504,44.8,111,0,9.399999999999977,67379.2,0.02978723404255319,0.444,14017.919999999998
L,303.5,312.9,1501,44.0,128,0,9.399999999999977,66044.0,0.029313790806129246,0.512,13767.599999999999
H,299.8,310.2,1573,33.3,168,0,10.399999999999977,52380.899999999994,0.021169739351557533,0.672,10329.659999999998
L,301.2,311.0,1573,32.8,57,0,9.800000000000011,51594.399999999994,0.020851875397329942,0.228,10200.8
M,296.4,307.5,1684,31.4,72,0,11.100000000000023,52877.6,0.01864608076009501,0.288,9655.5
M,298.2,308.9,1326,54.4,75,0,10.699999999999989,72134.4,0.041025641025641026,0.3,16804.16
L,297.7,308.7,1474,46.8,188,0,11.0,68983.2,0.03175033921302578,0.752,14447.159999999998
L,299.8,309.1,1612,35.4,205,0,9.300000000000011,57064.799999999996,0.02196029776674938,0.82,10942.140000000001
H,301.1,310.0,1470,40.1,23,0,8.899999999999977,58947.0,0.027278911564625852,0.092,12431.0
M,298.5,309.5,1483,44.8,92,0,11.0,66438.4,0.03020903573836817,0.368,13865.599999999999
M,300.1,310.4,1480,37.1,77,0,10.299999999999955,54908.0,0.025067567567567568,0.308,11515.84
L,297.3,308.5,1497,47.5,27,0,11.199999999999989,71107.5,0.03173012692050768,0.108,14653.75
L,303.6,311.8,1736,32.9,99,0,8.199999999999989,57114.399999999994,0.018951612903225806,0.396,10258.22
M,298.9,309.8,1947,21.7,105,0,10.900000000000034,42249.9,0.011145351823317926,0.42,6722.66
M,297.5,308.5,1612,30.0,163,0,11.0,48360.0,0.018610421836228287,0.652,9255.0
L,302.3,311.5,1565,35.6,41,0,9.199999999999989,55714.0,0.022747603833865815,0.164,11089.4
L,298.1,308.1,1616,32.8,65,0,10.0,53004.799999999996,0.020297029702970294,0.26,10105.68
L,299.7,309.2,1620,30.0,168,0,9.5,48600.0,0.018518518518518517,0.672,9276.0
M,298.3,309.0,1505,41.3,93,0,10.699999999999989,62156.49999999999,0.027441860465116277,0.372,12761.699999999999
L,301.3,310.1,1531,41.6,9,0,8.800000000000011,63689.6,0.027171783148269107,0.036,12900.160000000002
L,300.1,311.6,1530,36.6,74,0,11.5,55998.0,0.02392156862745098,0.296,11404.560000000001
L,298.3,308.4,1593,37.0,174,0,10.099999999999966,58941.0,0.02322661644695543,0.696,11410.8
H,303.9,313.0,1517,36.0,142,0,9.100000000000023,54612.0,0.023731048121292023,0.568,11268.0
L,300.2,310.3,1514,38.7,48,0,10.100000000000023,58591.8,0.025561426684280054,0.192,12008.61
L,299.3,308.5,1772,26.1,52,0,9.199999999999989,46249.200000000004,0.014729119638826185,0.208,8051.85
M,299.5,310.7,1488,39.5,95,0,11.199999999999989,58776.0,0.026545698924731184,0.38,12272.65
L,300.7,311.3,1522,35.2,48,0,10.600000000000023,53574.4,0.023127463863337715,0.192,10957.760000000002
L,301.5,311.1,1459,45.1,97,0,9.600000000000023,65800.90000000001,0.030911583276216587,0.388,14030.61
H,300.8,310.5,1582,31.1,193,0,9.699999999999989,49200.200000000004,0.01965865992414665,0.772,9656.550000000001
L,298.9,309.6,1589,34.2,197,0,10.700000000000045,54343.8,0.021522970421648836,0.788,10588.320000000002
L,300.4,310.2,1529,36.2,10,0,9.800000000000011,55349.8,0.023675604970569,0.04,11229.24
L,298.5,309.5,1370,52.4,113,0,11.0,71788.0,0.038248175182481754,0.452,16217.8
M,298.0,309.1,1574,34.8,40,0,11.100000000000023,54775.2,0.022109275730622616,0.16,10756.68
L,298.0,309.2,1731,28.7,38,0,11.199999999999989,49679.7,0.01658001155401502,0.152,8874.039999999999
M,298.5,309.6,1441,48.2,107,0,11.100000000000023,69456.2,0.03344899375433727,0.428,14922.720000000001
M,299.8,309.7,1320,61.7,134,0,9.899999999999977,81444.0,0.046742424242424245,0.536,19108.49
L,298.0,308.7,1771,26.2,206,0,10.699999999999989,46400.2,0.014793901750423489,0.824,8087.94
M,297.4,308.6,1469,42.6,80,0,11.200000000000045,62579.4,0.028999319264805992,0.32,13146.36
L,298.6,308.3,1422,40.4,179,0,9.699999999999989,57448.799999999996,0.02841068917018284,0.716,12455.32
L,301.0,310.5,1429,39.4,98,0,9.5,56302.6,0.027571728481455563,0.392,12233.699999999999
M,300.8,310.3,1868,24.5,95,0,9.5,45766.0,0.013115631691648822,0.38,7602.35
L,301.2,310.3,1548,38.6,59,0,9.100000000000023,59752.8,0.024935400516795866,0.236,11977.580000000002
M,302.2,311.4,1626,31.6,62,0,9.199999999999989,51381.600000000006,0.01943419434194342,0.248,9840.24
L,296.9,307.6,1435,45.0,119,0,10.700000000000045,64575.0,0.0313588850174216,0.476,13842.000000000002
H,298.3,309.2,1486,42.4,16,0,10.899999999999977,63006.4,0.028532974427994615,0.064,13110.08
L,298.8,309.7,1740,28.5,152,0,10.899999999999977,49590.0,0.016379310344827588,0.608,8826.449999999999
H,298.9,309.7,1407,48.6,161,0,10.800000000000011,68380.2,0.034541577825159916,0.644,15051.42
H,297.7,307.1,1855,22.5,7,0,9.400000000000034,41737.5,0.012129380053908356,0.028,6909.750000000001
M,297.8,309.8,1798,25.5,203,0,12.0,45849.0,0.01418242491657397,0.812,7899.900000000001
M,298.2,308.0,1969,21.7,32,0,9.800000000000011,42727.299999999996,0.011020822752666328,0.128,6683.599999999999
M,299.3,308.4,1468,42.2,83,0,9.099999999999966,61949.600000000006,0.028746594005449592,0.332,13014.48
H,301.3,311.0,1580,36.6,184,0,9.699999999999989,57828.0,0.023164556962025316,0.736,11382.6
M,298.9,308.6,1524,40.4,131,0,9.700000000000045,61569.6,0.026509186351706036,0.524,12467.44
L,300.3,310.2,1369,48.8,36,0,9.899999999999977,66807.2,0.035646457268078885,0.144,15137.759999999998
L,299.8,309.3,1299,65.1,212,1,9.5,84564.9,0.05011547344110854,0.848,20135.43
M,300.5,311.2,1551,36.6,205,0,10.699999999999989,56766.600000000006,0.023597678916827854,0.82,11389.92
L,303.0,312.3,1486,42.4,112,0,9.300000000000011,63006.4,0.028532974427994615,0.448,13241.52
M,300.9,311.8,1843,24.5,25,0,10.900000000000034,45153.5,0.013293543136190992,0.1,7639.1
M,304.0,313.3,1844,27.1,88,0,9.300000000000011,49972.4,0.014696312364425163,0.352,8490.43
L,300.7,312.0,1401,51.1,50,0,11.300000000000011,71591.1,0.036473947180585296,0.2,15943.2
L,303.0,311.2,1735,26.1,194,0,8.199999999999989,45283.5,0.015043227665706052,0.776,8122.32
L,300.6,311.5,1459,47.0,63,0,10.899999999999977,68573.0,0.03221384509938314,0.252,14640.5
M,299.5,309.3,1506,41.5,77,0,9.800000000000011,62499.0,0.02755644090305445,0.308,12835.95
L,301.8,310.6,2672,11.8,124,1,8.800000000000011,31529.600000000002,0.004416167664670659,0.496,3665.0800000000004
L,300.5,312.0,1478,39.0,153,0,11.5,57642.0,0.02638700947225981,0.612,12168.0
M,301.3,311.0,1402,47.5,197,0,9.699999999999989,66595.0,0.033880171184022825,0.788,14772.5
M,297.5,308.5,1401,50.5,6,0,11.0,70750.5,0.036045681655960025,0.024,15579.25
L,301.5,311.2,1700,28.8,39,0,9.699999999999989,48960.0,0.016941176470588237,0.156,8962.56
M,300.7,311.1,1373,49.9,96,0,10.400000000000034,68512.7,0.03634377276037873,0.384,15523.890000000001
M,301.5,310.7,1460,38.6,14,0,9.199999999999989,56356.0,0.026438356164383562,0.056,11993.02
L,298.8,309.7,1751,29.6,160,0,10.899999999999977,51829.600000000006,0.01690462592804112,0.64,9167.12
L,297.8,308.7,1404,44.2,62,0,10.899999999999977,62056.8,0.031481481481481485,0.248,13644.54
M,300.0,309.7,1652,28.6,112,0,9.699999999999989,47247.200000000004,0.017312348668280873,0.448,8857.42
M,300.4,310.0,1560,42.3,186,0,9.600000000000023,65988.0,0.027115384615384614,0.744,13113.0
H,297.5,308.5,1557,39.1,47,0,11.0,60878.700000000004,0.025112395632626846,0.188,12062.35
L,300.5,310.2,1764,25.9,27,0,9.699999999999989,45687.6,0.014682539682539682,0.108,8034.179999999999
L,303.4,311.5,1424,50.8,128,0,8.100000000000023,72339.2,0.035674157303370785,0.512,15824.199999999999
L,298.9,310.1,1580,37.3,100,0,11.200000000000045,58933.99999999999,0.02360759493670886,0.4,11566.73
L,302.4,310.1,1429,43.7,104,0,7.7000000000000455,62447.3,0.030580825752274318,0.416,13551.370000000003
L,298.3,308.4,1484,43.4,172,0,10.099999999999966,64405.6,0.029245283018867925,0.688,13384.559999999998
M,302.4,311.8,1358,50.6,133,0,9.400000000000034,68714.8,0.03726067746686303,0.532,15777.080000000002
L,302.4,311.5,1590,39.9,58,0,9.100000000000023,63441.0,0.025094339622641508,0.232,12428.85
M,303.1,311.1,1594,35.5,13,0,8.0,56587.0,0.022271016311166875,0.052,11044.050000000001
H,297.4,307.9,1390,52.0,131,0,10.5,72280.0,0.03741007194244604,0.524,16010.8
H,297.4,309.0,1468,41.4,156,0,11.600000000000023,60775.2,0.028201634877384196,0.624,12792.6
M,300.0,309.6,1618,36.2,53,0,9.600000000000023,58571.600000000006,0.022373300370828186,0.212,11207.520000000002
L,302.4,311.9,1671,29.9,204,0,9.5,49962.899999999994,0.01789347695990425,0.816,9325.81
L,303.9,313.0,1626,31.4,209,0,9.100000000000023,51056.399999999994,0.019311193111931118,0.836,9828.199999999999
L,302.6,310.4,1514,42.7,75,0,7.7999999999999545,64647.8,0.02820343461030383,0.3,13254.08
H,300.4,311.2,1489,45.3,180,0,10.800000000000011,67451.7,0.030423102753525853,0.72,14097.359999999999
M,302.6,312.2,1353,56.5,168,0,9.599999999999966,76444.5,0.0417590539541759,0.672,17639.3
H,298.7,308.4,1432,42.8,197,0,9.699999999999989,61289.6,0.02988826815642458,0.788,13199.519999999999
M,296.7,307.8,1258,69.0,105,1,11.100000000000023,86802.0,0.054848966613672494,0.42,21238.2
H,299.0,308.8,1382,58.5,199,0,9.800000000000011,80847.0,0.04232995658465991,0.796,18064.8
L,299.7,309.6,1359,50.7,161,0,9.900000000000034,68901.3,0.03730684326710817,0.644,15696.720000000001
M,299.6,310.1,1455,46.1,76,0,10.5,67075.5,0.03168384879725086,0.304,14295.61
M,302.4,311.1,1887,22.4,197,0,8.700000000000045,42268.799999999996,0.0118706942236354,0.788,6968.64
M,299.2,310.4,1325,52.0,34,0,11.199999999999989,68900.0,0.03924528301886793,0.136,16140.8
M,299.1,310.6,1449,43.2,80,0,11.5,62596.8,0.029813664596273295,0.32,13417.920000000002
L,302.9,312.2,1729,23.6,96,0,9.300000000000011,40804.4,0.013649508386350493,0.384,7367.92
L,303.5,312.1,1674,30.8,0,0,8.600000000000023,51559.200000000004,0.018399044205495818,0.0,9612.68
L,298.9,310.2,1362,53.0,185,0,11.300000000000011,72186.0,0.038913362701908955,0.74,16440.6
L,300.3,309.2,1650,35.2,196,0,8.899999999999977,58080.00000000001,0.021333333333333336,0.784,10883.84
L,302.8,312.2,1509,36.5,52,0,9.399999999999977,55078.5,0.024188204108681246,0.208,11395.3
L,299.2,308.5,1438,46.6,63,0,9.300000000000011,67010.8,0.03240611961057024,0.252,14376.1
L,296.2,307.3,1881,24.3,40,0,11.100000000000023,45708.3,0.01291866028708134,0.16,7467.39
L,298.5,309.3,1623,33.1,109,0,10.800000000000011,53721.3,0.0203943314849045,0.436,10237.83
M,303.8,312.4,1597,33.4,203,0,8.599999999999966,53339.799999999996,0.020914214151534126,0.812,10434.159999999998
L,300.1,309.1,1400,46.7,77,0,9.0,65380.00000000001,0.033357142857142856,0.308,14434.970000000001
L,297.5,308.2,1647,31.3,3,0,10.699999999999989,51551.1,0.019004250151791136,0.012,9646.66
L,295.5,306.0,1597,37.2,16,0,10.5,59408.4,0.02329367564182843,0.064,11383.2
L,299.5,308.8,1965,20.4,164,0,9.300000000000011,40086.0,0.010381679389312976,0.656,6299.5199999999995
M,298.8,309.7,1589,35.3,149,0,10.899999999999977,56091.7,0.022215229704216487,0.596,10932.409999999998
L,297.9,308.4,1646,40.6,175,0,10.5,66827.6,0.024665856622114218,0.7,12521.039999999999
L,299.2,308.5,1821,26.1,69,0,9.300000000000011,47528.100000000006,0.014332784184514004,0.276,8051.85
L,302.8,310.9,1636,35.0,38,0,8.099999999999966,57260.0,0.021393643031784843,0.152,10881.5
M,300.7,310.8,1469,46.4,75,0,10.100000000000023,68161.59999999999,0.031586113002042206,0.3,14421.12
H,302.7,312.0,1484,41.5,65,0,9.300000000000011,61586.0,0.027964959568733155,0.26,12948.0
L,298.9,310.1,1361,51.7,192,0,11.200000000000045,70363.7,0.037986774430565765,0.768,16032.170000000002
L,304.0,313.2,1632,30.6,121,0,9.199999999999989,49939.200000000004,0.01875,0.484,9583.92
L,303.5,312.5,1457,46.4,168,0,9.0,67604.8,0.03184625943719972,0.672,14500.0
H,300.3,309.7,1582,30.8,144,0,9.399999999999977,48725.6,0.019469026548672566,0.576,9538.76
L,298.9,308.6,1771,24.1,213,0,9.700000000000045,42681.100000000006,0.013608130999435348,0.852,7437.260000000001
L,297.2,308.4,1460,42.1,41,0,11.199999999999989,61466.0,0.028835616438356165,0.164,12983.64
H,299.7,309.2,1302,55.5,87,0,9.5,72261.0,0.04262672811059908,0.348,17160.6
L,301.3,310.9,1596,33.9,157,0,9.599999999999966,54104.399999999994,0.021240601503759397,0.628,10539.509999999998
L,298.4,308.9,1706,29.5,107,0,10.5,50327.0,0.017291910902696366,0.428,9112.55
M,301.5,311.1,1402,40.0,94,0,9.600000000000023,56080.0,0.028530670470756064,0.376,12444.0
L,297.9,309.0,1382,43.9,116,0,11.100000000000023,60669.799999999996,0.03176555716353111,0.464,13565.1
M,297.2,308.5,1353,46.5,185,0,11.300000000000011,62914.5,0.03436807095343681,0.74,14345.25
L,302.5,312.0,1411,44.2,177,0,9.5,62366.200000000004,0.03132530120481928,0.708,13790.400000000001
H,298.2,308.8,1436,51.9,153,0,10.600000000000023,74528.4,0.03614206128133705,0.612,16026.72
L,298.9,309.5,1645,31.1,169,0,10.600000000000023,51159.5,0.018905775075987844,0.676,9625.45
M,303.2,311.2,1688,31.9,33,0,8.0,53847.2,0.018898104265402844,0.132,9927.279999999999
L,300.5,311.9,1431,49.4,37,0,11.399999999999977,70691.4,0.034521313766596784,0.148,15407.859999999999
L,297.9,307.8,1397,45.0,104,0,9.900000000000034,62865.0,0.03221188260558339,0.416,13851.0
L,301.7,309.9,1317,49.0,187,1,8.199999999999989,64533.0,0.03720577069096431,0.748,15185.099999999999
L,299.1,310.5,1419,48.8,76,0,11.399999999999977,69247.2,0.03439041578576462,0.304,15152.4
M,298.1,308.0,1924,20.8,29,0,9.899999999999977,40019.200000000004,0.010810810810810811,0.116,6406.400000000001
L,302.7,310.7,1398,57.7,19,0,8.0,80664.6,0.041273247496423464,0.076,17927.39
L,303.7,313.1,1721,34.8,50,0,9.400000000000034,59890.799999999996,0.020220801859384078,0.2,10895.88
L,298.2,307.7,1503,38.3,87,0,9.5,57564.899999999994,0.025482368596141048,0.348,11784.909999999998
L,301.0,311.2,1363,46.3,62,0,10.199999999999989,63106.899999999994,0.033969185619955974,0.248,14408.56
L,299.4,309.3,1544,36.0,197,0,9.900000000000034,55584.0,0.023316062176165803,0.788,11134.800000000001
L,302.5,311.5,1802,26.4,192,0,9.0,47572.799999999996,0.0146503884572697,0.768,8223.6
H,300.3,309.9,1677,30.1,130,0,9.599999999999966,50477.700000000004,0.01794871794871795,0.52,9327.99
L,301.3,310.5,1337,52.7,106,0,9.199999999999989,70459.90000000001,0.03941660433807031,0.424,16363.35
L,300.7,310.0,1672,29.7,176,0,9.300000000000011,49658.4,0.017763157894736842,0.704,9207.0
L,297.8,307.5,1448,51.2,107,0,9.699999999999989,74137.6,0.03535911602209945,0.428,15744.0
M,299.0,310.0,1667,30.0,53,0,11.0,50010.0,0.017996400719856028,0.212,9300.0
M,298.7,309.9,1434,53.0,144,0,11.199999999999989,76002.0,0.03695955369595537,0.576,16424.699999999997
L,299.9,309.5,1349,51.3,176,0,9.600000000000023,69203.7,0.038028169014084505,0.704,15877.349999999999
L,301.7,310.6,1406,46.0,112,0,8.900000000000034,64676.0,0.032716927453769556,0.448,14287.6
L,301.5,310.4,1488,41.1,151,0,8.899999999999977,61156.8,0.027620967741935485,0.604,12757.439999999999
L,302.6,312.0,1447,45.5,173,0,9.399999999999977,65838.5,0.03144436765722184,0.692,14196.0
L,299.0,309.9,1411,44.7,94,0,10.899999999999977,63071.700000000004,0.03167965981573352,0.376,13852.53
L,303.4,312.2,1337,69.4,52,1,8.800000000000011,92787.8,0.05190725504861631,0.208,21666.68
L,298.3,308.6,1499,38.3,142,0,10.300000000000011,57411.7,0.025550366911274183,0.568,11819.38
M,297.9,307.8,1450,43.5,106,0,9.900000000000034,63075.0,0.03,0.424,13389.300000000001
M,297.4,308.5,1566,31.4,76,0,11.100000000000023,49172.399999999994,0.020051085568326948,0.304,9686.9
H,299.2,308.9,1712,26.4,95,0,9.699999999999989,45196.799999999996,0.01542056074766355,0.38,8154.959999999999
L,297.4,308.5,1475,47.2,69,0,11.100000000000023,69620.0,0.032,0.276,14561.2
L,298.8,308.2,1443,53.4,21,0,9.399999999999977,77056.2,0.03700623700623701,0.084,16457.879999999997
L,301.6,310.8,1564,34.1,150,0,9.199999999999989,53332.4,0.021803069053708442,0.6,10598.28
L,301.2,310.3,1497,45.7,76,0,9.100000000000023,68412.90000000001,0.030527722110888444,0.304,14180.710000000001
L,300.9,311.1,1417,40.7,24,0,10.200000000000045,57671.9,0.028722653493295697,0.096,12661.770000000002
L,300.7,310.8,1597,30.5,38,0,10.100000000000023,48708.5,0.019098309329993738,0.152,9479.4
M,302.2,310.1,1572,34.6,17,0,7.900000000000034,54391.200000000004,0.02201017811704835,0.068,10729.460000000001
L,300.5,310.3,1683,31.5,8,0,9.800000000000011,53014.5,0.01871657754010695,0.032,9774.45
L,298.2,308.7,1447,48.4,51,0,10.5,70034.8,0.03344851416724257,0.204,14941.079999999998
M,302.3,311.4,1500,40.2,30,0,9.099999999999966,60300.00000000001,0.0268,0.12,12518.28
M,297.9,309.8,1693,29.9,35,0,11.900000000000034,50620.7,0.017660956881275842,0.14,9263.02
L,303.3,311.4,1732,25.6,232,0,8.099999999999966,44339.200000000004,0.014780600461893766,0.928,7971.84
L,301.8,310.3,1482,41.4,63,0,8.5,61354.799999999996,0.027935222672064778,0.252,12846.42
L,298.8,310.0,1528,36.7,147,0,11.199999999999989,56077.600000000006,0.024018324607329843,0.588,11377.0
L,297.3,308.3,1484,43.9,13,0,11.0,65147.6,0.0295822102425876,0.052,13534.37
M,302.9,312.6,1394,46.4,82,0,9.700000000000045,64681.6,0.033285509325681494,0.328,14504.640000000001
L,298.3,309.1,1386,45.3,212,0,10.800000000000011,62785.799999999996,0.03268398268398268,0.848,14002.23
L,298.9,310.0,1794,27.2,114,0,11.100000000000023,48796.799999999996,0.01516164994425864,0.456,8432.0
M,297.9,307.5,1647,30.8,212,0,9.600000000000023,50727.6,0.01870066788099575,0.848,9471.0
L,299.5,308.7,1446,45.7,173,0,9.199999999999989,66082.2,0.03160442600276625,0.692,14107.59
M,301.7,310.8,1954,21.6,198,0,9.100000000000023,42206.4,0.01105424769703173,0.792,6713.280000000001
L,296.9,308.3,1513,38.8,189,0,11.400000000000034,58704.399999999994,0.025644415069398543,0.756,11962.039999999999
L,300.6,310.9,1471,37.9,86,0,10.299999999999955,55750.9,0.02576478585995921,0.344,11783.109999999999
L,301.0,310.1,1558,32.6,0,0,9.100000000000023,50790.8,0.02092426187419769,0.0,10109.260000000002
L,298.2,307.9,1429,49.4,141,0,9.699999999999989,70592.59999999999,0.03456962911126662,0.564,15210.259999999998
L,303.7,312.8,1523,40.7,59,0,9.100000000000023,61986.100000000006,0.026723571897570585,0.236,12730.960000000001
L,303.9,313.3,1394,51.6,121,0,9.400000000000034,71930.40000000001,0.03701578192252511,0.484,16166.28
L,299.3,309.0,1516,38.7,64,0,9.699999999999989,58669.200000000004,0.025527704485488127,0.256,11958.300000000001
L,302.9,312.4,1446,41.7,196,0,9.5,60298.200000000004,0.028838174273858923,0.784,13027.08
L,297.1,307.9,1496,44.7,88,0,10.799999999999955,66871.2,0.029879679144385028,0.352,13763.13
L,297.5,309.3,1564,37.5,20,0,11.800000000000011,58650.0,0.0239769820971867,0.08,11598.75
L,299.3,308.6,1474,49.6,191,0,9.300000000000011,73110.40000000001,0.03364993215739485,0.764,15306.560000000001
L,299.0,308.6,1466,46.4,112,0,9.600000000000023,68022.4,0.03165075034106412,0.448,14319.04
M,301.2,311.1,1574,34.3,4,0,9.900000000000034,53988.2,0.021791613722998728,0.016,10670.73
M,298.1,307.9,1759,28.6,176,0,9.799999999999955,50307.4,0.01625923820352473,0.704,8805.94
L,301.8,309.7,1442,45.3,233,1,7.899999999999977,65322.6,0.031414701803051316,0.932,14029.409999999998
M,301.4,310.8,1738,30.3,104,0,9.400000000000034,52661.4,0.017433831990794017,0.416,9417.24
M,299.1,308.6,1499,45.1,185,0,9.5,67604.90000000001,0.03008672448298866,0.74,13917.86
L,298.9,308.6,1560,32.2,118,0,9.700000000000045,50232.00000000001,0.020641025641025643,0.472,9936.920000000002
L,303.5,311.6,1361,46.5,62,1,8.100000000000023,63286.5,0.03416605437178545,0.248,14489.400000000001
L,299.8,311.1,1412,42.5,181,0,11.300000000000011,60010.0,0.03009915014164306,0.724,13221.750000000002
L,301.5,310.5,1380,48.7,160,0,9.0,67206.0,0.03528985507246377,0.64,15121.35
M,301.1,311.2,1384,49.4,48,0,10.099999999999966,68369.59999999999,0.035693641618497106,0.192,15373.279999999999
M,303.7,312.8,1558,37.7,206,0,9.100000000000023,58736.600000000006,0.024197689345314508,0.824,11792.560000000001
M,298.5,309.3,1512,38.1,170,0,10.800000000000011,57607.200000000004,0.0251984126984127,0.68,11784.330000000002
L,299.1,308.5,1455,39.8,145,0,9.399999999999977,57908.99999999999,0.027353951890034364,0.58,12278.3
M,298.3,308.9,1390,49.7,23,0,10.599999999999966,69083.0,0.03575539568345324,0.092,15352.33
L,299.6,310.2,1469,47.0,15,0,10.599999999999966,69043.0,0.031994554118447927,0.06,14579.4
L,300.3,311.5,1634,31.9,36,0,11.199999999999989,52124.6,0.01952264381884945,0.144,9936.85
M,298.1,308.8,1628,37.6,12,0,10.699999999999989,61212.8,0.023095823095823097,0.048,11610.880000000001
L,302.4,311.5,1785,24.8,45,0,9.100000000000023,44268.0,0.013893557422969188,0.18,7725.2
M,298.0,309.2,1558,41.7,35,0,11.199999999999989,64968.600000000006,0.02676508344030809,0.14,12893.640000000001
M,303.9,313.0,1901,22.5,110,0,9.100000000000023,42772.5,0.011835875854813256,0.44,7042.5
L,301.3,310.1,1558,36.3,184,0,8.800000000000011,56555.399999999994,0.02329910141206675,0.736,11256.63
M,300.5,310.0,1415,43.5,98,0,9.5,61552.5,0.030742049469964665,0.392,13485.0
M,299.8,309.5,1453,43.2,153,0,9.699999999999989,62769.600000000006,0.029731589814177565,0.612,13370.400000000001
L,297.5,308.1,1631,30.6,146,0,10.600000000000023,49908.600000000006,0.0187614960147149,0.584,9427.86
M,297.4,308.1,1734,27.7,70,0,10.700000000000045,48031.799999999996,0.015974625144175317,0.28,8534.37
L,298.1,308.1,1791,27.3,63,0,10.0,48894.3,0.015242881072026801,0.252,8411.130000000001
M,297.4,308.5,1600,42.1,190,0,11.100000000000023,67360.0,0.026312500000000003,0.76,12987.85
L,300.4,311.2,1351,62.0,18,0,10.800000000000011,83762.0,0.0458919319022946,0.072,19294.399999999998
L,298.4,309.5,1545,36.6,117,0,11.100000000000023,56547.0,0.023689320388349516,0.468,11327.7
L,298.7,309.9,1541,38.5,208,0,11.199999999999989,59328.5,0.02498377676833225,0.832,11931.15
M,299.9,309.4,1889,26.0,6,0,9.5,49114.0,0.013763896241397565,0.024,8044.4
L,303.7,312.8,1364,46.3,44,0,9.100000000000023,63153.2,0.033944281524926685,0.176,14482.64
L,298.4,310.0,1559,44.2,23,0,11.600000000000023,68907.8,0.028351507376523415,0.092,13702.0
L,302.4,310.3,1374,51.2,163,1,7.900000000000034,70348.8,0.03726346433770015,0.652,15887.36
L,300.0,309.3,1887,22.6,120,0,9.300000000000011,42646.200000000004,0.01197668256491786,0.48,6990.18
L,297.5,308.6,1596,37.1,30,0,11.100000000000023,59211.600000000006,0.02324561403508772,0.12,11449.060000000001
L,301.5,310.5,1702,28.7,135,0,9.0,48847.4,0.016862514688601643,0.54,8911.35
L,300.6,311.7,1553,39.8,0,0,11.099999999999966,61809.399999999994,0.025627817128139083,0.0,12405.659999999998
L,298.4,309.6,1479,37.8,144,0,11.200000000000045,55906.2,0.025557809330628803,0.576,11702.88
L,301.4,310.4,1737,31.9,96,0,9.0,55410.299999999996,0.018364997121473804,0.384,9901.759999999998
L,299.9,310.4,1497,47.0,150,0,10.5,70359.0,0.03139612558450234,0.6,14588.8
L,299.0,309.4,1798,25.5,89,0,10.399999999999977,45849.0,0.01418242491657397,0.356,7889.7
M,299.8,310.0,1397,48.1,164,0,10.199999999999989,67195.7,0.03443092340730136,0.656,14911.0
M,299.4,308.7,1487,52.6,205,0,9.300000000000011,78216.2,0.03537323470073975,0.82,16237.619999999999
L,300.2,311.4,1463,37.5,145,0,11.199999999999989,54862.5,0.02563226247436774,0.58,11677.5
L,298.1,307.8,1565,35.3,119,0,9.699999999999989,55244.49999999999,0.02255591054313099,0.476,10865.34
M,303.8,313.0,1514,45.0,113,0,9.199999999999989,68130.0,0.029722589167767502,0.452,14085.0
L,301.4,311.0,1334,53.3,157,0,9.600000000000023,71102.2,0.03995502248875562,0.628,16576.3
L,299.1,310.4,1519,45.3,92,0,11.299999999999955,68810.7,0.029822251481237655,0.368,14061.119999999999
L,301.4,310.7,1509,38.3,95,0,9.300000000000011,57794.7,0.02538104705102717,0.38,11899.81
L,303.0,311.2,1601,32.9,69,0,8.199999999999989,52672.899999999994,0.020549656464709555,0.276,10238.48
M,301.5,310.4,1378,55.3,109,0,8.899999999999977,76203.4,0.04013062409288824,0.436,17165.12
L,302.6,310.3,1647,34.2,14,0,7.699999999999989,56327.4,0.020765027322404372,0.056,10612.260000000002
M,299.3,309.2,1334,46.3,31,0,9.899999999999977,61764.2,0.03470764617691154,0.124,14315.96
H,301.1,310.8,1792,25.8,121,0,9.699999999999989,46233.6,0.01439732142857143,0.484,8018.64
M,303.7,312.0,2663,11.4,71,1,8.300000000000011,30358.2,0.004280886218550507,0.284,3556.8
H,300.9,311.3,1668,28.9,183,0,10.400000000000034,48205.2,0.017326139088729015,0.732,8996.57
H,303.7,312.6,1514,35.5,138,0,8.900000000000034,53747.0,0.02344782034346103,0.552,11097.300000000001
L,301.6,310.6,1321,60.8,73,0,9.0,80316.8,0.04602573807721423,0.292,18884.48
L,297.4,309.0,1583,32.0,166,0,11.600000000000023,50656.0,0.02021478205938092,0.664,9888.0
M,300.2,311.6,1513,40.8,157,0,11.400000000000034,61730.399999999994,0.026966292134831458,0.628,12713.28
M,298.6,308.3,1717,28.7,29,0,9.699999999999989,49277.9,0.016715200931857892,0.116,8848.210000000001
M,302.0,310.8,1783,23.1,190,0,8.800000000000011,41187.3,0.012955692652832305,0.76,7179.4800000000005
L,302.3,311.0,1412,47.0,164,0,8.699999999999989,66364.0,0.03328611898016997,0.656,14617.0
L,300.1,311.3,1535,42.3,92,0,11.199999999999989,64930.49999999999,0.027557003257328988,0.368,13167.99
M,298.3,307.8,1330,55.4,114,0,9.5,73682.0,0.04165413533834586,0.456,17052.12
M,296.8,307.9,1418,47.9,127,0,11.099999999999966,67922.2,0.03377997179125529,0.508,14748.409999999998
L,298.0,307.8,1839,22.7,79,0,9.800000000000011,41745.299999999996,0.012343665035345296,0.316,6987.06
L,302.3,311.8,1435,44.8,98,0,9.5,64287.99999999999,0.031219512195121948,0.392,13968.64
M,301.3,310.0,1696,32.4,202,0,8.699999999999989,54950.399999999994,0.01910377358490566,0.808,10044.0
H,298.0,308.0,1479,50.7,70,0,10.0,74985.3,0.03427991886409736,0.28,15615.6
L,300.1,309.5,1660,32.7,57,0,9.399999999999977,54282.00000000001,0.019698795180722893,0.228,10120.650000000001
L,296.8,308.0,1561,38.3,9,0,11.199999999999989,59786.299999999996,0.024535554131966685,0.036,11796.4
L,299.2,308.5,1381,60.6,59,0,9.300000000000011,83688.6,0.04388124547429399,0.236,18695.100000000002
L,300.3,309.1,1368,46.0,171,0,8.800000000000011,62928.0,0.033625730994152045,0.684,14218.6
H,302.2,311.7,1413,46.5,147,0,9.5,65704.5,0.032908704883227176,0.588,14494.05
L,298.7,309.8,1695,29.0,145,0,11.100000000000023,49155.0,0.01710914454277286,0.58,8984.2
L,300.2,311.3,1487,36.9,71,0,11.100000000000023,54870.299999999996,0.024815063887020847,0.284,11486.97
M,301.3,309.9,1565,36.0,213,0,8.599999999999966,56340.0,0.023003194888178913,0.852,11156.4
M,297.9,308.5,1449,40.8,157,0,10.600000000000023,59119.2,0.02815734989648033,0.628,12586.8
L,302.2,310.7,1769,24.9,91,0,8.5,44048.1,0.01407574901074053,0.364,7736.429999999999
M,300.9,312.1,1851,23.0,156,0,11.200000000000045,42573.0,0.01242571582928147,0.624,7178.3
L,297.8,309.0,1456,41.2,0,0,11.199999999999989,59987.200000000004,0.0282967032967033,0.0,12730.800000000001
L,300.1,309.7,2151,17.5,173,0,9.599999999999966,37642.5,0.008135750813575081,0.692,5419.75
H,298.8,310.2,1707,27.6,56,0,11.399999999999977,47113.200000000004,0.01616871704745167,0.224,8561.52
H,297.4,308.3,1771,27.4,100,0,10.900000000000034,48525.399999999994,0.015471485036702428,0.4,8447.42
M,301.8,310.3,1666,32.7,19,0,8.5,54478.200000000004,0.019627851140456183,0.076,10146.810000000001
L,297.9,307.3,1502,36.7,12,0,9.400000000000034,55123.4,0.024434087882822905,0.048,11277.910000000002
M,298.1,308.0,1543,41.9,73,0,9.899999999999977,64651.7,0.0271548930654569,0.292,12905.199999999999
M,300.4,309.8,1725,30.4,195,0,9.400000000000034,52440.0,0.017623188405797102,0.78,9417.92
L,300.7,311.9,1419,47.7,179,0,11.199999999999989,67686.3,0.033615221987315015,0.716,14877.63
L,303.7,312.4,1718,26.5,130,0,8.699999999999989,45527.0,0.015424912689173457,0.52,8278.599999999999
L,302.1,311.3,1477,43.6,196,0,9.199999999999989,64397.200000000004,0.029519295870006772,0.784,13572.68
H,297.5,308.1,1548,38.2,117,0,10.600000000000023,59133.600000000006,0.02467700258397933,0.468,11769.420000000002
H,302.0,310.5,1812,24.4,138,0,8.5,44212.799999999996,0.01346578366445916,0.552,7576.2
M,301.1,310.5,1603,32.6,121,0,9.399999999999977,52257.8,0.02033686837180287,0.484,10122.300000000001
H,300.6,311.5,1282,60.2,24,0,10.899999999999977,77176.40000000001,0.04695787831513261,0.096,18752.3
M,300.4,311.8,1362,47.6,188,0,11.400000000000034,64831.200000000004,0.03494860499265786,0.752,14841.68
L,297.9,307.6,1481,38.0,40,0,9.700000000000045,56278.0,0.025658338960162053,0.16,11688.800000000001
M,302.3,311.8,1879,23.0,124,0,9.5,43217.0,0.012240553485896753,0.496,7171.400000000001
L,297.7,308.9,1662,28.1,19,0,11.199999999999989,46702.200000000004,0.016907340553549942,0.076,8680.09
M,298.0,307.5,1524,36.3,98,0,9.5,55321.2,0.023818897637795274,0.392,11162.25
L,297.2,308.6,1489,40.2,214,0,11.400000000000034,59857.8,0.02699798522498321,0.856,12405.720000000001
L,302.3,310.8,1723,26.3,213,0,8.5,45314.9,0.01526407428903076,0.852,8174.040000000001
M,299.4,308.9,1457,41.5,201,0,9.5,60465.5,0.02848318462594372,0.804,12819.349999999999
M,300.3,309.2,1490,47.9,163,0,8.899999999999977,71371.0,0.03214765100671141,0.652,14810.679999999998
L,296.8,307.9,1489,33.4,123,0,11.099999999999966,49732.6,0.022431161853593014,0.492,10283.859999999999
L,300.6,311.7,1744,26.9,111,0,11.099999999999966,46913.6,0.015424311926605504,0.444,8384.73
H,298.2,307.6,1318,55.7,0,0,9.400000000000034,73412.6,0.042261001517450686,0.0,17133.320000000003
L,298.6,310.0,1517,41.2,64,0,11.399999999999977,62500.4,0.027158866183256428,0.256,12772.0
L,297.4,308.5,1486,48.6,75,0,11.100000000000023,72219.6,0.032705248990578736,0.3,14993.1
L,303.8,313.1,1256,58.7,213,1,9.300000000000011,73727.2,0.04673566878980892,0.852,18378.97
L,299.4,310.8,1424,47.7,109,0,11.400000000000034,67924.8,0.03349719101123596,0.436,14825.160000000002
L,300.0,311.3,1493,41.4,28,0,11.300000000000011,61810.2,0.027729403884795712,0.112,12887.82
L,301.7,310.2,1471,51.1,8,0,8.5,75168.1,0.03473827328348063,0.032,15851.22
H,299.7,309.2,1355,44.8,127,0,9.5,60703.99999999999,0.03306273062730627,0.508,13852.159999999998
M,299.3,308.7,1289,51.5,185,0,9.399999999999977,66383.5,0.03995345228859581,0.74,15898.05
L,301.6,310.8,1392,42.4,3,0,9.199999999999989,59020.799999999996,0.03045977011494253,0.012,13177.92
L,301.5,310.7,1323,49.7,79,0,9.199999999999989,65753.1,0.03756613756613757,0.316,15441.79
M,298.0,308.6,1254,55.8,65,0,10.600000000000023,69973.2,0.04449760765550239,0.26,17219.88
L,297.1,308.2,1402,51.2,186,0,11.099999999999966,71782.40000000001,0.03651925820256776,0.744,15779.84
L,302.3,310.9,1720,28.1,178,0,8.599999999999966,48332.0,0.016337209302325583,0.712,8736.289999999999
L,299.5,309.3,1941,22.5,18,0,9.800000000000011,43672.5,0.011591962905718702,0.072,6959.25
L,297.1,307.8,1406,60.4,133,0,10.699999999999989,84922.4,0.042958748221906116,0.532,18591.12
L,296.8,307.9,1420,45.4,70,0,11.099999999999966,64468.0,0.031971830985915495,0.28,13978.659999999998
M,302.7,311.7,1759,29.9,5,0,9.0,52594.1,0.016998294485503124,0.02,9319.83
L,297.5,309.3,1470,38.8,197,0,11.800000000000011,57035.99999999999,0.02639455782312925,0.788,12000.84
L,298.2,308.9,1737,25.5,26,0,10.699999999999989,44293.5,0.01468048359240069,0.104,7876.95
L,297.2,308.5,1446,43.7,171,0,11.300000000000011,63190.200000000004,0.03022130013831259,0.684,13481.45
L,295.8,306.6,1508,46.5,99,0,10.800000000000011,70122.0,0.03083554376657825,0.396,14256.900000000001
L,303.3,311.5,1412,55.6,67,0,8.199999999999989,78507.2,0.03937677053824363,0.268,17319.4
L,298.3,309.1,1537,43.0,123,0,10.800000000000011,66091.0,0.02797657774886142,0.492,13291.300000000001
M,300.8,312.0,1274,67.3,159,0,11.199999999999989,85740.2,0.05282574568288854,0.636,20997.6
M,298.1,308.5,1463,45.9,3,0,10.399999999999977,67151.7,0.03137388926862611,0.012,14160.15
L,303.6,312.5,1286,62.4,101,0,8.899999999999977,80246.4,0.04852255054432348,0.404,19500.0
L,301.7,311.0,1527,42.2,144,0,9.300000000000011,64439.4,0.027635887360838246,0.576,13124.2
H,299.8,310.2,1411,49.7,161,0,10.399999999999977,70126.7,0.035223245924875975,0.644,15416.94
L,302.5,312.0,1673,29.9,42,0,9.5,50022.7,0.017872086072922892,0.168,9328.8
L,303.7,312.3,1349,51.0,105,0,8.600000000000023,68799.0,0.03780578206078577,0.42,15927.300000000001
M,299.0,310.0,2049,19.5,111,0,11.0,39955.5,0.00951683748169839,0.444,6045.0
L,298.3,309.5,1542,36.7,134,0,11.199999999999989,56591.4,0.023800259403372246,0.536,11358.650000000001
M,299.7,309.2,1685,28.9,179,1,9.5,48696.5,0.0171513353115727,0.716,8935.88
L,296.8,307.8,1565,39.5,124,0,11.0,61817.5,0.02523961661341853,0.496,12158.1
H,298.1,308.0,1570,35.3,159,0,9.899999999999977,55420.99999999999,0.022484076433121017,0.636,10872.4
L,300.4,310.4,1286,56.8,46,0,10.0,73044.8,0.04416796267496112,0.184,17630.719999999998
L,298.2,307.9,1399,54.9,139,0,9.699999999999989,76805.09999999999,0.03924231593995711,0.556,16903.71
L,299.7,310.2,1458,43.4,28,0,10.5,63277.2,0.029766803840877914,0.112,13462.679999999998
L,300.7,309.8,1330,54.4,171,0,9.100000000000023,72352.0,0.040902255639097745,0.684,16853.12
M,302.0,310.6,1479,40.5,24,0,8.600000000000023,59899.5,0.02738336713995943,0.096,12579.300000000001
H,302.2,311.3,1749,29.2,5,0,9.100000000000023,51070.799999999996,0.016695254431103486,0.02,9089.960000000001
H,299.7,309.3,1494,37.8,214,0,9.600000000000023,56473.2,0.025301204819277105,0.856,11691.539999999999
L,303.6,313.0,1575,38.3,54,0,9.399999999999977,60322.49999999999,0.024317460317460314,0.216,11987.9
H,298.6,309.6,1449,42.5,16,0,11.0,61582.5,0.02933057280883368,0.064,13158.000000000002
L,303.3,311.8,1842,24.5,67,0,8.5,45129.0,0.013300760043431054,0.268,7639.1
M,297.7,308.9,1573,35.1,9,0,11.199999999999989,55212.3,0.02231404958677686,0.036,10842.39
L,302.4,310.3,1479,36.2,115,0,7.900000000000034,53539.8,0.024475997295469915,0.46,11232.86
M,298.6,309.5,1580,33.9,70,0,10.899999999999977,53562.0,0.021455696202531644,0.28,10492.05
L,299.6,309.1,1641,35.8,81,0,9.5,58747.799999999996,0.021815965874466787,0.324,11065.78
L,298.5,309.3,1630,33.3,116,0,10.800000000000011,54278.99999999999,0.020429447852760733,0.464,10299.689999999999
L,298.2,308.3,2057,18.0,168,0,10.100000000000023,37026.0,0.008750607681088965,0.672,5549.400000000001
M,302.5,311.8,2023,19.1,74,0,9.300000000000011,38639.3,0.00944142362827484,0.296,5955.380000000001
M,301.1,310.6,1429,52.7,35,0,9.5,75308.3,0.03687893631910427,0.14,16368.620000000003
L,303.4,311.9,1491,38.2,26,0,8.5,56956.200000000004,0.025620389000670693,0.104,11914.58
L,301.8,310.1,1738,28.0,58,0,8.300000000000011,48664.0,0.01611047180667434,0.232,8682.800000000001
H,301.1,311.3,2207,16.6,43,0,10.199999999999989,36636.200000000004,0.007521522428636158,0.172,5167.580000000001
L,295.5,305.9,1542,36.2,12,0,10.399999999999977,55820.4,0.023476005188067448,0.048,11073.58
H,298.2,307.6,1460,48.6,204,0,9.400000000000034,70956.0,0.033287671232876716,0.816,14949.360000000002
L,302.4,311.1,1634,34.2,184,0,8.700000000000045,55882.8,0.020930232558139538,0.736,10639.62
M,303.7,312.9,1444,52.7,46,0,9.199999999999989,76098.8,0.03649584487534626,0.184,16489.829999999998
L,298.2,309.0,1610,31.7,155,0,10.800000000000011,51037.0,0.01968944099378882,0.62,9795.3
M,298.1,309.0,1533,36.1,189,0,10.899999999999977,55341.3,0.02354859752120026,0.756,11154.9
M,300.4,311.2,1831,23.4,133,0,10.800000000000011,42845.399999999994,0.0127799016930639,0.532,7282.079999999999
M,298.2,308.8,1456,41.2,150,0,10.600000000000023,59987.200000000004,0.0282967032967033,0.6,12722.560000000001
L,301.9,310.8,1519,39.0,90,0,8.900000000000034,59241.0,0.025674786043449638,0.36,12121.2
L,299.9,309.5,2008,20.4,165,0,9.600000000000023,40963.2,0.010159362549800797,0.66,6313.799999999999
L,302.1,311.2,1454,59.2,153,1,9.099999999999966,86076.8,0.0407152682255846,0.612,18423.04
L,297.4,308.2,1297,52.1,211,0,10.800000000000011,67573.7,0.04016962220508867,0.844,16057.22
M,300.2,309.6,1556,35.8,36,0,9.400000000000034,55704.799999999996,0.02300771208226221,0.144,11083.68
H,300.7,311.7,1864,23.6,47,0,11.0,43990.4,0.012660944206008584,0.188,7356.12
L,296.3,307.1,1560,33.2,186,0,10.800000000000011,51792.00000000001,0.021282051282051285,0.744,10195.720000000001
L,300.6,310.3,1414,50.6,25,0,9.699999999999989,71548.40000000001,0.035785007072135784,0.1,15701.18
H,297.7,308.8,1469,43.7,96,0,11.100000000000023,64195.3,0.029748127978216476,0.384,13494.560000000001
L,295.6,306.1,1474,41.2,156,0,10.5,60728.8,0.027951153324287655,0.624,12611.320000000002
H,298.3,309.1,1646,30.2,125,0,10.800000000000011,49709.2,0.018347509113001214,0.5,9334.82
M,298.1,308.8,1394,47.9,70,0,10.699999999999989,66772.59999999999,0.03436154949784792,0.28,14791.52
M,298.1,308.1,1452,40.8,56,0,10.0,59241.6,0.028099173553719006,0.224,12570.48
L,303.9,312.8,1419,47.9,196,0,8.900000000000034,67970.09999999999,0.03375616631430585,0.784,14983.12
M,301.4,310.6,1464,48.6,96,0,9.200000000000045,71150.40000000001,0.03319672131147541,0.384,15095.160000000002
L,301.7,310.5,1523,34.7,181,0,8.800000000000011,52848.100000000006,0.02278397898883782,0.724,10774.35
M,302.4,310.2,1392,55.8,143,0,7.800000000000011,77673.59999999999,0.04008620689655172,0.572,17309.16
M,301.2,310.8,1396,47.4,5,0,9.600000000000023,66170.4,0.033954154727793694,0.02,14731.92
M,295.6,306.2,1584,33.6,81,0,10.599999999999966,53222.4,0.021212121212121213,0.324,10288.32
H,297.7,307.6,1538,38.3,63,0,9.900000000000034,58905.399999999994,0.024902470741222364,0.252,11781.08
L,301.2,310.7,1551,41.2,82,0,9.5,63901.200000000004,0.026563507414571245,0.328,12800.84
L,301.7,310.6,1545,42.1,68,0,8.900000000000034,65044.5,0.027249190938511327,0.272,13076.260000000002
L,298.9,308.5,1387,57.3,154,0,9.600000000000023,79475.09999999999,0.04131218457101658,0.616,17677.05
H,297.1,307.9,1365,54.0,174,0,10.799999999999955,73710.0,0.03956043956043956,0.696,16626.6
L,303.3,311.8,1692,30.6,18,0,8.5,51775.200000000004,0.018085106382978725,0.072,9541.08
L,301.1,309.8,1493,38.9,149,0,8.699999999999989,58077.7,0.026054922973878097,0.596,12051.22
L,301.7,310.2,1331,61.2,47,1,8.5,81457.2,0.04598046581517656,0.188,18984.24
H,300.9,310.9,1474,35.7,175,0,10.0,52621.8,0.024219810040705565,0.7,11099.13
L,300.1,311.1,1619,33.4,186,0,11.0,54074.6,0.020630018529956762,0.744,10390.74
L,298.9,310.5,1717,26.9,17,0,11.600000000000023,46187.299999999996,0.01566686080372743,0.068,8352.449999999999
M,298.3,307.7,1520,41.4,10,0,9.399999999999977,62928.0,0.027236842105263157,0.04,12738.779999999999
L,296.8,307.9,1718,25.2,148,0,11.099999999999966,43293.6,0.014668218859138533,0.592,7759.079999999999
L,302.4,310.2,1331,45.5,53,1,7.800000000000011,60560.5,0.034184823441021785,0.212,14114.1
M,298.9,309.2,1581,36.7,101,0,10.300000000000011,58022.700000000004,0.023213156230234032,0.404,11347.640000000001
M,301.4,310.9,1489,38.9,179,0,9.5,57922.1,0.026124916051040965,0.716,12094.009999999998
H,300.1,309.1,1560,35.4,14,0,9.0,55224.0,0.022692307692307692,0.056,10942.140000000001
L,300.2,309.8,1481,41.9,106,0,9.600000000000023,62053.9,0.02829169480081026,0.424,12980.62
L,299.1,308.5,1371,55.5,159,0,9.399999999999977,76090.5,0.04048140043763676,0.636,17121.75
L,298.5,309.4,1560,37.9,37,0,10.899999999999977,59124.0,0.024294871794871793,0.148,11726.259999999998
L,298.2,309.4,1447,47.1,185,0,11.199999999999989,68153.7,0.03255010366275052,0.74,14572.74
M,295.7,306.4,1387,40.1,81,0,10.699999999999989,55618.700000000004,0.028911319394376352,0.324,12286.64
L,300.2,309.8,1401,49.3,163,0,9.600000000000023,69069.3,0.03518915060670949,0.652,15273.14
L,298.6,309.9,1564,37.1,30,0,11.299999999999955,58024.4,0.023721227621483376,0.12,11497.289999999999
L,297.1,308.1,1584,36.8,215,0,11.0,58291.2,0.02323232323232323,0.86,11338.08
L,303.6,313.1,1405,38.3,58,0,9.5,53811.49999999999,0.027259786476868324,0.232,11991.73
M,302.8,312.2,1469,36.9,143,0,9.399999999999977,54206.1,0.02511912865895167,0.572,11520.179999999998
L,298.6,309.8,1332,46.4,76,0,11.199999999999989,61804.799999999996,0.034834834834834835,0.304,14374.72
H,297.9,307.6,1418,43.0,207,0,9.700000000000045,60974.0,0.030324400564174896,0.828,13226.800000000001
M,297.3,308.1,1731,27.7,42,0,10.800000000000011,47948.7,0.016002310803004044,0.168,8534.37
L,301.5,310.5,1589,36.7,118,0,9.0,58316.3,0.023096286972938956,0.472,11395.35
L,299.2,308.7,1492,37.8,91,0,9.5,56397.6,0.025335120643431634,0.364,11668.859999999999
M,301.9,310.6,1260,65.9,29,0,8.700000000000045,83034.0,0.05230158730158731,0.116,20468.540000000005
L,301.6,310.7,1679,29.5,10,0,9.099999999999966,49530.5,0.01756998213222156,0.04,9165.65
H,298.7,309.2,1449,42.3,182,0,10.5,61292.7,0.02919254658385093,0.728,13079.159999999998
L,300.4,311.6,1517,39.0,45,0,11.200000000000045,59163.0,0.025708635464733027,0.18,12152.400000000001
L,300.5,311.6,1525,37.6,191,0,11.100000000000023,57340.0,0.024655737704918034,0.764,11716.160000000002
M,303.0,311.1,1428,39.8,181,0,8.100000000000023,56834.399999999994,0.02787114845938375,0.724,12381.78
L,298.6,309.5,1450,44.2,63,0,10.899999999999977,64090.00000000001,0.030482758620689658,0.252,13679.900000000001
L,301.2,310.3,1451,39.7,123,0,9.100000000000023,57604.700000000004,0.027360441075120607,0.492,12318.910000000002
L,297.4,309.2,1274,54.3,121,0,11.800000000000011,69178.2,0.04262166405023548,0.484,16789.559999999998
L,298.1,307.6,1460,46.5,143,0,9.5,67890.0,0.03184931506849315,0.572,14303.400000000001
L,301.9,309.9,1374,48.5,180,1,8.0,66639.0,0.03529839883551674,0.72,15030.15
H,302.2,311.5,1482,42.6,16,0,9.300000000000011,63133.200000000004,0.02874493927125506,0.064,13269.9
L,300.5,311.4,1445,41.5,66,0,10.899999999999977,59967.5,0.028719723183391003,0.264,12923.099999999999
L,300.6,310.8,1375,53.2,179,0,10.199999999999989,73150.0,0.038690909090909095,0.716,16534.56
L,300.6,311.7,1507,45.5,74,0,11.099999999999966,68568.5,0.030192435301924354,0.296,14182.35
L,298.0,308.7,1619,40.1,45,0,10.699999999999989,64921.9,0.024768375540457074,0.18,12378.87
M,298.9,310.2,1331,49.0,121,0,11.300000000000011,65219.0,0.03681442524417731,0.484,15199.8
L,298.4,309.7,1518,39.8,165,0,11.300000000000011,60416.399999999994,0.02621870882740448,0.66,12326.06
M,301.2,310.7,1426,46.1,67,0,9.5,65738.6,0.03232819074333801,0.268,14323.27
L,301.1,311.7,1816,24.5,7,0,10.599999999999966,44492.0,0.013491189427312776,0.028,7636.65
L,300.4,310.0,1423,44.2,189,0,9.600000000000023,62896.600000000006,0.031061138439915672,0.756,13702.0
L,297.6,308.4,1407,55.2,86,0,10.799999999999955,77666.40000000001,0.039232409381663114,0.344,17023.68
L,301.3,310.6,1426,40.7,54,0,9.300000000000011,58038.200000000004,0.028541374474053298,0.216,12641.420000000002
L,298.9,310.5,1640,29.2,195,0,11.600000000000023,47888.0,0.017804878048780486,0.78,9066.6
L,299.4,309.4,1701,31.2,199,0,10.0,53071.2,0.01834215167548501,0.796,9653.279999999999
L,301.3,310.1,1269,56.8,195,1,8.800000000000011,72079.2,0.04475965327029156,0.78,17613.68
L,299.8,311.1,2144,17.7,190,0,11.300000000000011,37948.799999999996,0.008255597014925373,0.76,5506.47
L,304.5,313.7,1670,32.9,7,0,9.199999999999989,54943.0,0.01970059880239521,0.028,10320.73
H,299.0,310.0,1387,45.2,110,0,11.0,62692.4,0.03258832011535689,0.44,14012.0
M,297.4,308.6,1901,22.1,81,0,11.200000000000045,42012.100000000006,0.011625460284061022,0.324,6820.060000000001
L,300.0,309.7,1542,47.1,25,0,9.699999999999989,72628.2,0.030544747081712065,0.1,14586.87
M,300.7,310.3,1471,40.2,59,0,9.600000000000023,59134.200000000004,0.02732834806254249,0.236,12474.060000000001
L,302.0,310.6,1583,38.9,94,0,8.600000000000023,61578.7,0.02457359444093493,0.376,12082.34
L,303.1,311.2,1626,32.3,21,0,8.099999999999966,52519.799999999996,0.019864698646986468,0.084,10051.759999999998
M,300.9,310.3,1416,50.9,152,0,9.400000000000034,72074.4,0.03594632768361582,0.608,15794.27
M,295.7,306.2,1739,25.9,94,0,10.5,45040.1,0.014893617021276595,0.376,7930.579999999999
M,297.5,308.4,1505,37.2,215,0,10.899999999999977,55986.00000000001,0.02471760797342193,0.86,11472.48
L,300.8,311.6,1516,35.6,14,0,10.800000000000011,53969.6,0.023482849604221638,0.056,11092.960000000001
H,298.3,309.1,1484,37.0,28,0,10.800000000000011,54908.0,0.024932614555256066,0.112,11436.7
M,301.2,311.5,1498,49.5,3,0,10.300000000000011,74151.0,0.033044058744993325,0.012,15419.25
L,300.7,312.1,1512,36.9,153,0,11.400000000000034,55792.799999999996,0.024404761904761905,0.612,11516.49
M,302.2,310.8,1562,38.1,78,0,8.600000000000023,59512.200000000004,0.02439180537772087,0.312,11841.480000000001
H,301.6,310.7,1414,51.7,197,0,9.099999999999966,73103.8,0.03656294200848657,0.788,16063.19
L,301.1,311.1,1508,41.5,184,0,10.0,62582.0,0.027519893899204242,0.736,12910.650000000001
L,297.3,308.5,1398,60.4,12,0,11.199999999999989,84439.2,0.04320457796852647,0.048,18633.399999999998
M,297.3,308.7,1577,35.6,133,0,11.399999999999977,56141.200000000004,0.022574508560558024,0.532,10989.72
L,298.9,308.7,1356,50.7,185,0,9.800000000000011,68749.2,0.03738938053097345,0.74,15651.09
L,300.7,310.1,1598,32.8,79,0,9.400000000000034,52414.399999999994,0.020525657071339173,0.316,10171.28
L,297.2,308.7,1669,30.7,72,0,11.5,51238.299999999996,0.018394248052726183,0.288,9477.09
M,301.0,311.5,1550,34.9,162,0,10.5,54095.0,0.022516129032258064,0.648,10871.35
L,299.8,309.5,1545,32.2,18,0,9.699999999999989,49749.00000000001,0.020841423948220066,0.072,9965.900000000001
L,300.2,311.4,1433,37.9,36,0,11.199999999999989,54310.7,0.026448011165387298,0.144,11802.06
L,298.6,309.5,1687,29.3,47,0,10.899999999999977,49429.1,0.017368109069353883,0.188,9068.35
L,302.3,311.6,1544,34.3,0,0,9.300000000000011,52959.2,0.02221502590673575,0.0,10687.88
M,301.0,310.9,1575,34.6,150,0,9.899999999999977,54495.0,0.02196825396825397,0.6,10757.14
L,297.6,308.3,1424,53.9,132,0,10.699999999999989,76753.59999999999,0.03785112359550562,0.528,16617.37
H,302.2,311.9,1597,35.8,160,0,9.699999999999989,57172.6,0.022417031934877894,0.64,11166.019999999999
L,302.7,310.5,1263,67.8,197,1,7.800000000000011,85631.4,0.05368171021377672,0.788,21051.899999999998
L,299.7,309.6,1512,36.2,172,0,9.900000000000034,54734.4,0.023941798941798945,0.688,11207.520000000002
M,300.6,311.0,1401,54.6,94,0,10.399999999999977,76494.6,0.03897216274089936,0.376,16980.600000000002
L,300.1,311.3,1676,30.3,151,0,11.199999999999989,50782.8,0.018078758949880668,0.604,9432.390000000001
M,296.7,307.8,1537,36.3,233,0,11.100000000000023,55793.1,0.0236174365647365,0.932,11173.14
L,302.5,310.5,1463,43.0,189,0,8.0,62909.0,0.02939166097060834,0.756,13351.5
M,301.9,310.4,1373,48.0,73,1,8.5,65904.0,0.03495994173343044,0.292,14899.199999999999
L,297.5,308.5,1530,38.5,93,0,11.0,58905.0,0.02516339869281046,0.372,11877.25
M,297.9,307.9,1540,39.8,38,0,10.0,61291.99999999999,0.025844155844155843,0.152,12254.419999999998
L,296.8,307.6,1368,52.0,140,0,10.800000000000011,71136.0,0.038011695906432746,0.56,15995.2
L,297.2,308.3,1569,31.2,63,0,11.100000000000023,48952.799999999996,0.01988527724665392,0.252,9618.960000000001
M,297.6,308.2,1995,20.5,10,0,10.599999999999966,40897.5,0.010275689223057645,0.04,6318.099999999999
M,297.5,308.6,1349,51.5,21,0,11.100000000000023,69473.5,0.03817642698295033,0.084,15892.900000000001
M,298.0,307.6,1301,58.5,155,0,9.600000000000023,76108.5,0.04496541122213682,0.62,17994.600000000002
L,300.2,309.8,1506,41.8,161,0,9.600000000000023,62950.799999999996,0.027755644090305443,0.644,12949.64
H,297.8,309.4,1445,48.2,10,0,11.599999999999966,69649.0,0.033356401384083044,0.04,14913.08
L,301.7,310.1,1402,50.1,3,0,8.400000000000034,70240.2,0.03573466476462197,0.012,15536.010000000002
M,298.9,310.2,2099,20.0,98,0,11.300000000000011,41980.0,0.009528346831824679,0.392,6204.0
M,298.3,309.4,1509,34.2,141,0,11.099999999999966,51607.8,0.022664015904572565,0.564,10581.48
M,300.3,311.4,1554,34.3,99,0,11.099999999999966,53302.2,0.02207207207207207,0.396,10681.019999999999
M,297.6,308.3,1567,34.6,71,0,10.699999999999989,54218.200000000004,0.02208040842373963,0.284,10667.18
M,299.7,309.0,1645,31.9,155,0,9.300000000000011,52475.5,0.019392097264437688,0.62,9857.1
L,301.7,310.1,1384,50.5,38,0,8.400000000000034,69892.0,0.03648843930635838,0.152,15660.050000000001
H,299.4,308.9,1762,29.3,91,0,9.5,51626.6,0.016628830874006812,0.364,9050.77
L,303.5,311.6,1577,38.1,112,0,8.100000000000023,60083.700000000004,0.024159797083069118,0.448,11871.960000000001
L,298.0,308.0,1615,29.5,15,0,10.0,47642.5,0.01826625386996904,0.06,9086.0
L,300.2,311.6,1606,31.0,199,0,11.400000000000034,49786.0,0.019302615193026153,0.796,9659.6
L,302.8,312.3,1386,57.8,172,0,9.5,80110.8,0.0417027417027417,0.688,18050.94
L,298.2,308.7,1428,54.9,45,0,10.5,78397.2,0.038445378151260506,0.18,16947.629999999997
L,302.6,312.1,1473,37.3,184,0,9.5,54942.899999999994,0.025322471147318396,0.736,11641.33
M,300.0,311.4,1466,39.0,125,0,11.399999999999977,57174.0,0.02660300136425648,0.5,12144.599999999999
L,299.9,311.3,1371,52.3,167,0,11.400000000000034,71703.3,0.03814733770970095,0.668,16280.99
L,300.5,311.5,1661,35.9,110,0,11.0,59629.899999999994,0.021613485851896447,0.44,11182.85
M,300.9,310.7,1485,41.0,181,0,9.800000000000011,60885.0,0.027609427609427608,0.724,12738.699999999999
M,303.0,311.2,1460,43.9,103,0,8.199999999999989,64094.0,0.03006849315068493,0.412,13661.679999999998
M,298.7,309.5,1487,33.6,183,0,10.800000000000011,49963.200000000004,0.022595830531271018,0.732,10399.2
M,304.3,313.6,1585,32.1,202,0,9.300000000000011,50878.5,0.02025236593059937,0.808,10066.560000000001
M,300.7,309.6,1568,35.2,82,0,8.900000000000034,55193.600000000006,0.022448979591836737,0.328,10897.920000000002
M,300.5,309.9,1466,53.2,172,0,9.399999999999977,77991.2,0.03628922237380628,0.688,16486.68
L,296.7,307.9,1420,50.1,138,0,11.199999999999989,71142.0,0.03528169014084507,0.552,15425.789999999999
M,298.1,308.9,1459,50.3,115,0,10.799999999999955,73387.7,0.03447566826593557,0.46,15537.669999999998
H,298.3,309.5,1521,37.1,84,0,11.199999999999989,56429.1,0.024391847468770548,0.336,11482.45
M,297.9,309.0,1530,40.9,42,0,11.100000000000023,62577.0,0.02673202614379085,0.168,12638.1
M,298.7,310.0,1519,38.1,198,0,11.300000000000011,57873.9,0.025082290980908493,0.792,11811.0
H,297.5,308.9,1419,50.7,7,0,11.399999999999977,71943.3,0.03572938689217759,0.028,15661.23
L,297.6,309.0,1822,25.4,202,0,11.399999999999977,46278.799999999996,0.01394072447859495,0.808,7848.599999999999
M,300.3,309.8,1617,40.8,158,0,9.5,65973.59999999999,0.02523191094619666,0.632,12639.84
M,297.9,307.6,1202,67.0,129,0,9.700000000000045,80534.0,0.05574043261231281,0.516,20609.2
M,298.4,309.2,1491,51.2,13,0,10.800000000000011,76339.2,0.034339369550637155,0.052,15831.04
M,298.9,308.6,1425,49.6,35,0,9.700000000000045,70680.0,0.03480701754385965,0.14,15306.560000000001
M,295.5,306.1,1822,24.3,164,0,10.600000000000023,44274.6,0.013336992316136114,0.656,7438.2300000000005
L,298.6,309.7,1703,26.1,5,0,11.099999999999966,44448.3,0.015325895478567235,0.02,8083.17
L,302.4,311.9,1578,29.9,44,0,9.5,47182.2,0.018948035487959442,0.176,9325.81
L,298.3,309.0,1519,36.9,41,0,10.699999999999989,56051.1,0.024292297564186965,0.164,11402.1
L,302.1,311.2,1369,50.8,164,0,9.099999999999966,69545.2,0.03710737764791819,0.656,15808.96
L,302.5,311.9,1553,40.1,187,0,9.399999999999977,62275.3,0.02582099162910496,0.748,12507.189999999999
L,298.0,308.7,1626,36.7,210,0,10.699999999999989,59674.200000000004,0.022570725707257076,0.84,11329.29
L,300.7,309.5,1578,35.4,34,0,8.800000000000011,55861.2,0.022433460076045627,0.136,10956.3
L,298.6,309.8,1469,42.8,205,0,11.199999999999989,62873.2,0.029135466303607895,0.82,13259.44
L,301.0,311.0,1399,58.0,190,1,10.0,81142.0,0.04145818441744103,0.76,18038.0
L,300.2,311.0,1255,71.8,149,1,10.800000000000011,90109.0,0.057211155378486055,0.596,22329.8
L,300.6,311.1,1471,40.7,26,0,10.5,59869.700000000004,0.027668252889191027,0.104,12661.770000000002
L,296.2,307.1,1441,41.7,3,0,10.900000000000034,60089.700000000004,0.028938237335183904,0.012,12806.070000000002
L,299.1,308.8,1502,46.7,197,0,9.699999999999989,70143.40000000001,0.031091877496671107,0.788,14420.960000000001
L,300.4,311.2,1471,46.5,164,0,10.800000000000011,68401.5,0.03161114887831407,0.656,14470.8
H,298.5,308.4,1612,36.1,174,0,9.899999999999977,58193.200000000004,0.022394540942928042,0.696,11133.24
L,300.4,311.9,1868,21.3,92,0,11.5,39788.4,0.011402569593147753,0.368,6643.469999999999
L,298.3,307.8,1906,22.1,104,0,9.5,42122.600000000006,0.011594963273871984,0.416,6802.380000000001
L,299.4,310.8,1391,48.9,139,0,11.400000000000034,68019.9,0.03515456506110712,0.556,15198.12
M,298.1,308.2,1654,35.3,155,0,10.099999999999966,58386.2,0.021342200725513905,0.62,10879.46
L,297.3,308.5,1504,42.0,142,0,11.199999999999989,63168.0,0.027925531914893616,0.568,12957.0
L,302.0,310.1,1361,45.4,174,1,8.100000000000023,61789.4,0.033357825128581924,0.696,14078.54
M,297.6,308.8,1453,39.7,69,0,11.199999999999989,57684.100000000006,0.027322780454232625,0.276,12259.36
M,297.9,309.0,1525,38.5,113,0,11.100000000000023,58712.5,0.025245901639344263,0.452,11896.5
L,296.7,307.8,1453,46.0,33,0,11.100000000000023,66838.0,0.031658637302133516,0.132,14158.800000000001
M,297.5,308.6,1327,52.1,24,0,11.100000000000023,69136.7,0.03926149208741522,0.096,16078.060000000001
L,297.7,307.4,1764,29.0,139,0,9.699999999999989,51156.0,0.016439909297052153,0.556,8914.599999999999
H,300.5,310.7,1654,28.6,161,0,10.199999999999989,47304.4,0.017291414752116083,0.644,8886.02
M,303.4,311.9,1419,50.9,39,0,8.5,72227.09999999999,0.035870331219168425,0.156,15875.71
L,303.9,313.2,1590,31.9,5,0,9.300000000000011,50721.0,0.020062893081761006,0.02,9991.08
L,301.7,311.2,1482,43.6,154,0,9.5,64615.200000000004,0.02941970310391363,0.616,13568.32
L,301.1,310.9,1282,67.9,10,1,9.799999999999955,87047.8,0.0529641185647426,0.04,21110.11
L,298.9,310.4,1546,37.7,159,0,11.5,58284.200000000004,0.02438551099611902,0.636,11702.08
L,297.9,307.4,1606,35.5,14,0,9.5,57013.0,0.02210460772104608,0.056,10912.699999999999
H,297.0,308.1,1410,47.6,79,0,11.100000000000023,67116.0,0.03375886524822695,0.316,14665.560000000001
M,302.4,310.7,1521,40.4,152,0,8.300000000000011,61448.4,0.02656147271531887,0.608,12552.279999999999
L,298.2,308.4,1478,42.9,183,0,10.199999999999989,63406.2,0.02902571041948579,0.732,13230.359999999999
L,298.2,308.3,1304,49.8,45,0,10.100000000000023,64939.2,0.03819018404907975,0.18,15353.34
M,300.5,309.9,1483,49.3,124,0,9.399999999999977,73111.9,0.0332434254888739,0.496,15278.069999999998
M,298.8,308.6,1707,28.1,103,0,9.800000000000011,47966.700000000004,0.016461628588166376,0.412,8671.660000000002
M,300.5,312.0,1779,27.7,46,0,11.5,49278.299999999996,0.015570545250140528,0.184,8642.4
M,303.4,312.2,1561,38.2,45,0,8.800000000000011,59630.200000000004,0.024471492632927614,0.18,11926.04
M,303.7,312.7,1669,31.7,120,0,9.0,52907.299999999996,0.018993409227082085,0.48,9912.59
L,300.6,311.9,1413,41.3,43,0,11.299999999999955,58356.899999999994,0.029228591648973814,0.172,12881.469999999998
L,296.9,307.8,1605,37.0,84,0,10.900000000000034,59385.0,0.023052959501557634,0.336,11388.6
M,301.9,309.7,1568,37.5,135,0,7.800000000000011,58800.0,0.02391581632653061,0.54,11613.75
L,301.8,310.6,1451,50.7,108,0,8.800000000000011,73565.7,0.03494141971054445,0.432,15747.420000000002
L,302.4,310.1,1906,21.2,110,0,7.7000000000000455,40407.2,0.01112277019937041,0.44,6574.12
L,301.4,310.4,1334,43.2,133,0,9.0,57628.8,0.032383808095952024,0.532,13409.28
H,300.2,311.6,1547,37.7,217,0,11.400000000000034,58321.9,0.024369747899159664,0.868,11747.320000000002
L,302.0,309.9,1388,51.4,183,0,7.899999999999977,71343.2,0.037031700288184435,0.732,15928.859999999999
L,299.2,308.4,1350,51.3,96,0,9.199999999999989,69255.0,0.038,0.384,15820.919999999998
L,297.4,309.0,1570,37.9,154,0,11.600000000000023,59503.0,0.02414012738853503,0.616,11711.1
L,299.0,310.1,1375,48.9,59,0,11.100000000000023,67237.5,0.03556363636363636,0.236,15163.890000000001
L,298.3,308.6,1570,34.8,175,0,10.300000000000011,54635.99999999999,0.0221656050955414,0.7,10739.28
H,298.4,308.2,1987,19.8,198,0,9.800000000000011,39342.6,0.00996477101157524,0.792,6102.36
H,295.6,306.1,1256,62.3,142,0,10.5,78248.8,0.049601910828025474,0.568,19070.03
M,296.7,307.4,1533,32.5,182,0,10.699999999999989,49822.5,0.021200260926288322,0.728,9990.5
L,302.3,310.9,1377,46.8,166,1,8.599999999999966,64443.6,0.03398692810457516,0.664,14550.119999999997
M,301.3,311.0,1463,50.2,214,0,9.699999999999989,73442.6,0.03431305536568695,0.856,15612.2
M,298.3,308.5,1434,46.2,148,0,10.199999999999989,66250.8,0.03221757322175733,0.592,14252.7
L,300.3,310.4,1336,54.4,52,0,10.099999999999966,72678.4,0.0407185628742515,0.208,16885.76
M,298.1,308.1,1390,49.8,85,0,10.0,69222.0,0.0358273381294964,0.34,15343.380000000001
L,302.4,311.1,1880,24.5,156,0,8.700000000000045,46060.0,0.013031914893617021,0.624,7621.950000000001
L,300.3,309.8,1466,41.2,156,0,9.5,60399.200000000004,0.028103683492496593,0.624,12763.760000000002
M,300.4,311.7,1478,39.9,185,0,11.300000000000011,58972.2,0.02699594046008119,0.74,12436.83
H,297.2,308.1,1770,27.2,140,0,10.900000000000034,48144.0,0.015367231638418079,0.56,8380.32
L,300.3,309.1,1699,30.3,178,0,8.800000000000011,51479.700000000004,0.01783402001177163,0.712,9365.730000000001
L,298.0,308.6,1610,33.1,56,0,10.600000000000023,53291.0,0.020559006211180127,0.224,10214.660000000002
L,300.2,311.5,1549,37.2,67,0,11.300000000000011,57622.8,0.024015493867010976,0.268,11587.800000000001
L,301.0,310.9,1392,52.9,173,0,9.899999999999977,73636.8,0.03800287356321839,0.692,16446.609999999997
L,303.9,313.0,1433,48.4,178,0,9.100000000000023,69357.2,0.03377529658060014,0.712,15149.199999999999
M,302.2,311.6,1379,42.9,13,0,9.400000000000034,59159.1,0.03110949963741842,0.052,13367.640000000001
L,302.4,311.0,1555,40.6,205,0,8.600000000000023,63133.0,0.026109324758842443,0.82,12626.6
M,302.3,311.7,1442,41.7,127,0,9.399999999999977,60131.4,0.028918169209431348,0.508,12997.890000000001
L,302.1,311.4,1603,35.9,104,0,9.299999999999955,57547.7,0.022395508421709294,0.416,11179.259999999998
M,297.0,307.8,1579,34.1,94,0,10.800000000000011,53843.9,0.021595946801773274,0.376,10495.980000000001
L,302.3,311.3,1652,32.8,108,0,9.0,54185.6,0.019854721549636804,0.432,10210.64
H,300.4,309.8,1409,47.5,138,0,9.400000000000034,66927.5,0.033711852377572744,0.552,14715.5
M,298.8,309.8,1490,38.6,127,0,11.0,57514.0,0.025906040268456377,0.508,11958.28
M,301.8,311.1,1597,29.8,177,0,9.300000000000011,47590.6,0.018659987476518473,0.708,9270.78
L,300.9,312.1,1423,40.2,63,0,11.200000000000045,57204.600000000006,0.028250175685172175,0.252,12546.420000000002
L,302.6,312.3,1534,34.3,31,0,9.699999999999989,52616.2,0.022359843546284223,0.124,10711.89
M,300.2,310.1,1474,44.0,198,0,9.900000000000034,64856.0,0.029850746268656716,0.792,13644.400000000001
M,304.2,313.5,1739,28.1,80,0,9.300000000000011,48865.9,0.016158711903392756,0.32,8809.35
L,298.2,307.8,2029,19.9,96,0,9.600000000000023,40377.1,0.00980778708723509,0.384,6125.219999999999
L,295.7,306.2,2270,14.6,149,1,10.5,33142.0,0.006431718061674008,0.596,4470.5199999999995
M,302.1,311.5,1383,53.6,108,0,9.399999999999977,74128.8,0.03875632682574114,0.432,16696.4
M,298.9,310.1,1469,53.2,189,0,11.200000000000045,78150.8,0.036215112321307016,0.756,16497.320000000003
M,301.5,310.4,1350,54.9,153,0,8.899999999999977,74115.0,0.04066666666666666,0.612,17040.96
L,298.6,310.0,1522,40.3,32,0,11.399999999999977,61336.6,0.02647831800262812,0.128,12493.0
M,301.0,310.9,1765,24.2,179,0,9.899999999999977,42713.0,0.013711048158640226,0.716,7523.779999999999
L,299.8,309.2,1504,38.7,212,0,9.399999999999977,58204.8,0.025731382978723405,0.848,11966.04
M,300.7,310.8,1724,30.0,76,0,10.100000000000023,51720.0,0.01740139211136891,0.304,9324.0
L,300.0,311.4,1484,37.0,183,0,11.399999999999977,54908.0,0.024932614555256066,0.732,11521.8
L,300.9,310.1,2090,17.8,133,0,9.200000000000045,37202.0,0.008516746411483254,0.532,5519.780000000001
L,302.4,310.3,1900,24.4,113,0,7.900000000000034,46360.0,0.012842105263157894,0.452,7571.32
M,301.2,312.4,1505,39.6,102,0,11.199999999999989,59598.0,0.026312292358803988,0.408,12371.039999999999
L,302.2,311.3,1378,55.5,35,0,9.100000000000023,76479.0,0.04027576197387518,0.14,17277.15
L,303.5,313.0,1547,40.3,73,0,9.5,62344.1,0.026050420168067225,0.292,12613.9
M,299.7,311.1,1649,32.7,185,0,11.400000000000034,53922.3,0.01983020012128563,0.74,10172.970000000001
L,301.9,311.3,1501,40.8,59,0,9.400000000000034,61240.799999999996,0.027181878747501664,0.236,12701.039999999999
L,297.6,308.6,1326,62.4,173,0,11.0,82742.4,0.047058823529411764,0.692,19256.64
L,302.9,310.8,1610,32.2,17,0,7.900000000000034,51842.00000000001,0.02,0.068,10007.760000000002
L,300.7,310.9,1637,37.2,115,0,10.199999999999989,60896.4,0.02272449602932193,0.46,11565.48
L,300.1,309.4,1694,27.4,44,0,9.299999999999955,46415.6,0.016174734356552537,0.176,8477.56
M,301.6,310.4,1452,45.7,164,0,8.799999999999955,66356.40000000001,0.03147382920110193,0.656,14185.28
L,297.4,308.3,1284,60.3,50,0,10.900000000000034,77425.2,0.04696261682242991,0.2,18590.49
H,298.2,308.3,1824,24.2,49,0,10.100000000000023,44140.799999999996,0.013267543859649122,0.196,7460.86
L,301.0,310.9,1570,34.0,192,0,9.899999999999977,53380.0,0.02165605095541401,0.768,10570.599999999999
L,295.6,306.3,1911,20.9,74,0,10.699999999999989,39939.899999999994,0.010936682365253794,0.296,6401.67
L,303.8,313.1,1394,45.4,36,0,9.300000000000011,63287.6,0.032568149210903875,0.144,14214.74
L,299.5,309.4,1602,31.5,193,0,9.899999999999977,50463.0,0.019662921348314606,0.772,9746.099999999999
L,300.1,311.3,1305,64.7,66,0,11.199999999999989,84433.5,0.04957854406130269,0.264,20141.11
H,300.9,310.7,1609,28.7,39,0,9.800000000000011,46178.299999999996,0.01783716594157862,0.156,8917.09
M,302.9,312.3,1426,44.7,157,0,9.400000000000034,63742.200000000004,0.031346423562412344,0.628,13959.810000000001
M,298.0,307.7,1621,34.9,194,0,9.699999999999989,56572.899999999994,0.02152991980259099,0.776,10738.73
L,301.4,310.6,1578,33.0,181,0,9.200000000000045,52074.0,0.02091254752851711,0.724,10249.800000000001
L,299.1,310.3,1411,42.1,74,0,11.199999999999989,59403.1,0.02983699503897945,0.296,13063.630000000001
L,299.0,308.7,2248,16.8,204,0,9.699999999999989,37766.4,0.007473309608540926,0.816,5186.16
L,301.9,311.0,1541,38.9,193,0,9.100000000000023,59944.899999999994,0.025243348475016223,0.772,12097.9
L,298.5,309.9,1482,42.1,15,0,11.399999999999977,62392.200000000004,0.028407557354925776,0.06,13046.789999999999
L,301.8,310.3,1341,50.5,64,1,8.5,67720.5,0.037658463832960475,0.256,15670.150000000001
M,298.9,310.0,1323,52.9,106,0,11.100000000000023,69986.7,0.0399848828420257,0.424,16399.0
L,300.7,310.1,1542,35.5,191,0,9.400000000000034,54741.0,0.023022049286640728,0.764,11008.550000000001
H,297.2,308.5,1482,39.3,187,0,11.300000000000011,58242.6,0.02651821862348178,0.748,12124.05
H,304.0,313.2,1612,31.7,206,0,9.199999999999989,51100.4,0.01966501240694789,0.824,9928.439999999999
L,300.1,311.5,1454,52.4,90,0,11.399999999999977,76189.59999999999,0.03603851444291609,0.36,16322.6
L,298.4,308.1,1279,53.1,9,0,9.700000000000045,67914.90000000001,0.04151681000781861,0.036,16360.110000000002
L,297.3,308.5,1503,43.3,90,0,11.199999999999989,65079.899999999994,0.02880904856952761,0.36,13358.05
L,303.7,312.8,1832,23.6,35,0,9.100000000000023,43235.200000000004,0.012882096069868997,0.14,7382.080000000001
L,300.1,310.1,1306,64.7,57,0,10.0,84498.2,0.0495405819295559,0.228,20063.47
L,299.4,310.4,1582,31.7,181,0,11.0,50149.4,0.020037926675094818,0.724,9839.679999999998
M,298.6,309.6,1397,54.1,47,0,11.0,75577.7,0.03872584108804581,0.188,16749.36
L,299.2,308.5,1370,52.4,61,0,9.300000000000011,71788.0,0.038248175182481754,0.244,16165.4
M,301.5,310.6,1382,58.1,67,0,9.100000000000023,80294.2,0.042040520984081044,0.268,18045.86
L,299.0,308.7,1706,28.6,206,0,9.699999999999989,48791.600000000006,0.016764361078546307,0.824,8828.82
M,300.7,311.0,1418,49.3,106,0,10.300000000000011,69907.4,0.0347672778561354,0.424,15332.3
M,299.1,308.3,1506,38.0,125,0,9.199999999999989,57228.0,0.025232403718459494,0.5,11715.4
L,297.5,309.0,1470,43.5,191,0,11.5,63945.0,0.02959183673469388,0.764,13441.5
H,300.9,312.0,1720,27.9,202,0,11.100000000000023,47988.0,0.016220930232558137,0.808,8704.8
L,297.4,308.7,1468,46.6,94,0,11.300000000000011,68408.8,0.03174386920980927,0.376,14385.42
L,302.7,310.6,1686,26.3,9,0,7.900000000000034,44341.8,0.015599051008303678,0.036,8168.780000000001
L,304.0,313.0,1350,61.1,88,0,9.0,82485.0,0.04525925925925926,0.352,19124.3
M,301.9,309.6,1385,45.8,217,0,7.7000000000000455,63432.99999999999,0.033068592057761734,0.868,14179.68
H,299.1,308.3,1521,36.5,40,0,9.199999999999989,55516.5,0.023997370151216304,0.16,11252.95
L,297.3,308.3,1504,36.3,45,0,11.0,54595.2,0.02413563829787234,0.18,11191.289999999999
M,298.8,309.9,1495,35.2,214,0,11.099999999999966,52624.00000000001,0.023545150501672243,0.856,10908.48
L,300.7,310.6,1540,52.7,85,0,9.900000000000034,81158.0,0.03422077922077922,0.34,16368.620000000003
M,300.8,310.1,1686,26.9,128,0,9.300000000000011,45353.399999999994,0.015954922894424673,0.512,8341.69
L,297.5,308.8,1477,39.0,127,0,11.300000000000011,57603.0,0.026404874746106973,0.508,12043.2
M,297.2,308.6,1498,44.4,9,0,11.400000000000034,66511.2,0.029639519359145525,0.036,13701.84
L,300.2,309.5,1356,51.1,133,0,9.300000000000011,69291.6,0.037684365781710916,0.532,15815.45
L,300.6,312.0,1430,42.7,130,0,11.399999999999977,61061.00000000001,0.029860139860139863,0.52,13322.400000000001
L,296.3,307.1,1654,29.6,188,0,10.800000000000011,48958.4,0.01789600967351874,0.752,9090.160000000002
L,297.3,308.0,1527,35.1,165,0,10.699999999999989,53597.700000000004,0.022986247544204322,0.66,10810.800000000001
M,301.6,310.4,1455,39.0,118,0,8.799999999999955,56745.0,0.026804123711340205,0.472,12105.599999999999
L,302.5,310.3,1405,57.4,152,0,7.800000000000011,80647.0,0.04085409252669039,0.608,17811.22
H,299.3,308.6,1520,41.4,67,0,9.300000000000011,62928.0,0.027236842105263157,0.268,12776.04
L,298.9,310.3,1496,36.3,161,0,11.400000000000034,54304.799999999996,0.024264705882352938,0.644,11263.89
L,297.5,308.6,1437,43.3,34,0,11.100000000000023,62222.1,0.03013221990257481,0.136,13362.38
L,300.4,311.7,1460,39.6,162,0,11.300000000000011,57816.0,0.027123287671232878,0.648,12343.32
L,302.1,311.5,1477,45.4,111,0,9.399999999999977,67055.8,0.030737982396750168,0.444,14142.1
M,299.2,308.3,1582,45.5,107,0,9.100000000000023,71981.0,0.028761061946902654,0.428,14027.65
L,302.1,310.7,1314,52.8,8,1,8.599999999999966,69379.2,0.04018264840182648,0.032,16404.96
L,300.9,310.5,1894,21.9,188,0,9.600000000000023,41478.6,0.011562829989440337,0.752,6799.95
L,299.7,310.6,1479,38.0,137,0,10.900000000000034,56202.0,0.025693035835023664,0.548,11802.800000000001
L,298.0,308.6,1626,33.3,50,0,10.600000000000023,54145.799999999996,0.020479704797047967,0.2,10276.38
L,301.1,309.6,1502,48.9,160,0,8.5,73447.8,0.03255659121171771,0.64,15139.44
L,302.2,310.9,1531,37.5,60,0,8.699999999999989,57412.5,0.02449379490529066,0.24,11658.75
L,297.9,309.5,1390,47.9,127,0,11.600000000000023,66581.0,0.03446043165467626,0.508,14825.05
H,299.6,311.0,1714,30.2,128,0,11.399999999999977,51762.799999999996,0.017619603267211202,0.512,9392.199999999999
L,297.8,307.5,1372,54.1,157,0,9.699999999999989,74225.2,0.03943148688046647,0.628,16635.75
L,299.1,308.5,1689,32.1,192,0,9.399999999999977,54216.9,0.01900532859680284,0.768,9902.85
M,298.5,309.5,1315,48.9,127,0,11.0,64303.5,0.03718631178707224,0.508,15134.55
L,298.3,310.1,1545,36.3,90,0,11.800000000000011,56083.49999999999,0.02349514563106796,0.36,11256.63
L,303.4,312.2,1580,35.8,90,0,8.800000000000011,56563.99999999999,0.022658227848101262,0.36,11176.759999999998
H,301.5,310.5,1453,48.0,124,0,9.0,69744.0,0.03303509979353063,0.496,14904.0
L,300.4,311.2,1530,32.0,169,0,10.800000000000011,48960.0,0.02091503267973856,0.676,9958.4
M,298.1,308.6,1551,42.8,0,0,10.5,66382.79999999999,0.027595099935525464,0.0,13208.08
L,297.8,308.9,1506,33.5,26,0,11.099999999999966,50451.0,0.022244355909694556,0.104,10348.15
M,297.4,309.1,1582,35.9,180,0,11.700000000000045,56793.799999999996,0.022692793931731983,0.72,11096.69
L,300.2,309.6,1430,52.7,47,0,9.400000000000034,75361.0,0.036853146853146855,0.188,16315.920000000002
H,300.3,311.6,1463,41.6,102,0,11.300000000000011,60860.8,0.028434723171565278,0.408,12962.560000000001
L,302.0,310.8,1445,49.1,2,0,8.800000000000011,70949.5,0.033979238754325264,0.008,15260.28
M,302.6,312.2,1458,38.8,34,0,9.599999999999966,56570.399999999994,0.02661179698216735,0.136,12113.359999999999
H,297.2,308.4,2182,17.3,119,0,11.199999999999989,37748.6,0.007928505957836847,0.476,5335.32
M,300.4,311.7,1508,45.4,164,0,11.300000000000011,68463.2,0.03010610079575597,0.656,14151.179999999998
M,300.1,310.2,1429,42.0,206,0,10.099999999999966,60018.0,0.02939118264520644,0.824,13028.4
L,301.4,310.4,1388,45.3,188,0,9.0,62876.399999999994,0.03263688760806916,0.752,14061.119999999999
M,302.6,312.4,1410,50.3,33,0,9.799999999999955,70923.0,0.03567375886524823,0.132,15713.719999999998
L,300.7,309.5,1685,31.1,27,0,8.800000000000011,52403.5,0.018456973293768546,0.108,9625.45
L,301.6,310.8,1418,44.7,46,0,9.199999999999989,63384.600000000006,0.031523272214386465,0.184,13892.760000000002
L,299.9,311.3,1802,24.4,151,0,11.400000000000034,43968.799999999996,0.013540510543840176,0.604,7595.72
H,298.5,309.4,1414,46.7,102,0,10.899999999999977,66033.8,0.033026874115983026,0.408,14448.98
H,300.8,310.8,1466,45.2,188,0,10.0,66263.2,0.030832196452933152,0.752,14048.160000000002
L,301.2,310.8,1479,41.2,155,0,9.600000000000023,60934.8,0.02785665990534145,0.62,12804.960000000001
L,303.6,313.0,1534,39.7,115,0,9.399999999999977,60899.8,0.025880052151238595,0.46,12426.1
L,302.3,311.7,1465,43.5,117,0,9.399999999999977,63727.5,0.029692832764505118,0.468,13558.949999999999
M,300.2,311.6,1751,28.0,162,0,11.400000000000034,49028.0,0.01599086236436322,0.648,8724.800000000001
L,303.4,311.8,2268,15.8,20,0,8.400000000000034,35834.4,0.0069664902998236335,0.08,4926.4400000000005
L,302.2,311.7,1471,45.6,140,0,9.5,67077.6,0.030999320190346704,0.56,14213.52
M,300.5,309.3,1589,34.9,91,0,8.800000000000011,55456.1,0.02196349905601007,0.364,10794.57
L,297.4,308.8,1651,34.1,163,0,11.400000000000034,56299.100000000006,0.020654149000605693,0.652,10530.08
L,296.8,308.0,1497,41.7,231,0,11.199999999999989,62424.9,0.027855711422845694,0.924,12843.6
L,297.3,308.3,2188,17.0,32,0,11.0,37196.0,0.007769652650822669,0.128,5241.1
M,300.7,310.6,1505,35.6,105,0,9.900000000000034,53578.0,0.023654485049833886,0.42,11057.36
L,298.0,307.6,1694,29.1,169,0,9.600000000000023,49295.4,0.01717827626918536,0.676,8951.160000000002
L,299.3,308.8,1550,45.8,170,0,9.5,70990.0,0.02954838709677419,0.68,14143.039999999999
L,300.3,311.7,1707,33.6,158,0,11.399999999999977,57355.200000000004,0.01968365553602812,0.632,10473.12
L,301.2,310.3,1499,38.1,61,0,9.100000000000023,57111.9,0.02541694462975317,0.244,11822.43
L,302.2,310.4,1743,28.1,170,0,8.199999999999989,48978.3,0.016121629374641424,0.68,8722.24
L,301.2,310.6,1389,45.3,64,0,9.400000000000034,62921.7,0.0326133909287257,0.256,14070.18
L,298.8,308.7,1591,31.1,68,0,9.899999999999977,49480.100000000006,0.01954745443117536,0.272,9600.57
L,298.8,308.8,1555,40.6,61,0,10.0,63133.0,0.026109324758842443,0.244,12537.28
L,297.3,308.6,1511,35.7,120,0,11.300000000000011,53942.700000000004,0.023626737260092654,0.48,11017.020000000002
M,304.2,313.4,1713,23.5,50,0,9.199999999999989,40255.5,0.013718622300058377,0.2,7364.9
L,302.4,310.9,1560,31.8,172,0,8.5,49608.0,0.020384615384615386,0.688,9886.619999999999
H,297.0,307.7,1834,23.8,195,0,10.699999999999989,43649.200000000004,0.012977099236641221,0.78,7323.26
L,300.7,311.8,1564,36.8,11,0,11.100000000000023,57555.2,0.023529411764705882,0.044,11474.24
L,298.1,308.7,1341,55.7,30,0,10.599999999999966,74693.7,0.041536167039522745,0.12,17194.59
L,301.3,311.1,1647,28.2,140,0,9.800000000000011,46445.4,0.017122040072859744,0.56,8773.02
L,297.4,308.5,1369,53.2,43,0,11.100000000000023,72830.8,0.03886048210372535,0.172,16412.2
L,300.8,309.6,1680,28.7,22,0,8.800000000000011,48216.0,0.017083333333333332,0.088,8885.52
L,300.6,310.0,1658,34.7,88,0,9.399999999999977,57532.600000000006,0.020928829915560918,0.352,10757.0
H,300.5,309.8,1324,72.8,159,1,9.300000000000011,96387.2,0.05498489425981873,0.636,22553.44
M,296.2,307.2,1389,48.6,7,0,11.0,67505.40000000001,0.03498920086393088,0.028,14929.92
L,303.4,312.0,1521,35.9,215,1,8.600000000000023,54603.9,0.023602892833662063,0.86,11200.8
L,297.0,307.9,1493,46.1,173,0,10.899999999999977,68827.3,0.030877427997320833,0.692,14194.189999999999
L,298.6,309.9,1393,45.5,38,0,11.299999999999955,63381.5,0.032663316582914576,0.152,14100.449999999999
L,302.3,311.7,1400,41.6,136,0,9.399999999999977,58240.0,0.029714285714285714,0.544,12966.72
L,298.2,307.9,1847,23.6,69,0,9.699999999999989,43589.200000000004,0.012777476989713049,0.276,7266.44
M,301.6,310.7,1813,24.6,210,0,9.099999999999966,44599.8,0.013568670711527855,0.84,7643.22
L,300.5,309.3,1475,46.8,94,0,8.800000000000011,69030.0,0.031728813559322035,0.376,14475.24
M,300.7,309.7,1523,38.2,73,0,9.0,58178.600000000006,0.025082074852265268,0.292,11830.54
L,303.4,311.8,1366,50.9,200,1,8.400000000000034,69529.4,0.03726207906295754,0.8,15870.62
H,298.2,308.4,1678,34.6,81,0,10.199999999999989,58058.8,0.02061978545887962,0.324,10670.64
L,301.0,311.9,1454,41.9,33,0,10.899999999999977,60922.6,0.028817056396148556,0.132,13068.609999999999
L,300.0,311.1,1425,47.8,179,0,11.100000000000023,68115.0,0.033543859649122806,0.716,14870.58
L,297.0,307.8,1583,37.2,189,0,10.800000000000011,58887.600000000006,0.023499684144030322,0.756,11450.160000000002
L,299.2,310.5,1384,48.7,93,0,11.300000000000011,67400.8,0.0351878612716763,0.372,15121.35
M,302.9,312.3,1339,52.1,145,0,9.400000000000034,69761.90000000001,0.038909634055265124,0.58,16270.830000000002
M,299.1,308.6,2329,14.6,95,0,9.5,34003.4,0.0062687848862172605,0.38,4505.56
L,301.4,310.7,1280,61.0,106,0,9.300000000000011,78080.0,0.04765625,0.424,18952.7
L,297.9,307.8,1451,38.2,80,0,9.900000000000034,55428.200000000004,0.026326671261199176,0.32,11757.960000000001
L,300.7,309.8,1363,53.1,183,0,9.100000000000023,72375.3,0.038958180484225974,0.732,16450.38
H,298.9,310.1,1491,45.3,133,0,11.200000000000045,67542.3,0.030382293762575452,0.532,14047.53
H,302.2,311.6,1534,37.2,41,0,9.400000000000034,57064.8,0.0242503259452412,0.164,11591.520000000002
L,303.6,311.8,1567,31.7,97,0,8.199999999999989,49673.9,0.0202297383535418,0.388,9884.06
L,301.5,310.5,1479,34.2,147,0,9.0,50581.8,0.0231237322515213,0.588,10619.1
L,303.7,312.3,1922,23.1,193,0,8.600000000000023,44398.200000000004,0.012018730489073882,0.772,7214.130000000001
M,298.8,310.0,1486,38.5,55,0,11.199999999999989,57211.0,0.025908479138627188,0.22,11935.0
M,301.2,310.8,1734,31.3,64,0,9.600000000000023,54274.200000000004,0.018050749711649366,0.256,9728.04
L,300.7,311.1,1478,46.8,165,0,10.400000000000034,69170.4,0.03166441136671177,0.66,14559.48
M,297.8,307.4,1330,51.7,183,0,9.599999999999966,68761.0,0.03887218045112782,0.732,15892.58
L,301.4,310.7,1786,26.1,123,0,9.300000000000011,46614.600000000006,0.014613661814109743,0.492,8109.27
L,303.7,312.7,1426,45.5,192,0,9.0,64883.0,0.03190743338008415,0.768,14227.85
L,300.5,309.3,1417,51.5,231,1,8.800000000000011,72975.5,0.03634438955539873,0.924,15928.95
M,298.2,308.0,1577,35.9,151,0,9.800000000000011,56614.299999999996,0.022764743183259353,0.604,11057.199999999999
L,298.2,309.2,1922,22.6,132,0,11.0,43437.200000000004,0.011758584807492197,0.528,6987.92
L,299.3,309.2,1541,37.2,118,0,9.899999999999977,57325.200000000004,0.024140168721609345,0.472,11502.24
L,300.5,311.6,1425,42.4,102,0,11.100000000000023,60420.0,0.02975438596491228,0.408,13211.84
L,299.0,310.2,1477,37.9,60,0,11.199999999999989,55978.299999999996,0.025660121868652675,0.24,11756.58
M,300.5,309.4,1877,23.8,31,0,8.899999999999977,44672.6,0.01267980820458178,0.124,7363.719999999999
L,301.7,310.6,1471,43.8,80,0,8.900000000000034,64429.799999999996,0.029775662814411963,0.32,13604.28
L,299.4,309.1,1207,66.5,66,0,9.700000000000045,80265.5,0.05509527754763877,0.264,20555.15
L,302.4,310.1,1426,46.8,95,0,7.7000000000000455,66736.8,0.03281907433380084,0.38,14512.68
L,300.6,310.6,1497,38.2,83,0,10.0,57185.4,0.025517702070808286,0.332,11864.920000000002
M,297.5,308.4,1350,52.2,157,0,10.899999999999977,70470.0,0.03866666666666667,0.628,16098.48
L,299.6,310.9,1448,46.3,196,0,11.299999999999955,67042.4,0.03197513812154696,0.784,14394.669999999998
L,298.9,309.0,1601,32.3,202,0,10.100000000000023,51712.299999999996,0.020174890693316676,0.808,9980.699999999999
L,296.3,307.2,1637,31.6,27,0,10.899999999999977,51729.200000000004,0.019303604153940137,0.108,9707.52
L,302.6,312.1,1519,38.1,178,0,9.5,57873.9,0.025082290980908493,0.712,11891.010000000002
L,300.7,310.8,1653,31.6,111,0,10.100000000000023,52234.8,0.0191167574107683,0.444,9821.28
L,300.6,311.7,1556,34.9,76,0,11.099999999999966,54304.399999999994,0.0224293059125964,0.304,10878.33
M,298.8,309.1,1472,47.5,125,0,10.300000000000011,69920.0,0.03226902173913043,0.5,14682.250000000002
L,297.4,308.3,1465,42.0,13,0,10.900000000000034,61530.0,0.028668941979522185,0.052,12948.6
H,296.1,306.8,1645,31.0,41,0,10.699999999999989,50995.0,0.01884498480243161,0.164,9510.800000000001
M,301.1,310.7,1583,40.7,2,0,9.599999999999966,64428.100000000006,0.02571067593177511,0.008,12645.49
H,300.7,310.5,1567,38.7,129,0,9.800000000000011,60642.9,0.02469687300574346,0.516,12016.35
L,301.5,310.8,1413,44.6,166,0,9.300000000000011,63019.8,0.03156404812455768,0.664,13861.68
L,299.1,308.9,1617,32.3,223,0,9.799999999999955,52229.1,0.019975262832405687,0.892,9977.469999999998
L,297.9,307.6,1612,30.7,134,0,9.700000000000045,49488.4,0.019044665012406946,0.536,9443.32
L,303.5,312.9,1544,36.9,87,0,9.399999999999977,56973.6,0.023898963730569947,0.348,11546.009999999998
H,301.4,310.7,1329,52.0,160,0,9.300000000000011,69108.0,0.03912716328066215,0.64,16156.4
M,298.2,307.9,1462,38.8,124,0,9.699999999999989,56725.6,0.026538987688098495,0.496,11946.519999999999
L,300.7,310.7,1425,45.3,48,0,10.0,64552.49999999999,0.03178947368421053,0.192,14074.71
M,300.1,309.0,1612,33.0,34,0,8.899999999999977,53196.0,0.020471464019851116,0.136,10197.0
L,301.7,310.3,1397,44.6,57,0,8.600000000000023,62306.200000000004,0.03192555476020043,0.228,13839.380000000001
M,299.5,309.1,1420,49.5,5,0,9.600000000000023,70290.0,0.03485915492957747,0.02,15300.45
L,298.8,308.6,1584,34.4,42,0,9.800000000000011,54489.6,0.021717171717171715,0.168,10615.84
L,300.8,312.0,1374,50.2,154,0,11.199999999999989,68974.8,0.03653566229985444,0.616,15662.400000000001
H,301.9,310.3,1653,32.4,100,0,8.400000000000034,53557.2,0.019600725952813067,0.4,10053.72
M,302.4,311.4,1508,41.2,60,0,9.0,62129.600000000006,0.027320954907161805,0.24,12829.68
L,298.3,310.1,1408,45.3,78,0,11.800000000000011,63782.399999999994,0.032173295454545454,0.312,14047.53
L,303.4,311.8,1438,58.9,22,0,8.400000000000034,84698.2,0.040959666203059804,0.088,18365.02
M,301.5,310.4,1276,55.6,158,0,8.899999999999977,70945.6,0.04357366771159875,0.632,17258.239999999998
L,296.5,307.6,1607,33.5,104,0,11.100000000000023,53834.5,0.020846297448662104,0.416,10304.6
L,300.9,310.0,2595,13.7,207,0,9.100000000000023,35551.5,0.005279383429672446,0.828,4247.0
L,300.8,310.9,1398,38.2,50,0,10.099999999999966,53403.600000000006,0.02732474964234621,0.2,11876.38
L,301.8,310.8,1383,46.4,37,0,9.0,64171.2,0.03355025307302965,0.148,14421.12
M,300.5,311.6,1246,52.9,165,0,11.100000000000023,65913.4,0.042455858747993576,0.66,16483.64
M,297.3,308.8,1548,41.3,140,0,11.5,63932.399999999994,0.026679586563307493,0.56,12753.439999999999
L,298.8,308.4,1369,53.0,138,0,9.599999999999966,72557.0,0.03871439006574142,0.552,16345.199999999999
L,297.3,308.2,1553,33.5,2,0,10.899999999999977,52025.5,0.021571152607855762,0.008,10324.699999999999
H,300.7,310.2,1877,24.8,64,0,9.5,46549.6,0.01321257325519446,0.256,7692.96
L,300.2,311.6,1500,39.0,174,0,11.400000000000034,58500.0,0.026,0.696,12152.400000000001
L,302.4,311.0,1486,40.4,192,0,8.600000000000023,60034.4,0.02718707940780619,0.768,12564.4
L,298.3,309.3,1401,51.9,14,0,11.0,72711.9,0.037044967880085655,0.056,16052.67
L,298.1,308.0,1638,35.1,38,0,9.899999999999977,57493.8,0.02142857142857143,0.152,10810.800000000001
L,299.8,311.1,1300,64.2,165,0,11.300000000000011,83460.0,0.04938461538461539,0.66,19972.620000000003
L,296.8,308.2,1361,53.8,193,0,11.399999999999977,73221.8,0.03952975753122704,0.772,16581.16
L,297.6,308.3,1410,47.0,191,0,10.699999999999989,66270.0,0.03333333333333333,0.764,14490.1
L,299.0,310.4,1981,21.2,125,0,11.399999999999977,41997.2,0.010701665825340736,0.5,6580.48
L,297.7,308.1,1697,29.1,179,0,10.400000000000034,49382.700000000004,0.017147908073070126,0.716,8965.710000000001
L,302.1,310.9,1666,30.7,203,0,8.799999999999955,51146.2,0.018427370948379353,0.812,9544.63
L,300.2,310.5,1416,46.7,90,0,10.300000000000011,66127.2,0.03298022598870057,0.36,14500.35
L,300.6,310.7,1438,48.5,78,1,10.099999999999966,69743.0,0.03372739916550765,0.312,15068.949999999999
L,300.6,311.7,1432,39.2,2,0,11.099999999999966,56134.4,0.027374301675977656,0.008,12218.640000000001
M,298.4,309.4,1429,41.8,203,0,11.0,59732.2,0.029251224632610213,0.812,12932.919999999998
M,297.8,309.1,1424,45.5,2,0,11.300000000000011,64792.0,0.03195224719101124,0.008,14064.050000000001
L,297.4,309.4,1466,45.5,53,0,12.0,66703.0,0.031036834924965895,0.212,14077.699999999999
L,300.3,309.6,1597,31.8,73,0,9.300000000000011,50784.6,0.019912335629304948,0.292,9845.28
L,299.8,309.4,1510,42.5,146,0,9.599999999999966,64175.0,0.028145695364238412,0.584,13149.499999999998
M,302.2,311.3,1521,40.6,52,0,9.100000000000023,61752.6,0.026692965154503617,0.208,12638.78
M,301.2,310.1,2280,15.7,11,0,8.900000000000034,35796.0,0.006885964912280701,0.044,4868.57
M,299.4,309.0,1939,19.8,204,0,9.600000000000023,38392.200000000004,0.010211449200618877,0.816,6118.2
L,297.2,308.8,1451,43.1,68,0,11.600000000000023,62538.1,0.029703652653342523,0.272,13309.28
M,302.3,311.7,1368,53.6,165,0,9.399999999999977,73324.8,0.0391812865497076,0.66,16707.12
L,302.0,310.5,1567,36.1,124,0,8.5,56568.700000000004,0.02303765156349713,0.496,11209.050000000001
M,297.5,308.8,1455,46.1,147,0,11.300000000000011,67075.5,0.03168384879725086,0.588,14235.68
L,301.3,311.0,1554,47.7,84,0,9.699999999999989,74125.8,0.030694980694980698,0.336,14834.7
L,300.5,311.1,1547,37.2,7,0,10.600000000000023,57548.4,0.02404654169360052,0.028,11572.920000000002
L,296.8,308.1,1289,62.0,199,1,11.300000000000011,79918.0,0.04809930178432894,0.796,19102.2
M,300.2,311.7,1397,50.2,71,0,11.5,70129.40000000001,0.03593414459556192,0.284,15647.34
M,299.2,308.4,1476,32.7,101,0,9.199999999999989,48265.200000000004,0.02215447154471545,0.404,10084.68
L,299.1,310.4,1594,33.3,147,0,11.299999999999955,53080.2,0.020890840652446674,0.588,10336.319999999998
L,301.5,310.6,1522,36.6,202,0,9.100000000000023,55705.200000000004,0.0240473061760841,0.808,11367.960000000001
L,303.8,312.6,1735,25.9,154,0,8.800000000000011,44936.5,0.014927953890489913,0.616,8096.34
M,301.1,310.2,1850,27.7,44,0,9.099999999999966,51245.0,0.014972972972972972,0.176,8592.539999999999
L,296.9,307.9,1423,43.9,149,0,11.0,62469.7,0.03085031623330991,0.596,13516.809999999998
M,304.1,313.5,1470,45.8,85,0,9.399999999999977,67326.0,0.03115646258503401,0.34,14358.3
M,297.5,308.4,1403,44.3,25,0,10.899999999999977,62152.899999999994,0.031575196008553096,0.1,13662.119999999999
M,299.3,310.5,1462,40.5,24,0,11.199999999999989,59211.0,0.027701778385772913,0.096,12575.25
H,298.9,309.6,1600,33.5,175,0,10.700000000000045,53600.0,0.0209375,0.7,10371.6
L,300.6,309.3,1601,40.2,69,0,8.699999999999989,64360.200000000004,0.025109306683322924,0.276,12433.86
M,297.6,308.5,1443,38.2,85,0,10.899999999999977,55122.600000000006,0.026472626472626475,0.34,11784.7
L,300.3,309.4,1705,29.4,190,0,9.099999999999966,50127.0,0.01724340175953079,0.76,9096.359999999999
L,299.6,309.0,1378,51.9,162,0,9.399999999999977,71518.2,0.0376632801161103,0.648,16037.1
L,297.3,308.4,1430,45.7,15,0,11.099999999999966,65351.00000000001,0.03195804195804196,0.06,14093.88
L,298.7,309.9,1446,43.3,46,0,11.199999999999989,62611.799999999996,0.02994467496542185,0.184,13418.669999999998
L,299.2,310.7,1477,44.0,19,0,11.5,64988.0,0.02979011509817197,0.076,13670.8
L,300.6,309.4,1369,51.6,71,0,8.799999999999955,70640.40000000001,0.03769174579985391,0.284,15965.039999999999
L,301.1,311.1,1429,42.5,123,0,10.0,60732.5,0.02974107767669699,0.492,13221.750000000002
L,297.5,308.6,1388,48.2,203,0,11.100000000000023,66901.6,0.03472622478386168,0.812,14874.520000000002
M,303.5,312.3,1532,41.7,32,0,8.800000000000011,63884.4,0.027219321148825068,0.128,13022.910000000002
L,300.0,311.5,1349,48.6,113,0,11.5,65561.40000000001,0.03602668643439585,0.452,15138.9
L,300.2,311.5,1639,31.1,31,0,11.300000000000011,50972.9,0.01897498474679683,0.124,9687.65
L,299.8,309.4,1633,27.5,29,0,9.599999999999966,44907.5,0.016840171463563994,0.116,8508.5
M,299.0,310.0,1338,56.4,29,0,11.0,75463.2,0.042152466367713005,0.116,17484.0
L,298.3,308.0,1442,47.3,65,0,9.699999999999989,68206.59999999999,0.03280166435506241,0.26,14568.4
M,300.6,311.7,1424,50.8,182,0,11.099999999999966,72339.2,0.035674157303370785,0.728,15834.359999999999
L,300.5,312.0,1415,44.6,23,0,11.5,63109.0,0.03151943462897527,0.092,13915.2
L,297.3,308.4,1339,52.1,36,0,11.099999999999966,69761.90000000001,0.038909634055265124,0.144,16067.64
M,298.8,309.6,1384,48.2,39,0,10.800000000000011,66708.8,0.034826589595375726,0.156,14922.720000000001
L,298.4,309.5,1692,28.3,136,0,11.100000000000023,47883.6,0.016725768321513002,0.544,8758.85
L,297.5,308.6,1793,26.7,70,0,11.100000000000023,47873.1,0.014891243725599553,0.28,8239.62
M,303.1,312.5,1667,30.0,160,0,9.399999999999977,50010.0,0.017996400719856028,0.64,9375.0
L,300.5,311.5,1302,49.6,80,0,11.0,64579.200000000004,0.0380952380952381,0.32,15450.4
M,301.6,310.6,1309,65.8,75,1,9.0,86132.2,0.05026737967914438,0.3,20437.48
L,298.2,308.1,1462,50.8,27,0,9.900000000000034,74269.59999999999,0.0347469220246238,0.108,15651.48
L,301.3,311.0,1856,21.9,189,0,9.699999999999989,40646.399999999994,0.01179956896551724,0.756,6810.9
H,296.9,308.3,1474,39.2,177,0,11.400000000000034,57780.8,0.026594301221166895,0.708,12085.36
L,300.3,309.9,1377,55.3,4,0,9.599999999999966,76148.09999999999,0.040159767610748,0.016,17137.469999999998
M,301.9,311.3,1522,35.6,63,0,9.400000000000034,54183.200000000004,0.023390275952693825,0.252,11082.28
L,300.7,312.3,1715,26.8,146,0,11.600000000000023,45962.0,0.015626822157434404,0.584,8369.640000000001
M,298.3,309.4,1595,29.0,103,0,11.099999999999966,46255.0,0.01818181818181818,0.412,8972.599999999999
L,303.3,311.6,1301,45.1,219,1,8.300000000000011,58675.1,0.03466564181398924,0.876,14053.160000000002
M,301.7,310.1,1644,34.6,5,0,8.400000000000034,56882.4,0.021046228710462286,0.02,10729.460000000001
M,300.4,310.6,1448,44.9,21,0,10.200000000000045,65015.2,0.03100828729281768,0.084,13945.94
M,300.4,309.6,1521,35.0,119,0,9.200000000000045,53235.0,0.023011176857330704,0.476,10836.0
L,302.2,310.6,1348,48.4,161,1,8.400000000000034,65243.2,0.03590504451038576,0.644,15033.04
L,300.0,311.2,1504,37.9,58,0,11.199999999999989,57001.6,0.025199468085106383,0.232,11794.48
L,300.4,311.7,1314,59.5,160,0,11.300000000000011,78183.0,0.04528158295281583,0.64,18546.149999999998
L,300.5,310.3,1435,43.3,31,0,9.800000000000011,62135.49999999999,0.030174216027874564,0.124,13435.99
L,297.9,309.0,1456,46.5,52,0,11.100000000000023,67704.0,0.031936813186813184,0.208,14368.5
M,300.1,311.7,1400,48.5,205,0,11.599999999999966,67900.0,0.03464285714285714,0.82,15117.449999999999
L,300.0,309.4,1460,43.5,102,0,9.399999999999977,63510.0,0.029794520547945205,0.408,13458.9
L,298.0,309.6,1403,51.3,122,0,11.600000000000023,71973.9,0.036564504632929436,0.488,15882.48
L,300.5,311.4,1432,47.5,51,0,10.899999999999977,68020.0,0.03317039106145252,0.204,14791.499999999998
M,302.2,311.7,1393,42.5,53,0,9.5,59202.5,0.030509691313711413,0.212,13247.25
L,297.3,308.7,1556,36.7,114,0,11.399999999999977,57105.200000000004,0.023586118251928023,0.456,11329.29
L,299.4,308.9,1451,40.5,168,0,9.5,58765.5,0.027911784975878703,0.672,12510.449999999999
L,298.9,308.9,1753,25.8,33,0,10.0,45227.4,0.014717626925270965,0.132,7969.62
L,300.3,311.9,1692,31.5,187,0,11.599999999999966,53298.0,0.018617021276595744,0.748,9824.849999999999
L,299.9,309.3,1620,31.1,196,0,9.400000000000034,50382.0,0.01919753086419753,0.784,9619.230000000001
L,300.2,310.0,1486,40.1,182,0,9.800000000000011,59588.6,0.026985195154777927,0.728,12431.0
L,302.9,312.2,1469,42.0,214,0,9.300000000000011,61698.0,0.02859087814840027,0.856,13112.4
L,298.9,310.0,1776,25.7,51,0,11.100000000000023,45643.2,0.01447072072072072,0.204,7967.0
H,300.2,311.5,1454,42.8,88,0,11.300000000000011,62231.2,0.029436038514442913,0.352,13332.199999999999
L,300.5,311.1,1491,42.6,11,0,10.600000000000023,63516.6,0.028571428571428574,0.044,13252.86
L,300.8,310.8,1460,53.8,41,0,10.0,78548.0,0.03684931506849315,0.164,16721.04
L,302.3,311.8,1433,50.3,183,0,9.5,72079.9,0.03510118632240056,0.732,15683.539999999999
L,301.9,310.8,1735,31.5,66,0,8.900000000000034,54652.5,0.018155619596541786,0.264,9790.2
L,303.4,311.5,1414,44.8,71,0,8.100000000000023,63347.2,0.031683168316831684,0.284,13955.199999999999
L,303.5,311.9,1344,49.3,93,1,8.399999999999977,66259.2,0.036681547619047614,0.372,15376.669999999998
M,299.1,310.4,1422,49.3,69,0,11.299999999999955,70104.59999999999,0.034669479606188464,0.276,15302.719999999998
M,298.0,309.4,1276,65.9,50,0,11.399999999999977,84088.40000000001,0.05164576802507837,0.2,20389.46
L,300.1,309.6,1546,36.7,77,0,9.5,56738.200000000004,0.023738680465717983,0.308,11362.320000000002
L,299.6,309.1,2266,15.3,79,0,9.5,34669.8,0.006751985878199471,0.316,4729.2300000000005
L,298.2,308.4,1497,37.7,207,0,10.199999999999989,56436.9,0.02518370073480294,0.828,11626.68
L,297.0,307.8,1774,28.0,188,0,10.800000000000011,49672.0,0.015783540022547914,0.752,8618.4
L,297.4,308.8,1620,33.4,186,0,11.400000000000034,54108.0,0.020617283950617283,0.744,10313.92
M,295.3,305.7,1473,38.5,189,0,10.399999999999977,56710.5,0.02613713509843856,0.756,11769.449999999999
L,298.8,308.5,1450,50.8,57,0,9.699999999999989,73660.0,0.035034482758620686,0.228,15671.8
L,301.3,310.6,1966,22.6,161,0,9.300000000000011,44431.600000000006,0.011495422177009156,0.644,7019.560000000001
L,300.1,309.3,1570,36.8,189,0,9.199999999999989,57775.99999999999,0.02343949044585987,0.756,11382.24
M,300.9,309.5,1758,26.8,116,0,8.600000000000023,47114.4,0.015244596131968146,0.464,8294.6
H,303.2,311.2,1475,43.1,20,0,8.0,63572.5,0.029220338983050848,0.08,13412.72
M,301.5,311.1,1396,43.5,112,0,9.600000000000023,60726.0,0.031160458452722063,0.448,13532.85
M,297.4,309.1,1463,35.0,183,0,11.700000000000045,51205.0,0.023923444976076555,0.732,10818.5
L,298.0,308.3,1473,42.6,107,0,10.300000000000011,62749.8,0.028920570264765785,0.428,13133.580000000002
L,300.4,309.5,1525,51.3,4,0,9.100000000000023,78232.5,0.03363934426229508,0.016,15877.349999999999
L,298.1,308.9,1351,52.4,102,0,10.799999999999955,70792.4,0.038786084381939305,0.408,16186.359999999999
L,298.0,308.7,1506,47.0,208,0,10.699999999999989,70782.0,0.031208499335989376,0.832,14508.9
L,302.3,311.8,1281,51.7,61,0,9.5,66227.7,0.040359094457455114,0.244,16120.060000000001
L,298.4,309.7,1457,44.2,175,0,11.300000000000011,64399.4,0.0303363074811256,0.7,13688.74
L,299.2,308.5,1488,40.3,148,0,9.300000000000011,59966.399999999994,0.02708333333333333,0.592,12432.55
M,303.8,312.7,1374,53.6,136,0,8.899999999999977,73646.40000000001,0.03901018922852984,0.544,16760.72
L,302.9,312.2,1605,33.9,86,0,9.300000000000011,54409.5,0.021121495327102804,0.344,10583.58
L,298.8,309.6,1890,24.0,173,0,10.800000000000011,45360.0,0.012698412698412698,0.692,7430.400000000001
L,303.6,312.0,1391,50.3,101,0,8.399999999999977,69967.3,0.036161035226455786,0.404,15693.599999999999
L,298.6,309.8,1597,35.9,213,0,11.199999999999989,57332.299999999996,0.02247964934251722,0.852,11121.82
L,297.9,307.8,1365,46.9,73,0,9.900000000000034,64018.5,0.03435897435897436,0.292,14435.82
L,301.2,310.7,1517,39.4,107,0,9.5,59769.799999999996,0.025972313777191825,0.428,12241.58
H,298.1,308.3,1530,42.0,184,0,10.199999999999989,64260.0,0.027450980392156862,0.736,12948.6
L,301.0,311.3,1342,50.9,60,0,10.300000000000011,68307.8,0.03792846497764531,0.24,15845.17
L,297.7,308.2,2007,19.3,181,0,10.5,38735.1,0.009616342800199303,0.724,5948.26
L,303.2,311.4,1324,54.2,228,1,8.199999999999989,71760.8,0.04093655589123867,0.912,16877.88
M,297.4,308.7,1582,31.9,161,0,11.300000000000011,50465.799999999996,0.02016434892541087,0.644,9847.529999999999
L,297.4,308.4,1664,28.1,67,0,11.0,46758.4,0.016887019230769233,0.268,8666.039999999999
L,298.6,309.4,1471,48.0,141,0,10.799999999999955,70608.0,0.03263086335825969,0.564,14851.199999999999
L,302.9,312.3,1435,47.7,173,0,9.400000000000034,68449.5,0.033240418118466904,0.692,14896.710000000001
H,298.0,308.6,1526,41.8,160,0,10.600000000000023,63786.799999999996,0.027391874180865004,0.64,12899.48
L,300.7,310.5,1561,33.2,48,0,9.800000000000011,51825.200000000004,0.021268417680973737,0.192,10308.6
M,300.6,309.9,1449,42.4,169,0,9.299999999999955,61437.6,0.029261559696342303,0.676,13139.759999999998
L,301.7,311.0,1548,40.3,21,0,9.300000000000011,62384.399999999994,0.026033591731266147,0.084,12533.3
L,302.0,310.9,1539,34.2,13,0,8.899999999999977,52633.8,0.022222222222222223,0.052,10632.78
L,302.6,311.0,1424,38.0,144,0,8.399999999999977,54112.0,0.026685393258426966,0.576,11818.0
L,299.0,310.4,1483,41.5,96,0,11.399999999999977,61544.5,0.027983816587997302,0.384,12881.599999999999
H,297.5,308.5,1393,46.6,56,0,11.0,64913.8,0.0334529791816224,0.224,14376.1
L,298.1,309.0,1559,34.0,54,0,10.899999999999977,53006.0,0.021808851828094934,0.216,10506.0
L,298.9,308.6,1539,45.4,4,0,9.700000000000045,69870.59999999999,0.0294996751137102,0.016,14010.44
M,303.7,312.7,1316,51.8,197,0,9.0,68168.8,0.039361702127659576,0.788,16197.859999999999
H,298.4,308.4,1479,39.2,58,0,10.0,57976.8,0.026504394861392836,0.232,12089.28
M,301.0,309.8,1594,31.1,143,0,8.800000000000011,49573.4,0.019510664993726477,0.572,9634.78
L,302.3,311.2,1401,49.7,118,0,8.899999999999977,69629.7,0.035474660956459673,0.472,15466.64
L,298.1,308.5,1676,30.5,22,0,10.399999999999977,51118.0,0.018198090692124105,0.088,9409.25
M,299.6,309.1,1435,48.4,143,0,9.5,69454.0,0.03372822299651568,0.572,14960.44
L,298.4,307.9,1743,27.3,134,0,9.5,47583.9,0.01566265060240964,0.536,8405.67
M,299.0,310.1,1705,30.1,84,0,11.100000000000023,51320.5,0.017653958944281525,0.336,9334.01
L,296.7,307.8,1605,31.3,128,0,11.100000000000023,50236.5,0.019501557632398754,0.512,9634.140000000001
L,298.8,309.8,1485,42.4,74,0,11.0,62964.0,0.02855218855218855,0.296,13135.52
L,301.6,310.1,1362,55.8,70,1,8.5,75999.59999999999,0.040969162995594714,0.28,17303.58
L,299.1,310.4,1450,40.9,85,0,11.299999999999955,59305.0,0.028206896551724137,0.34,12695.359999999999
L,302.5,311.1,1493,39.0,137,0,8.600000000000023,58227.0,0.026121902210314803,0.548,12132.900000000001
M,297.5,308.6,1486,45.9,78,0,11.100000000000023,68207.4,0.03088829071332436,0.312,14164.74
L,297.3,308.1,1468,49.8,0,0,10.800000000000011,73106.4,0.033923705722070846,0.0,15343.380000000001
M,296.5,307.4,1565,43.5,194,0,10.899999999999977,68077.5,0.02779552715654952,0.776,13371.9
M,298.1,309.0,1976,19.3,158,0,10.899999999999977,38136.8,0.009767206477732793,0.632,5963.7
L,300.7,311.9,1335,57.1,194,1,11.199999999999989,76228.5,0.04277153558052434,0.776,17809.489999999998
M,300.2,309.7,1183,61.4,170,0,9.5,72636.2,0.051901944209636515,0.68,19015.579999999998
L,300.8,312.5,1517,39.2,107,0,11.699999999999989,59466.4,0.025840474620962426,0.428,12250.0
L,298.7,309.9,1371,51.3,201,0,11.199999999999989,70332.3,0.037417943107221005,0.804,15897.869999999997
L,301.3,310.7,1536,39.3,31,0,9.399999999999977,60364.799999999996,0.0255859375,0.124,12210.509999999998
L,300.8,312.6,1376,53.6,119,0,11.800000000000011,73753.6,0.038953488372093024,0.476,16755.36
M,298.4,309.7,1679,33.3,167,0,11.300000000000011,55910.7,0.019833234067897557,0.668,10313.009999999998
L,301.8,310.7,1461,44.2,49,0,8.899999999999977,64576.200000000004,0.030253251197809722,0.196,13732.94
L,300.7,312.3,1418,49.0,69,0,11.600000000000023,69482.0,0.03455571227080395,0.276,15302.7
M,297.5,308.3,1476,45.6,31,0,10.800000000000011,67305.6,0.030894308943089432,0.124,14058.480000000001
L,299.2,308.5,1487,41.2,140,0,9.300000000000011,61264.4,0.02770679219905851,0.56,12710.2
L,299.3,309.0,1491,38.4,115,0,9.699999999999989,57254.4,0.025754527162977867,0.46,11865.6
M,297.6,308.6,1482,38.3,39,0,11.0,56760.6,0.02584345479082321,0.156,11819.38
L,300.9,309.7,1460,42.1,181,0,8.800000000000011,61466.0,0.028835616438356165,0.724,13038.37
H,297.7,309.4,1608,30.2,135,0,11.699999999999989,48561.6,0.018781094527363183,0.54,9343.88
L,298.4,309.2,1610,32.4,194,0,10.800000000000011,52164.0,0.020124223602484472,0.776,10018.08
L,301.4,310.4,1430,50.9,178,0,9.0,72787.0,0.0355944055944056,0.712,15799.359999999999
M,299.3,310.5,1563,42.1,19,0,11.199999999999989,65802.3,0.026935380678182984,0.076,13072.050000000001
M,301.6,310.7,1421,44.4,94,0,9.099999999999966,63092.4,0.031245601688951442,0.376,13795.08
M,298.3,308.0,1766,26.0,96,0,9.699999999999989,45916.0,0.014722536806342015,0.384,8008.0
H,297.3,308.1,1477,52.3,2,0,10.800000000000011,77247.09999999999,0.03540961408259986,0.008,16113.630000000001
M,297.9,309.1,1614,38.1,62,0,11.200000000000045,61493.4,0.023605947955390335,0.248,11776.710000000001
L,297.4,308.8,1447,58.1,129,0,11.400000000000034,84070.7,0.040152038700760194,0.516,17941.280000000002
L,297.7,308.4,1740,27.1,136,0,10.699999999999989,47154.0,0.015574712643678162,0.544,8357.64
L,298.5,309.4,1578,36.3,71,0,10.899999999999977,57281.399999999994,0.02300380228136882,0.284,11231.219999999998
L,297.7,308.9,1458,41.1,14,0,11.199999999999989,59923.8,0.028189300411522636,0.056,12695.789999999999
M,298.3,308.8,1349,52.1,104,0,10.5,70282.90000000001,0.03862120088954781,0.416,16088.480000000001
L,296.8,307.9,1706,30.8,111,0,11.099999999999966,52544.8,0.01805392731535756,0.444,9483.32
L,301.3,311.2,1675,32.1,12,0,9.899999999999977,53767.5,0.019164179104477614,0.048,9989.52
L,300.6,310.6,2127,18.7,53,0,10.0,39774.9,0.008791725434884814,0.212,5808.22
L,298.5,308.3,1504,38.0,20,0,9.800000000000011,57152.0,0.02526595744680851,0.08,11715.4
M,298.0,308.1,1587,32.3,30,0,10.100000000000023,51260.1,0.020352867044738498,0.12,9951.63
M,300.7,310.6,1778,27.1,215,0,9.900000000000034,48183.8,0.015241844769403825,0.86,8417.26
L,300.9,312.1,1359,51.7,146,0,11.200000000000045,70260.3,0.03804267844002943,0.584,16135.570000000002
L,303.6,312.3,1451,43.4,119,0,8.699999999999989,62973.4,0.02991040661612681,0.476,13553.82
L,297.4,308.2,1386,41.0,35,0,10.800000000000011,56826.0,0.02958152958152958,0.14,12636.199999999999
M,304.1,313.2,1586,41.1,129,0,9.099999999999966,65184.600000000006,0.02591424968474149,0.516,12872.52
M,298.6,309.5,1404,43.3,33,0,10.899999999999977,60793.2,0.03084045584045584,0.132,13401.349999999999
M,302.5,311.1,1638,32.0,198,0,8.600000000000023,52416.0,0.019536019536019536,0.792,9955.2
L,299.0,309.9,1373,55.7,201,1,10.899999999999977,76476.1,0.040568099053168244,0.804,17261.43
M,302.4,310.3,1375,52.5,161,1,7.900000000000034,72187.5,0.038181818181818185,0.644,16290.75
L,304.1,313.0,1566,37.2,7,0,8.899999999999977,58255.200000000004,0.023754789272030653,0.028,11643.6
L,302.3,311.4,1476,37.3,20,0,9.099999999999966,55054.799999999996,0.025271002710027097,0.08,11615.219999999998
L,300.6,309.4,1410,40.6,99,0,8.799999999999955,57246.0,0.028794326241134753,0.396,12561.64
L,297.5,309.3,1623,33.4,74,0,11.800000000000011,54208.2,0.02057917436845348,0.296,10330.62
L,298.3,308.1,1412,52.3,218,1,9.800000000000011,73847.59999999999,0.03703966005665722,0.872,16113.630000000001
M,296.2,307.2,1168,63.4,172,0,11.0,74051.2,0.05428082191780822,0.688,19476.48
L,300.3,309.2,1532,40.2,194,0,8.899999999999977,61586.4,0.026240208877284597,0.776,12429.84
M,299.4,308.6,1541,39.1,109,0,9.200000000000045,60253.100000000006,0.02537313432835821,0.436,12066.260000000002
L,299.8,309.6,1598,31.0,139,0,9.800000000000011,49538.0,0.01939924906132666,0.556,9597.6
M,300.5,311.3,1468,41.1,34,0,10.800000000000011,60334.8,0.027997275204359674,0.136,12794.43
L,303.1,312.9,1511,40.1,107,0,9.799999999999955,60591.1,0.02653871608206486,0.428,12547.289999999999
H,297.2,308.3,1453,45.8,105,0,11.100000000000023,66547.4,0.0315209910529938,0.42,14120.14
L,299.5,309.0,1498,44.6,101,0,9.5,66810.8,0.029773030707610147,0.404,13781.4
M,298.7,309.4,1375,48.3,157,0,10.699999999999989,66412.5,0.03512727272727272,0.628,14944.019999999999
M,302.5,311.9,1298,57.5,57,0,9.399999999999977,74635.0,0.04429892141756549,0.228,17934.25
L,298.2,308.3,1688,32.0,202,0,10.100000000000023,54016.0,0.018957345971563982,0.808,9865.6
M,298.5,308.7,1367,47.3,47,0,10.199999999999989,64659.1,0.0346013167520117,0.188,14601.509999999998
M,296.3,307.3,1498,41.6,15,0,11.0,62316.8,0.027770360480640854,0.06,12783.68
H,302.8,312.3,1336,57.5,187,0,9.5,76820.0,0.04303892215568862,0.748,17957.25
L,299.0,309.4,1419,48.3,91,0,10.399999999999977,68537.7,0.034038054968287525,0.364,14944.019999999999
M,300.1,310.3,1345,57.1,71,0,10.199999999999989,76799.5,0.04245353159851301,0.284,17718.13
L,299.0,310.3,1483,39.2,153,0,11.300000000000011,58133.600000000006,0.026432906271072153,0.612,12163.760000000002
M,296.9,307.8,1544,37.6,109,0,10.900000000000034,58054.4,0.02435233160621762,0.436,11573.28
L,298.9,308.8,1530,38.3,23,0,9.900000000000034,58598.99999999999,0.02503267973856209,0.092,11827.039999999999
M,299.9,310.4,1576,34.3,188,0,10.5,54056.799999999996,0.021763959390862942,0.752,10646.719999999998
L,302.0,310.6,1467,44.9,86,0,8.600000000000023,65868.3,0.030606680299931834,0.344,13945.94
L,298.7,308.4,1694,28.7,195,0,9.699999999999989,48617.799999999996,0.016942148760330577,0.78,8851.08
L,300.1,310.5,1356,45.8,126,0,10.399999999999977,62104.799999999996,0.033775811209439524,0.504,14220.9
M,300.9,311.5,1704,31.3,159,0,10.600000000000023,53335.200000000004,0.01836854460093897,0.636,9749.95
L,299.4,309.0,1800,24.3,128,0,9.600000000000023,43740.0,0.0135,0.512,7508.7
M,302.5,312.0,1521,40.2,174,0,9.5,61144.200000000004,0.026429980276134125,0.696,12542.400000000001
L,301.1,311.0,1565,52.3,183,0,9.899999999999977,81849.5,0.0334185303514377,0.732,16265.3
L,297.6,308.0,1258,57.4,139,0,10.399999999999977,72209.2,0.04562798092209857,0.556,17679.2
L,296.9,308.1,1741,28.8,60,0,11.200000000000045,50140.8,0.016542217116599655,0.24,8873.28
M,302.6,312.0,1496,45.0,79,0,9.399999999999977,67320.0,0.030080213903743314,0.316,14040.0
L,297.4,308.3,1412,42.0,111,0,10.900000000000034,59304.0,0.029745042492917848,0.444,12948.6
M,297.4,308.4,1517,41.0,18,0,11.0,62197.0,0.02702702702702703,0.072,12644.4
M,298.4,309.0,1507,36.1,191,0,10.600000000000023,54402.700000000004,0.023954877239548773,0.764,11154.9
M,298.5,309.7,1557,37.7,86,0,11.199999999999989,58698.9,0.024213230571612076,0.344,11675.69
M,302.3,311.7,1504,37.3,107,0,9.399999999999977,56099.2,0.024800531914893616,0.428,11626.409999999998
L,297.5,308.5,1597,36.4,112,0,11.0,58130.799999999996,0.022792736380713836,0.448,11229.4
H,300.7,309.6,1403,51.3,174,0,8.900000000000034,71973.9,0.036564504632929436,0.696,15882.48
M,299.0,310.2,1598,33.4,44,0,11.199999999999989,53373.2,0.02090112640801001,0.176,10360.679999999998
M,299.3,308.7,1390,49.3,215,0,9.399999999999977,68527.0,0.035467625899280576,0.86,15218.909999999998
H,300.2,309.7,1483,43.8,108,0,9.5,64955.399999999994,0.029534726904922454,0.432,13564.859999999999
H,297.8,308.4,1512,35.1,138,0,10.599999999999966,53071.200000000004,0.023214285714285715,0.552,10824.84
L,298.4,309.2,1335,53.5,168,0,10.800000000000011,71422.5,0.040074906367041196,0.672,16542.2
M,297.6,308.5,1490,43.4,154,0,10.899999999999977,64666.0,0.029127516778523488,0.616,13388.9
M,298.9,309.0,1812,25.9,174,0,10.100000000000023,46930.799999999996,0.014293598233995584,0.696,8003.099999999999
L,301.4,310.4,1433,43.4,86,0,9.0,62192.2,0.030286113049546405,0.344,13471.359999999999
M,300.6,310.5,1462,41.3,68,0,9.899999999999977,60380.6,0.028248974008207934,0.272,12823.65
L,297.7,308.2,1446,43.9,172,0,10.5,63479.4,0.030359612724757953,0.688,13529.98
L,301.0,311.3,1472,35.3,73,0,10.300000000000011,51961.6,0.023980978260869562,0.292,10988.89
L,298.9,309.9,1309,56.2,119,0,11.0,73565.8,0.04293353705118411,0.476,17416.38
M,301.0,310.9,1515,41.8,170,0,9.899999999999977,63326.99999999999,0.02759075907590759,0.68,12995.619999999999
L,300.4,311.8,1589,42.0,201,0,11.400000000000034,66738.0,0.02643171806167401,0.804,13095.6
H,297.2,308.5,2440,14.0,166,0,11.300000000000011,34160.0,0.005737704918032787,0.664,4319.0
H,296.5,307.4,1432,49.2,64,0,10.899999999999977,70454.40000000001,0.034357541899441346,0.256,15124.08
L,300.3,311.7,1406,47.5,14,0,11.399999999999977,66785.0,0.033783783783783786,0.056,14805.75
L,302.6,311.9,1448,49.5,72,0,9.299999999999955,71676.0,0.03418508287292818,0.288,15439.05
L,298.0,308.2,1620,35.8,5,0,10.199999999999989,57995.99999999999,0.022098765432098762,0.02,11033.56
L,301.5,310.4,1474,39.9,53,0,8.899999999999977,58812.6,0.027069199457259156,0.212,12384.96
H,299.8,309.0,1467,37.3,193,0,9.199999999999989,54719.1,0.02542603953646898,0.772,11525.699999999999
L,300.5,311.4,1466,41.8,112,0,10.899999999999977,61278.799999999996,0.02851296043656207,0.448,13016.519999999999
L,298.6,308.2,1361,68.2,172,1,9.599999999999966,92820.2,0.05011021307861867,0.688,21019.24
L,301.9,310.9,1542,36.7,101,0,9.0,56591.4,0.023800259403372246,0.404,11410.03
L,302.5,312.0,1456,46.3,208,0,9.5,67412.8,0.03179945054945055,0.832,14445.599999999999
L,300.2,311.7,1640,30.8,191,0,11.5,50512.0,0.018780487804878048,0.764,9600.36
M,295.5,305.9,1453,47.3,9,0,10.399999999999977,68726.9,0.032553337921541636,0.036,14469.069999999998
L,297.5,308.9,1729,28.1,189,0,11.399999999999977,48584.9,0.016252168883747833,0.756,8680.09
M,298.0,309.9,1445,45.2,55,0,11.899999999999977,65314.00000000001,0.031280276816609,0.22,14007.48
L,304.2,313.4,1475,40.2,98,0,9.199999999999989,59295.00000000001,0.027254237288135596,0.392,12598.68
M,298.9,308.9,1679,28.7,181,0,10.0,48187.299999999996,0.017093508040500298,0.724,8865.429999999998
L,300.2,310.0,1389,53.6,184,0,9.800000000000011,74450.40000000001,0.03858891288696904,0.736,16616.0
L,300.9,310.3,1440,47.6,140,0,9.400000000000034,68544.0,0.03305555555555555,0.56,14770.28
M,302.3,311.1,1435,43.1,149,0,8.800000000000011,61848.5,0.030034843205574913,0.596,13408.410000000002
L,302.9,312.5,1629,30.4,74,0,9.600000000000023,49521.6,0.018661755678330262,0.296,9500.0
L,297.0,308.1,1489,44.1,96,0,11.100000000000023,65664.90000000001,0.02961719274680994,0.384,13587.210000000001
M,297.4,308.1,1620,31.2,143,0,10.700000000000045,50544.0,0.019259259259259257,0.572,9612.720000000001
M,302.4,311.1,1432,44.5,195,0,8.700000000000045,63724.0,0.031075418994413406,0.78,13843.95
H,298.4,308.3,1458,42.9,15,0,9.900000000000034,62548.2,0.0294238683127572,0.06,13226.07
L,298.2,308.7,2186,17.8,31,0,10.5,38910.8,0.008142726440988107,0.124,5494.86
M,298.2,308.3,1560,33.0,181,0,10.100000000000023,51480.0,0.021153846153846155,0.724,10173.9
L,298.6,309.8,1544,30.2,113,0,11.199999999999989,46628.799999999996,0.019559585492227978,0.452,9355.960000000001
L,300.3,309.9,1570,34.0,31,0,9.599999999999966,53380.0,0.02165605095541401,0.124,10536.599999999999
L,299.5,309.3,1442,46.2,5,0,9.800000000000011,66620.40000000001,0.03203883495145631,0.02,14289.660000000002
M,302.3,310.9,1558,31.9,207,0,8.599999999999966,49700.2,0.02047496790757381,0.828,9917.71
M,299.7,309.1,1576,36.4,149,0,9.400000000000034,57366.399999999994,0.023096446700507613,0.596,11251.24
M,302.1,311.3,1497,38.4,28,0,9.199999999999989,57484.799999999996,0.02565130260521042,0.112,11953.92
L,297.1,307.8,1584,42.3,135,0,10.699999999999989,67003.2,0.026704545454545453,0.54,13019.94
M,300.9,310.7,1268,56.3,161,0,9.800000000000011,71388.4,0.044400630914826496,0.644,17492.41
H,299.1,308.8,1553,32.6,90,0,9.699999999999989,50627.8,0.020991629104958148,0.36,10066.880000000001
M,298.2,308.5,2678,10.7,86,1,10.300000000000011,28654.6,0.003995519044062733,0.344,3300.95
L,297.9,309.8,1336,71.6,31,1,11.900000000000034,95657.59999999999,0.05359281437125748,0.124,22181.68
L,301.6,310.6,1613,42.5,97,0,9.0,68552.5,0.02634841909485431,0.388,13200.500000000002
L,297.9,307.8,1286,59.5,55,0,9.900000000000034,76517.0,0.046267496111975115,0.22,18314.100000000002
L,297.4,307.9,1557,35.5,174,0,10.5,55273.5,0.022800256904303148,0.696,10930.449999999999
L,300.7,311.0,1318,48.2,128,0,10.300000000000011,63527.600000000006,0.03657056145675266,0.512,14990.2
L,302.4,311.1,1446,42.9,5,0,8.700000000000045,62033.4,0.02966804979253112,0.02,13346.19
M,298.5,308.6,1344,53.0,114,0,10.100000000000023,71232.0,0.03943452380952381,0.456,16355.800000000001
M,301.8,310.8,1618,37.8,59,0,9.0,61160.399999999994,0.023362175525339923,0.236,11748.24
L,300.1,311.4,1356,45.7,149,0,11.299999999999955,61969.200000000004,0.03370206489675517,0.596,14230.98
L,302.8,312.3,1494,37.5,198,0,9.5,56025.0,0.025100401606425703,0.792,11711.25
L,302.6,310.5,1511,37.2,197,0,7.899999999999977,56209.200000000004,0.024619457313037725,0.788,11550.6
L,300.9,312.4,1372,51.0,142,0,11.5,69972.0,0.03717201166180758,0.568,15932.4
M,296.7,307.5,1515,42.1,55,0,10.800000000000011,63781.5,0.02778877887788779,0.22,12945.75
L,299.1,310.5,1496,35.2,60,0,11.399999999999977,52659.200000000004,0.023529411764705885,0.24,10929.6
L,298.8,309.8,1490,40.6,124,0,11.0,60494.0,0.027248322147651008,0.496,12577.880000000001
M,304.0,313.0,1377,56.0,61,0,9.0,77112.0,0.04066811909949165,0.244,17528.0
L,301.5,310.8,1367,49.0,193,0,9.300000000000011,66983.0,0.03584491587417703,0.772,15229.2
L,303.9,313.2,1481,44.1,197,0,9.300000000000011,65312.1,0.029777177582714382,0.788,13812.12
L,301.8,310.7,1751,29.3,133,0,8.899999999999977,51304.3,0.016733295259851514,0.532,9103.51
M,300.1,309.2,1418,39.8,221,0,9.099999999999966,56436.399999999994,0.028067700987306064,0.884,12306.159999999998
L,302.0,311.0,1566,37.8,218,0,9.0,59194.799999999996,0.02413793103448276,0.872,11755.8
L,302.8,310.6,1617,37.9,207,0,7.800000000000011,61284.299999999996,0.023438466295609153,0.828,11771.74
M,297.6,309.0,1815,25.3,66,0,11.399999999999977,45919.5,0.013939393939393939,0.264,7817.7
L,298.4,308.6,1609,35.0,103,0,10.200000000000045,56315.0,0.02175264139216905,0.412,10801.0
M,300.0,309.6,1423,48.7,67,0,9.600000000000023,69300.1,0.03422347153900211,0.268,15077.520000000002
L,297.9,308.5,1305,47.2,155,0,10.600000000000023,61596.00000000001,0.03616858237547893,0.62,14561.2
L,298.1,307.9,1614,35.8,196,0,9.799999999999955,57781.2,0.022180916976456008,0.784,11022.819999999998
L,299.5,309.3,1462,46.7,7,0,9.800000000000011,68275.40000000001,0.031942544459644326,0.028,14444.310000000001
L,303.5,312.3,1404,48.6,193,0,8.800000000000011,68234.40000000001,0.03461538461538462,0.772,15177.78
L,300.9,310.6,1504,46.4,129,0,9.700000000000045,69785.59999999999,0.030851063829787233,0.516,14411.84
L,299.9,310.1,1681,29.1,197,0,10.200000000000045,48917.100000000006,0.017311124330755503,0.788,9023.910000000002
L,301.2,310.7,1568,38.3,49,0,9.5,60054.399999999994,0.024426020408163263,0.196,11899.81
M,299.2,308.8,1523,38.9,112,0,9.600000000000023,59244.7,0.025541694024950753,0.448,12012.32
L,302.3,310.1,1321,52.7,134,1,7.800000000000011,69616.7,0.03989401968205905,0.536,16342.270000000002
L,297.3,308.7,1551,40.0,125,0,11.399999999999977,62040.0,0.025789813023855575,0.5,12348.0
M,300.6,309.4,1367,63.2,45,1,8.799999999999955,86394.40000000001,0.04623262618873446,0.18,19554.079999999998
L,299.1,310.1,1486,40.7,39,0,11.0,60480.200000000004,0.027388963660834455,0.156,12621.070000000002
M,298.2,307.7,1681,31.0,84,0,9.5,52111.0,0.018441403926234383,0.336,9538.699999999999
M,299.2,310.4,1504,43.3,37,0,11.199999999999989,65123.2,0.028789893617021275,0.148,13440.319999999998
L,304.0,313.1,1404,47.1,90,0,9.100000000000023,66128.40000000001,0.033547008547008546,0.36,14747.010000000002
M,297.3,308.2,1677,34.9,21,0,10.899999999999977,58527.299999999996,0.020810971973762672,0.084,10756.179999999998
H,302.1,311.6,1701,26.2,46,0,9.5,44566.2,0.01540270429159318,0.184,8163.92
M,303.5,312.7,1402,47.0,23,0,9.199999999999989,65894.0,0.033523537803138374,0.092,14696.9
L,301.9,310.7,1717,26.8,27,0,8.800000000000011,46015.6,0.015608619685497961,0.108,8326.76
M,299.2,310.0,1349,50.4,226,0,10.800000000000011,67989.59999999999,0.03736100815418829,0.904,15624.0
M,298.0,307.5,1784,27.8,163,0,9.5,49595.200000000004,0.015582959641255606,0.652,8548.5
M,303.4,311.4,1307,54.0,44,1,8.0,70578.0,0.041315990818668706,0.176,16815.6
L,300.3,311.7,1821,26.3,202,0,11.399999999999977,47892.3,0.014442613948380012,0.808,8197.71
L,298.9,308.5,1742,34.5,117,0,9.600000000000023,60099.0,0.019804822043628014,0.468,10643.25
L,297.5,308.4,1633,33.3,213,0,10.899999999999977,54378.899999999994,0.020391916717697488,0.852,10269.719999999998
L,301.3,310.7,1516,46.0,119,0,9.399999999999977,69736.0,0.030343007915567283,0.476,14292.199999999999
L,298.5,308.2,1654,27.1,13,0,9.699999999999989,44823.4,0.016384522370012092,0.052,8352.22
L,298.3,307.9,1703,28.9,147,0,9.599999999999966,49216.7,0.016970052847915442,0.588,8898.31
M,298.6,309.5,1684,27.8,44,0,10.899999999999977,46815.200000000004,0.0165083135391924,0.176,8604.1
M,298.2,307.8,1411,53.4,110,0,9.600000000000023,75347.4,0.037845499645641385,0.44,16436.52
M,298.2,308.9,1585,34.3,33,0,10.699999999999989,54365.49999999999,0.021640378548895896,0.132,10595.269999999999
L,300.7,309.9,1412,45.3,155,0,9.199999999999989,63963.6,0.032082152974504244,0.62,14038.469999999998
L,298.3,308.4,1585,30.6,127,0,10.099999999999966,48501.0,0.019305993690851737,0.508,9437.039999999999
L,297.4,308.3,1493,41.2,43,0,10.900000000000034,61511.600000000006,0.027595445411922305,0.172,12701.960000000001
H,300.4,309.9,2563,12.8,81,1,9.5,32806.4,0.00499414748341787,0.324,3966.72
M,302.1,310.1,1379,48.2,166,1,8.0,66467.8,0.03495286439448876,0.664,14946.820000000002
L,298.5,309.5,1428,43.5,87,0,11.0,62118.0,0.03046218487394958,0.348,13463.25
H,303.8,312.9,1570,35.8,147,0,9.099999999999966,56205.99999999999,0.022802547770700635,0.588,11201.819999999998
L,300.7,309.6,1541,34.6,131,0,8.900000000000034,53318.600000000006,0.02245295262816353,0.524,10712.160000000002
H,297.6,309.6,1278,50.4,2,0,12.0,64411.2,0.039436619718309855,0.008,15603.84
L,300.1,309.3,1712,28.5,141,0,9.199999999999989,48792.0,0.01664719626168224,0.564,8815.050000000001
M,301.3,310.5,1481,39.7,85,0,9.199999999999989,58795.700000000004,0.026806212018906147,0.34,12326.85
L,298.0,309.6,1536,37.3,120,0,11.600000000000023,57292.799999999996,0.024283854166666664,0.48,11548.08
L,300.4,309.9,1496,31.8,154,0,9.5,47572.8,0.02125668449197861,0.616,9854.82
L,296.9,307.7,1464,41.4,6,0,10.800000000000011,60609.6,0.028278688524590163,0.024,12738.779999999999
L,299.3,309.1,1634,36.8,62,0,9.800000000000011,60131.2,0.022521419828641368,0.248,11374.88
M,298.8,310.2,1583,35.7,116,0,11.399999999999977,56513.100000000006,0.022552116234996842,0.464,11074.140000000001
L,303.8,312.9,1442,48.3,52,0,9.099999999999966,69648.59999999999,0.03349514563106796,0.208,15113.069999999998
M,298.7,309.8,1528,36.7,197,0,11.100000000000023,56077.600000000006,0.024018324607329843,0.788,11369.660000000002
L,300.7,312.1,1395,41.9,157,0,11.400000000000034,58450.5,0.03003584229390681,0.628,13076.99
L,299.2,308.5,1867,27.0,138,0,9.300000000000011,50409.0,0.0144617032672737,0.552,8329.5
L,298.5,309.7,2617,12.1,102,1,11.199999999999989,31665.7,0.004623614826136798,0.408,3747.37
M,300.5,309.8,1508,37.8,150,0,9.300000000000011,57002.399999999994,0.02506631299734748,0.6,11710.439999999999
M,300.3,309.1,1458,44.3,175,0,8.800000000000011,64589.399999999994,0.030384087791495196,0.7,13693.130000000001
H,302.4,312.0,1457,43.4,23,0,9.600000000000023,63233.799999999996,0.02978723404255319,0.092,13540.8
L,299.3,309.1,1293,53.7,189,0,9.800000000000011,69434.1,0.041531322505800466,0.756,16598.670000000002
M,300.3,311.1,1350,58.7,130,0,10.800000000000011,79245.0,0.04348148148148148,0.52,18261.570000000003
L,303.1,312.7,1353,51.8,97,0,9.599999999999966,70085.4,0.03828529194382853,0.388,16197.859999999999
L,300.5,312.0,1646,29.5,106,0,11.5,48557.0,0.017922235722964763,0.424,9204.0
L,297.1,307.8,1477,36.6,177,0,10.699999999999989,54058.200000000004,0.024779959377115777,0.708,11265.480000000001
L,298.9,310.2,1971,23.2,155,0,11.300000000000011,45727.2,0.011770674784373414,0.62,7196.639999999999
L,299.1,308.3,1325,46.9,28,0,9.199999999999989,62142.5,0.03539622641509434,0.112,14459.27
L,297.7,308.7,1479,45.7,93,0,11.0,67590.3,0.03089925625422583,0.372,14107.59
L,304.0,313.1,1720,28.7,106,0,9.100000000000023,49364.0,0.016686046511627906,0.424,8985.970000000001
L,302.8,312.2,1515,36.8,162,0,9.399999999999977,55751.99999999999,0.02429042904290429,0.648,11488.96
L,299.0,310.1,1580,41.9,55,0,11.100000000000023,66202.0,0.02651898734177215,0.22,12993.19
M,303.9,313.1,1668,34.4,137,0,9.200000000000045,57379.2,0.020623501199040765,0.548,10770.640000000001
H,297.7,309.7,1616,31.1,20,0,12.0,50257.600000000006,0.019245049504950495,0.08,9631.67
L,299.0,310.4,1382,53.0,89,0,11.399999999999977,73246.0,0.03835021707670044,0.356,16451.199999999997
L,301.9,310.7,1947,25.0,137,0,8.800000000000011,48675.0,0.012840267077555213,0.548,7767.5
M,297.1,307.8,1538,34.3,181,0,10.699999999999989,52753.399999999994,0.022301690507152142,0.724,10557.539999999999
L,299.0,310.1,1444,47.7,161,0,11.100000000000023,68878.8,0.03303324099722992,0.644,14791.770000000002
L,300.2,311.7,1286,55.1,42,0,11.5,70858.6,0.042846034214618973,0.168,17174.67
M,298.4,308.2,1499,40.0,211,0,9.800000000000011,59960.0,0.0266844563042028,0.844,12328.0
L,299.3,309.0,1447,50.4,140,0,9.699999999999989,72928.8,0.03483068417415342,0.56,15573.6
H,301.6,310.8,1435,47.2,152,0,9.199999999999989,67732.0,0.032891986062717773,0.608,14669.760000000002
L,299.0,310.3,1472,36.1,97,0,11.300000000000011,53139.200000000004,0.02452445652173913,0.388,11201.830000000002
M,302.2,311.4,1398,47.2,202,0,9.199999999999989,65985.6,0.03376251788268956,0.808,14698.08
M,298.9,310.1,1555,40.6,176,0,11.200000000000045,63133.0,0.026109324758842443,0.704,12590.060000000001
M,302.2,311.2,1873,24.0,99,0,9.0,44952.0,0.012813667912439935,0.396,7468.799999999999
L,300.7,310.7,1431,39.3,22,0,10.0,56238.299999999996,0.027463312368972745,0.088,12210.509999999998
M,300.7,311.7,1499,38.9,3,0,11.0,58311.1,0.025950633755837223,0.012,12125.13
L,297.8,308.5,1699,27.8,199,0,10.699999999999989,47232.200000000004,0.016362566215420836,0.796,8576.300000000001
L,302.7,310.6,1501,48.7,4,0,7.900000000000034,73098.7,0.03244503664223851,0.016,15126.220000000001
L,301.0,310.9,1578,38.4,49,0,9.899999999999977,60595.2,0.024334600760456272,0.196,11938.56
L,298.7,309.9,1753,26.8,40,0,11.199999999999989,46980.4,0.015288077581289219,0.16,8305.32
L,300.1,310.1,1380,52.6,59,0,10.0,72588.0,0.03811594202898551,0.236,16311.260000000002
L,297.3,308.7,1619,31.6,129,0,11.399999999999977,51160.4,0.019518221124150713,0.516,9754.92
M,299.0,310.3,1558,35.4,223,0,11.300000000000011,55153.2,0.022721437740693195,0.892,10984.62
L,302.7,312.2,1336,46.8,179,0,9.5,62524.799999999996,0.035029940119760475,0.716,14610.96
L,298.8,309.1,1513,40.3,160,0,10.300000000000011,60973.899999999994,0.02663582286847323,0.64,12456.73
M,298.8,308.5,1425,47.4,90,0,9.699999999999989,67545.0,0.03326315789473684,0.36,14622.9
M,301.3,310.7,1819,25.5,46,0,9.399999999999977,46384.5,0.014018691588785047,0.184,7922.849999999999
L,302.4,311.0,1462,48.5,81,0,8.600000000000023,70907.0,0.03317373461012312,0.324,15083.5
H,302.5,311.5,1655,32.3,142,0,9.0,53456.49999999999,0.019516616314199393,0.568,10061.449999999999
H,301.1,310.6,1407,43.9,111,0,9.5,61767.299999999996,0.031201137171286423,0.444,13635.34
H,301.8,311.2,1451,39.4,70,0,9.399999999999977,57169.4,0.02715368711233632,0.28,12261.279999999999
L,299.7,309.3,1574,35.8,6,0,9.600000000000023,56349.2,0.02274459974587039,0.024,11072.939999999999
L,300.1,310.2,1475,54.2,53,0,10.099999999999966,79945.0,0.03674576271186441,0.212,16812.84
L,299.0,310.1,1699,32.9,87,0,11.100000000000023,55897.1,0.019364331959976454,0.348,10202.29
L,298.8,308.6,1501,35.0,55,0,9.800000000000011,52535.0,0.023317788141239172,0.22,10801.0
L,300.1,309.2,1599,30.1,216,0,9.099999999999966,48129.9,0.01882426516572858,0.864,9306.92
L,301.1,311.6,1432,48.1,202,0,10.5,68879.2,0.03358938547486034,0.808,14987.960000000001
H,303.1,312.6,1404,40.6,152,0,9.5,57002.4,0.02891737891737892,0.608,12691.560000000001
M,301.2,312.3,1548,38.3,87,0,11.100000000000023,59288.399999999994,0.02474160206718346,0.348,11961.09
M,300.8,310.3,1526,36.3,205,0,9.5,55393.799999999996,0.023787680209698556,0.82,11263.89
L,298.3,309.1,1417,60.5,143,0,10.800000000000011,85728.5,0.04269583627381793,0.572,18700.550000000003
M,301.9,310.7,1405,47.9,80,0,8.800000000000011,67299.5,0.03409252669039146,0.32,14882.529999999999
L,303.9,313.0,1483,45.0,78,0,9.100000000000023,66735.0,0.030343897505057317,0.312,14085.0
L,298.8,309.5,1374,48.1,159,0,10.699999999999989,66089.40000000001,0.03500727802037846,0.636,14886.95
M,298.1,307.6,1565,36.3,140,0,9.5,56809.49999999999,0.023194888178913735,0.56,11165.88
L,298.3,309.2,1456,45.5,75,0,10.899999999999977,66248.0,0.03125,0.3,14068.6
L,299.8,309.5,1542,40.3,141,0,9.699999999999989,62142.6,0.026134889753566794,0.564,12472.849999999999
M,297.3,308.6,1456,42.9,122,0,11.300000000000011,62462.4,0.029464285714285714,0.488,13238.94
L,302.4,311.8,1673,30.1,210,0,9.400000000000034,50357.3,0.01799163179916318,0.84,9385.18
L,300.5,309.8,1550,37.4,148,0,9.300000000000011,57970.0,0.024129032258064516,0.592,11586.52
M,297.6,308.6,1389,49.0,34,0,11.0,68061.0,0.035277177825773935,0.136,15121.400000000001
L,302.4,310.8,1686,28.8,150,0,8.400000000000034,48556.8,0.01708185053380783,0.6,8951.04
L,295.8,306.5,1534,37.9,88,0,10.699999999999989,58138.6,0.02470664928292047,0.352,11616.35
L,300.3,311.6,1709,29.5,27,0,11.300000000000011,50415.5,0.017261556465769455,0.108,9192.2
L,297.7,307.2,1444,40.0,17,0,9.5,57760.0,0.027700831024930747,0.068,12288.0
H,297.6,308.3,1640,30.9,79,0,10.699999999999989,50676.0,0.018841463414634146,0.316,9526.47
L,298.1,309.9,1629,32.5,45,0,11.799999999999955,52942.5,0.019950890116635974,0.18,10071.75
L,303.6,313.0,1522,35.8,133,0,9.399999999999977,54487.6,0.02352168199737188,0.532,11205.4
L,301.6,310.9,1632,31.6,189,0,9.299999999999955,51571.200000000004,0.019362745098039216,0.756,9824.44
M,298.8,310.1,1243,74.5,194,1,11.300000000000011,92603.5,0.059935639581657284,0.776,23102.45
L,295.9,306.6,1557,41.1,113,0,10.700000000000045,63992.700000000004,0.026396917148362235,0.452,12601.260000000002
L,298.4,309.5,1397,50.3,110,0,11.100000000000023,70269.09999999999,0.03600572655690766,0.44,15567.849999999999
L,297.5,308.9,1459,48.5,193,0,11.399999999999977,70761.5,0.033241946538725156,0.772,14981.65
L,297.3,308.7,1352,53.8,91,0,11.399999999999977,72737.59999999999,0.039792899408284024,0.364,16608.059999999998
L,302.5,311.2,1545,40.1,165,0,8.699999999999989,61954.5,0.025954692556634306,0.66,12479.12
L,301.1,312.3,1486,34.9,122,0,11.199999999999989,51861.4,0.023485868102288022,0.488,10899.27
H,302.5,311.9,1595,34.6,112,0,9.399999999999977,55187.0,0.021692789968652038,0.448,10791.74
L,299.6,309.4,1643,32.9,145,0,9.799999999999955,54054.7,0.020024345709068775,0.58,10179.259999999998
L,300.7,310.9,1535,37.1,113,0,10.199999999999989,56948.5,0.024169381107491856,0.452,11534.39
L,298.4,308.2,1364,45.9,63,0,9.800000000000011,62607.6,0.03365102639296188,0.252,14146.38
M,296.7,307.7,1597,32.1,114,0,11.0,51263.700000000004,0.02010018785222292,0.456,9877.17
M,302.0,310.5,1381,58.4,201,0,8.5,80650.4,0.04228819695872556,0.804,18133.2
M,302.3,311.8,1355,50.1,104,0,9.5,67885.5,0.03697416974169742,0.416,15621.18
L,303.7,313.0,1811,24.3,209,0,9.300000000000011,44007.3,0.013418001104362231,0.836,7605.900000000001
L,300.5,311.9,1330,59.5,33,0,11.399999999999977,79135.0,0.04473684210526316,0.132,18558.05
L,297.6,308.8,1539,40.2,72,0,11.199999999999989,61867.8,0.02612085769980507,0.288,12413.760000000002
L,300.4,311.7,1459,45.6,3,0,11.300000000000011,66530.40000000001,0.03125428375599726,0.012,14213.52
L,298.8,310.0,1487,41.4,152,0,11.199999999999989,61561.799999999996,0.027841291190316073,0.608,12834.0
M,302.8,312.2,1615,32.9,159,0,9.399999999999977,53133.5,0.020371517027863776,0.636,10271.38
L,303.5,313.0,1393,51.6,80,0,9.5,71878.8,0.03704235463029433,0.32,16150.800000000001
H,300.6,310.4,1510,42.8,124,0,9.799999999999955,64627.99999999999,0.02834437086092715,0.496,13285.119999999999
L,300.5,309.5,1777,23.6,0,0,9.0,41937.200000000004,0.013280810354530107,0.0,7304.200000000001
M,300.9,310.7,1452,47.3,25,0,9.800000000000011,68679.59999999999,0.03257575757575757,0.1,14696.109999999999
H,297.5,309.3,1563,36.1,100,0,11.800000000000011,56424.3,0.02309660908509277,0.4,11165.730000000001
M,298.1,307.8,1525,35.9,132,0,9.699999999999989,54747.5,0.023540983606557375,0.528,11050.02
H,300.0,310.4,1881,21.9,102,0,10.399999999999977,41193.899999999994,0.01164274322169059,0.408,6797.759999999999
L,300.4,311.0,1802,26.0,197,0,10.600000000000023,46852.0,0.014428412874583796,0.788,8086.0
L,300.1,309.4,1560,47.7,26,0,9.299999999999955,74412.0,0.030576923076923078,0.104,14758.38
L,299.2,308.4,1434,46.8,2,0,9.199999999999989,67111.2,0.032635983263598324,0.008,14433.119999999997
M,300.5,309.8,1555,38.9,166,0,9.300000000000011,60489.5,0.025016077170418007,0.664,12051.22
L,297.7,308.9,1838,27.3,99,0,11.199999999999989,50177.4,0.014853101196953211,0.396,8432.97
H,298.4,308.1,1891,24.7,158,0,9.700000000000045,46707.7,0.013061872025383395,0.632,7610.070000000001
M,302.2,311.5,1562,38.0,162,0,9.300000000000011,59356.0,0.024327784891165175,0.648,11837.0
L,299.6,309.4,1677,31.1,191,0,9.799999999999955,52154.700000000004,0.018545020870602266,0.764,9622.34
M,298.9,309.9,1404,41.4,20,0,11.0,58125.6,0.029487179487179487,0.08,12829.859999999999
L,300.7,310.1,1261,56.6,98,0,9.400000000000034,71372.6,0.044885011895321174,0.392,17551.660000000003
L,301.7,310.5,1377,43.1,183,0,8.800000000000011,59348.700000000004,0.03129992737835875,0.732,13382.550000000001
L,302.5,310.9,1477,39.2,144,0,8.399999999999977,57898.4,0.026540284360189577,0.576,12187.28
M,303.8,313.2,1710,26.5,190,0,9.399999999999977,45315.0,0.015497076023391813,0.76,8299.8
M,301.3,310.0,2068,17.8,176,0,8.699999999999989,36810.4,0.0086073500967118,0.704,5518.0
L,298.8,310.0,1403,45.6,185,0,11.199999999999989,63976.8,0.032501781895937276,0.74,14136.0
M,302.4,312.1,1492,47.7,7,0,9.700000000000045,71168.40000000001,0.03197050938337802,0.028,14887.170000000002
M,300.5,311.8,1331,55.3,167,0,11.300000000000011,73604.3,0.04154770848985725,0.668,17242.54
L,299.4,308.7,1446,62.9,134,1,9.300000000000011,90953.4,0.04349930843706777,0.536,19417.23
M,303.3,311.4,1395,59.1,4,0,8.099999999999966,82444.5,0.04236559139784946,0.016,18403.739999999998
L,301.0,310.9,1473,44.2,116,0,9.899999999999977,65106.600000000006,0.030006788866259338,0.464,13741.78
M,303.4,311.7,1690,34.9,189,0,8.300000000000011,58981.0,0.020650887573964497,0.756,10878.33
L,297.6,308.5,1678,34.2,114,0,10.899999999999977,57387.600000000006,0.020381406436233613,0.456,10550.7
M,300.4,310.2,1613,36.9,231,0,9.800000000000011,59519.7,0.022876627402355857,0.924,11446.38
H,297.5,308.8,1430,49.4,2,0,11.300000000000011,70642.0,0.034545454545454546,0.008,15254.72
L,297.3,308.6,1486,42.6,105,0,11.300000000000011,63303.6,0.02866756393001346,0.42,13146.36
L,301.3,310.8,1381,47.9,33,0,9.5,66149.9,0.034685010861694426,0.132,14887.32
L,301.5,310.6,1394,46.5,206,0,9.100000000000023,64821.0,0.03335724533715925,0.824,14442.900000000001
L,301.7,311.0,1441,44.3,208,1,9.300000000000011,63836.299999999996,0.030742539902845246,0.832,13777.3
L,300.3,309.6,1624,32.6,175,0,9.300000000000011,52942.4,0.020073891625615764,0.7,10092.960000000001
L,297.2,308.1,1689,31.2,145,0,10.900000000000034,52696.799999999996,0.018472468916518648,0.58,9612.720000000001
L,297.6,308.3,1816,28.8,106,0,10.699999999999989,52300.8,0.015859030837004406,0.424,8879.04
M,299.3,308.5,1496,39.4,80,0,9.199999999999989,58942.4,0.026336898395721925,0.32,12154.9
L,299.5,310.0,1388,52.4,94,0,10.5,72731.2,0.0377521613832853,0.376,16244.0
L,300.8,312.4,1767,25.6,105,0,11.599999999999966,45235.200000000004,0.0144878324844369,0.42,7997.44
L,301.3,310.4,1504,47.2,193,0,9.099999999999966,70988.8,0.03138297872340426,0.772,14650.88
M,297.6,308.9,1479,38.1,182,0,11.299999999999955,56349.9,0.025760649087221095,0.728,11769.09
L,300.5,309.6,1465,41.6,217,0,9.100000000000023,60944.0,0.02839590443686007,0.868,12879.36
L,300.7,310.1,1721,32.3,170,0,9.400000000000034,55588.299999999996,0.018768158047646716,0.68,10016.23
M,302.6,312.1,1611,39.9,210,0,9.5,64278.899999999994,0.024767225325884542,0.84,12452.79
L,302.5,310.2,1307,54.0,86,1,7.699999999999989,70578.0,0.041315990818668706,0.344,16750.8
L,297.4,308.3,1366,45.5,11,0,10.900000000000034,62153.0,0.033308931185944364,0.044,14027.65
L,301.7,310.7,1493,51.1,87,0,9.0,76292.3,0.034226389819156065,0.348,15876.77
L,299.8,310.8,1376,48.6,159,0,11.0,66873.6,0.03531976744186047,0.636,15104.880000000001
L,300.7,310.8,2113,18.5,95,0,10.100000000000023,39090.5,0.008755324183625178,0.38,5749.8
L,300.2,311.5,1685,31.0,193,0,11.300000000000011,52235.0,0.018397626112759646,0.772,9656.5
L,299.0,308.7,1583,32.5,25,0,9.699999999999989,51447.5,0.02053063802905875,0.1,10032.75
L,302.2,310.8,1827,23.8,9,0,8.600000000000023,43482.6,0.013026819923371648,0.036,7397.040000000001
L,299.8,310.3,1524,34.2,196,0,10.5,52120.8,0.022440944881889767,0.784,10612.260000000002
L,298.2,308.4,1310,61.0,189,1,10.199999999999989,79910.0,0.046564885496183206,0.756,18812.399999999998
L,303.7,312.4,1512,39.2,184,0,8.699999999999989,59270.4,0.02592592592592593,0.736,12246.08
M,297.4,308.3,1483,41.9,47,0,10.900000000000034,62137.7,0.02825354012137559,0.188,12917.77
M,301.6,310.9,1510,40.9,152,0,9.299999999999955,61759.0,0.027086092715231786,0.608,12715.81
L,300.5,311.8,1368,57.9,191,1,11.300000000000011,79207.2,0.04232456140350877,0.764,18053.22
M,300.1,311.5,1343,46.2,28,0,11.399999999999977,62046.600000000006,0.0344005956813105,0.112,14391.300000000001
L,303.1,311.3,1403,55.6,150,0,8.199999999999989,78006.8,0.03962936564504633,0.6,17308.280000000002
M,301.1,310.5,1547,35.8,81,0,9.399999999999977,55382.6,0.023141564318034904,0.324,11115.9
M,301.1,310.7,2219,16.7,79,0,9.599999999999966,37057.299999999996,0.007525912573231185,0.316,5188.69
L,303.4,311.6,1497,42.8,58,0,8.200000000000045,64071.6,0.028590514362057447,0.232,13336.48
L,297.6,308.6,1393,40.4,127,0,11.0,56277.2,0.029002153625269204,0.508,12467.44
L,296.8,308.0,1536,40.4,217,0,11.199999999999989,62054.399999999994,0.026302083333333334,0.868,12443.199999999999
L,299.4,309.2,1427,41.5,29,0,9.800000000000011,59220.5,0.02908199018920813,0.116,12831.8
L,303.8,312.5,1619,30.9,142,0,8.699999999999989,50027.1,0.019085855466337245,0.568,9656.25
M,298.4,309.0,1544,38.8,97,0,10.600000000000023,59907.2,0.025129533678756474,0.388,11989.199999999999
L,298.0,307.7,1430,47.3,49,0,9.699999999999989,67639.0,0.03307692307692307,0.196,14554.21
M,300.3,311.5,1540,41.5,151,0,11.199999999999989,63910.0,0.026948051948051947,0.604,12927.25
M,303.2,311.5,1336,58.2,2,1,8.300000000000011,77755.2,0.043562874251497005,0.008,18129.3
L,303.7,312.7,1359,56.8,194,1,9.0,77191.2,0.041795437821927885,0.776,17761.359999999997
L,303.6,312.5,1345,54.1,126,0,8.899999999999977,72764.5,0.04022304832713755,0.504,16906.25
H,298.5,309.4,1573,36.0,97,0,10.899999999999977,56628.0,0.02288620470438652,0.388,11138.4
L,298.0,308.8,1489,36.5,109,0,10.800000000000011,54348.5,0.024513096037609133,0.436,11271.2
L,298.9,310.2,1654,31.1,158,0,11.300000000000011,51439.4,0.018802902055622732,0.632,9647.22
M,303.4,312.9,1422,39.9,63,0,9.5,56737.799999999996,0.028059071729957804,0.252,12484.71
M,300.3,309.6,1398,53.7,82,0,9.300000000000011,75072.6,0.038412017167381976,0.328,16625.52
L,298.8,308.6,1331,62.8,81,0,9.800000000000011,83586.8,0.04718256949661908,0.324,19380.08
L,300.9,311.0,1499,38.0,111,0,10.100000000000023,56962.0,0.025350233488992662,0.444,11818.0
L,301.0,312.2,1264,59.0,57,0,11.199999999999989,74576.0,0.04667721518987342,0.228,18419.8
L,296.4,307.4,2833,5.6,213,1,11.0,15864.8,0.001976703141546064,0.852,1721.4399999999998
M,296.3,307.2,1454,42.5,35,0,10.899999999999977,61795.0,0.02922971114167813,0.14,13056.0
M,301.5,310.8,1452,44.1,157,0,9.300000000000011,64033.200000000004,0.030371900826446283,0.628,13706.28
M,300.3,309.8,1444,42.0,3,0,9.5,60648.0,0.029085872576177285,0.012,13011.6
L,296.6,307.4,1521,38.6,173,0,10.799999999999955,58710.6,0.025378040762656148,0.692,11865.64
L,298.6,308.4,1485,42.9,38,0,9.799999999999955,63706.5,0.028888888888888888,0.152,13230.359999999999
M,299.0,310.4,1625,37.1,131,0,11.399999999999977,60287.5,0.02283076923076923,0.524,11515.84
L,303.7,313.1,1423,41.2,124,0,9.400000000000034,58627.600000000006,0.028952916373858047,0.496,12899.720000000001
L,303.9,312.7,1800,24.3,158,0,8.800000000000011,43740.0,0.0135,0.632,7598.61
L,299.4,309.1,1432,45.4,137,0,9.700000000000045,65012.799999999996,0.03170391061452514,0.548,14033.140000000001
L,297.0,307.9,1455,49.0,204,0,10.899999999999977,71295.0,0.03367697594501718,0.816,15087.099999999999
M,302.6,311.0,1591,33.9,119,0,8.399999999999977,53934.899999999994,0.0213073538654934,0.476,10542.9
M,301.3,310.4,1635,32.5,110,0,9.099999999999966,53137.5,0.019877675840978593,0.44,10088.0
L,298.0,309.2,1527,32.4,99,0,11.199999999999989,49474.799999999996,0.021218074656188603,0.396,10018.08
M,298.8,308.7,1446,45.5,49,0,9.899999999999977,65793.0,0.031466113416320884,0.196,14045.85
L,302.3,310.7,1499,37.8,137,0,8.399999999999977,56662.2,0.025216811207471646,0.548,11744.46
L,300.1,311.3,2579,12.5,64,1,11.199999999999989,32237.5,0.004846839860411012,0.256,3891.25
H,299.0,308.5,1623,33.5,154,0,9.5,54370.5,0.020640788662969808,0.616,10334.75
L,303.5,312.8,1607,38.4,92,0,9.300000000000011,61708.799999999996,0.023895457373988797,0.368,12011.52
H,300.2,311.6,1662,28.8,162,0,11.400000000000034,47865.6,0.017328519855595668,0.648,8974.080000000002
L,303.9,312.9,1526,42.5,194,0,9.0,64855.0,0.027850589777195282,0.776,13298.249999999998
L,302.0,310.9,1495,38.6,52,0,8.899999999999977,57707.0,0.02581939799331104,0.208,12000.74
L,302.7,312.0,1828,24.0,63,0,9.300000000000011,43872.0,0.01312910284463895,0.252,7488.0
L,300.6,309.5,1437,40.0,55,0,8.899999999999977,57480.0,0.027835768963117607,0.22,12380.0
H,301.6,310.6,1555,40.4,139,0,9.0,62822.0,0.02598070739549839,0.556,12548.24
L,303.4,312.7,1363,45.5,26,0,9.300000000000011,62016.5,0.03338224504768892,0.104,14227.85
L,300.1,310.5,1492,50.9,111,0,10.399999999999977,75942.8,0.03411528150134048,0.444,15804.449999999999
L,299.0,309.0,1469,40.1,13,0,10.0,58906.9,0.027297481279782165,0.052,12390.9
L,296.5,307.6,1415,44.2,106,0,11.100000000000023,62543.00000000001,0.031236749116607777,0.424,13595.920000000002
H,297.4,309.3,1516,43.0,83,0,11.900000000000034,65188.0,0.02836411609498681,0.332,13299.9
L,300.2,311.8,1798,23.2,210,0,11.600000000000023,41713.6,0.012903225806451613,0.84,7233.76
M,299.8,311.1,1498,38.1,176,0,11.300000000000011,57073.8,0.025433911882510013,0.704,11852.910000000002
L,296.6,307.4,1465,47.8,187,0,10.799999999999955,70027.0,0.03262798634812286,0.748,14693.719999999998
L,298.2,309.0,1596,37.2,87,0,10.800000000000011,59371.200000000004,0.02330827067669173,0.348,11494.800000000001
L,303.6,312.9,1873,23.5,7,0,9.299999999999955,44015.5,0.012546716497597437,0.028,7353.15
M,299.8,310.6,1694,31.3,121,0,10.800000000000011,53022.200000000004,0.01847697756788666,0.484,9721.78
L,297.5,308.3,1596,36.8,77,0,10.800000000000011,58732.799999999996,0.023057644110275687,0.308,11345.439999999999
M,298.1,309.1,1572,37.5,126,0,11.0,58950.0,0.02385496183206107,0.504,11591.25
L,301.9,311.0,2691,12.1,31,1,9.100000000000023,32561.1,0.004496469713861018,0.124,3763.1
M,296.2,307.3,1477,35.2,53,0,11.100000000000023,51990.4,0.02383209207853758,0.212,10816.960000000001
L,300.9,310.3,1321,48.8,150,0,9.400000000000034,64464.799999999996,0.03694171082513247,0.6,15142.64
L,302.4,311.0,1573,36.5,193,0,8.600000000000023,57414.5,0.023204068658614112,0.772,11351.5
L,298.0,308.9,1578,35.6,153,0,10.899999999999977,56176.8,0.022560202788339673,0.612,10996.84
M,298.8,310.1,1501,48.7,192,0,11.300000000000011,73098.7,0.03244503664223851,0.768,15101.870000000003
M,297.6,308.8,1416,45.9,101,0,11.199999999999989,64994.4,0.03241525423728814,0.404,14173.92
M,298.2,309.2,1524,34.6,161,0,11.0,52730.4,0.022703412073490813,0.644,10698.32
L,297.4,308.7,1510,36.2,92,0,11.300000000000011,54662.00000000001,0.023973509933774836,0.368,11174.94
L,301.0,310.9,1568,38.2,172,0,9.899999999999977,59897.600000000006,0.024362244897959184,0.688,11876.38
M,297.3,308.7,1451,43.8,24,0,11.399999999999977,63553.799999999996,0.030186078566505858,0.096,13521.06
L,302.8,312.1,1520,39.9,48,0,9.300000000000011,60648.0,0.02625,0.192,12452.79
L,301.4,310.3,1492,41.4,195,0,8.900000000000034,61768.799999999996,0.02774798927613941,0.78,12846.42
L,301.8,309.7,1598,30.4,124,0,7.899999999999977,48579.2,0.01902377972465582,0.496,9414.88
L,304.2,313.4,1568,37.6,25,0,9.199999999999989,58956.8,0.023979591836734693,0.1,11783.84
L,299.0,308.6,1434,45.9,108,0,9.600000000000023,65820.59999999999,0.03200836820083682,0.432,14164.74
M,301.8,310.6,1459,40.2,128,0,8.800000000000011,58651.8,0.027553118574366008,0.512,12486.120000000003
L,302.2,311.3,1570,36.1,0,0,9.100000000000023,56677.0,0.022993630573248408,0.0,11237.93
L,300.5,309.9,1503,37.4,175,0,9.399999999999977,56212.2,0.02488356620093147,0.7,11590.259999999998
L,300.7,310.7,1450,43.4,80,0,10.0,62930.0,0.02993103448275862,0.32,13484.38
M,298.3,308.5,1629,37.1,170,0,10.199999999999989,60435.9,0.022774708410067526,0.68,11445.35
H,298.9,308.4,1632,31.8,17,0,9.5,51897.6,0.01948529411764706,0.068,9807.119999999999
L,300.8,310.7,1358,48.1,198,0,9.899999999999977,65319.8,0.035419734904270986,0.792,14944.67
M,301.8,309.8,1546,39.8,121,0,8.0,61530.799999999996,0.02574385510996119,0.484,12330.039999999999
L,300.2,309.2,1667,29.9,75,0,9.0,49843.299999999996,0.017936412717456506,0.3,9245.08
L,303.4,312.3,1287,54.8,54,0,8.900000000000034,70527.59999999999,0.04257964257964258,0.216,17114.04
M,301.7,310.1,1743,27.3,210,0,8.400000000000034,47583.9,0.01566265060240964,0.84,8465.730000000001
H,300.6,310.0,1483,44.0,97,0,9.399999999999977,65252.0,0.029669588671611596,0.388,13640.0
H,300.2,310.3,1408,42.5,0,0,10.100000000000023,59840.0,0.030184659090909092,0.0,13187.75
L,298.4,308.3,1473,39.9,184,0,9.900000000000034,58772.7,0.027087576374745417,0.736,12301.17
M,299.1,310.3,1838,24.0,235,0,11.199999999999989,44112.0,0.013057671381936888,0.94,7447.200000000001
L,299.0,309.9,1630,34.0,92,0,10.899999999999977,55420.0,0.020858895705521473,0.368,10536.599999999999
L,299.7,309.3,1779,25.5,129,0,9.600000000000023,45364.5,0.01433389544688027,0.516,7887.150000000001
L,297.3,308.3,1410,48.1,23,0,11.0,67821.0,0.03411347517730497,0.092,14829.230000000001
M,303.5,312.9,1618,30.4,130,0,9.399999999999977,49187.2,0.018788627935723116,0.52,9512.159999999998
H,303.8,312.5,1447,46.6,198,0,8.699999999999989,67430.2,0.032204561161022806,0.792,14562.5
M,300.7,311.2,1769,26.5,63,0,10.5,46878.5,0.014980214810627474,0.252,8246.8
L,298.1,308.0,1704,30.9,61,0,9.899999999999977,52653.6,0.01813380281690141,0.244,9517.199999999999
M,298.1,308.6,1415,46.3,27,0,10.5,65514.49999999999,0.0327208480565371,0.108,14288.18
M,300.9,310.8,1599,33.0,7,0,9.900000000000034,52767.0,0.020637898686679174,0.028,10256.4
L,300.1,309.8,1430,56.7,44,0,9.699999999999989,81081.0,0.03965034965034965,0.176,17565.66
M,302.6,311.7,1430,51.7,32,0,9.099999999999966,73931.0,0.036153846153846154,0.128,16114.89
L,300.7,310.0,1395,48.0,85,0,9.300000000000011,66960.0,0.034408602150537634,0.34,14880.0
M,300.3,311.7,1646,28.9,198,0,11.399999999999977,47569.399999999994,0.01755771567436209,0.792,9008.13
M,301.5,310.7,1416,53.2,69,0,9.199999999999989,75331.2,0.037570621468926556,0.276,16529.24
L,302.9,312.4,1550,36.9,194,0,9.5,57195.0,0.023806451612903224,0.776,11527.56
M,302.7,311.6,2709,9.7,2,1,8.900000000000034,26277.3,0.003580657069029162,0.008,3022.52
L,302.6,310.3,1479,40.4,105,0,7.699999999999989,59751.6,0.027315753887762,0.42,12536.12
L,300.2,309.9,1566,36.4,170,0,9.699999999999989,57002.399999999994,0.023243933588761173,0.68,11280.359999999999
L,302.4,311.8,1543,31.1,96,0,9.400000000000034,47987.3,0.02015554115359689,0.384,9696.980000000001
L,298.3,307.7,1576,33.8,171,0,9.399999999999977,53268.799999999996,0.02144670050761421,0.684,10400.259999999998
L,297.1,308.3,1496,45.8,190,0,11.199999999999989,68516.8,0.030614973262032084,0.76,14120.14
L,298.2,309.0,2449,13.8,45,0,10.800000000000011,33796.200000000004,0.005634953042057983,0.18,4264.2
L,300.5,310.5,1373,47.4,56,0,10.0,65080.2,0.03452294246176256,0.224,14717.699999999999
M,300.3,309.5,1405,49.4,77,0,9.199999999999989,69407.0,0.03516014234875445,0.308,15289.3
L,302.4,311.0,1423,46.2,186,0,8.600000000000023,65742.6,0.03246661981728742,0.744,14368.2
L,298.1,307.6,1950,20.3,202,0,9.5,39585.0,0.01041025641025641,0.808,6244.280000000001
L,301.0,310.9,1428,45.3,47,0,9.899999999999977,64688.399999999994,0.03172268907563025,0.188,14083.769999999999
L,299.1,310.5,1485,37.8,46,0,11.399999999999977,56132.99999999999,0.025454545454545452,0.184,11736.9
M,303.6,311.8,1421,44.8,101,1,8.199999999999989,63660.799999999996,0.03152709359605911,0.404,13968.64
L,296.2,307.2,1515,36.5,38,0,11.0,55297.5,0.024092409240924092,0.152,11212.8
L,301.3,311.0,1542,33.6,80,0,9.699999999999989,51811.200000000004,0.021789883268482493,0.32,10449.6
L,297.7,307.6,1921,22.9,68,0,9.900000000000034,43990.899999999994,0.011920874544508069,0.272,7044.04
L,299.7,311.1,1439,44.9,174,0,11.400000000000034,64611.1,0.031202223766504517,0.696,13968.390000000001
L,299.0,310.3,1428,46.3,175,0,11.300000000000011,66116.4,0.032422969187675066,0.7,14366.89
M,301.4,311.0,1234,55.8,152,0,9.600000000000023,68857.2,0.04521880064829822,0.608,17353.8
M,304.2,313.8,1481,44.9,136,0,9.600000000000023,66496.9,0.030317353139770426,0.544,14089.62
L,301.0,312.3,1550,34.9,111,0,11.300000000000011,54095.0,0.022516129032258064,0.444,10899.27
L,296.8,307.9,1271,61.4,125,0,11.099999999999966,78039.4,0.04830841856805665,0.5,18905.059999999998
L,302.3,310.9,2034,19.7,190,0,8.599999999999966,40069.799999999996,0.009685349065880039,0.76,6124.73
H,298.8,309.0,1497,43.8,147,0,10.199999999999989,65568.59999999999,0.029258517034068135,0.588,13534.199999999999
L,297.9,309.8,2000,21.3,29,0,11.900000000000034,42600.0,0.01065,0.116,6598.740000000001
L,298.9,308.5,1429,55.1,140,0,9.600000000000023,78737.90000000001,0.038558432470258926,0.56,16998.350000000002
L,302.5,310.3,1523,36.0,72,0,7.800000000000011,54828.0,0.023637557452396585,0.288,11170.800000000001
M,299.2,308.4,1396,48.5,5,0,9.199999999999989,67706.0,0.03474212034383954,0.02,14957.4
L,304.2,313.4,1735,28.9,192,0,9.199999999999989,50141.5,0.01665706051873199,0.768,9057.259999999998
L,302.9,312.1,1334,54.7,88,0,9.200000000000045,72969.8,0.04100449775112444,0.352,17071.870000000003
M,297.3,308.0,1403,45.0,77,0,10.699999999999989,63135.0,0.03207412687099073,0.308,13860.0
M,297.8,309.1,1432,42.6,17,0,11.300000000000011,61003.200000000004,0.029748603351955307,0.068,13167.660000000002
L,302.2,311.6,1872,20.4,202,0,9.400000000000034,38188.799999999996,0.010897435897435897,0.808,6356.64
L,303.8,313.2,1531,39.4,159,0,9.399999999999977,60321.4,0.02573481384715872,0.636,12340.08
L,301.4,310.4,1559,36.0,196,0,9.0,56124.0,0.023091725465041693,0.784,11174.4
M,298.0,308.7,1430,51.9,47,0,10.699999999999989,74217.0,0.03629370629370629,0.188,16021.529999999999
M,300.4,309.3,1411,41.6,160,0,8.900000000000034,58697.6,0.029482636428065204,0.64,12866.880000000001
M,302.1,310.8,1504,37.5,42,0,8.699999999999989,56400.0,0.024933510638297872,0.168,11655.0
L,298.7,309.8,1402,54.3,128,0,11.100000000000023,76128.59999999999,0.038730385164051355,0.512,16822.14
M,298.4,309.7,1870,22.5,170,0,11.300000000000011,42075.0,0.012032085561497326,0.68,6968.25
L,300.5,309.5,1255,62.1,138,0,9.0,77935.5,0.04948207171314741,0.552,19219.95
L,297.9,309.0,1583,36.7,104,0,11.100000000000023,58096.100000000006,0.023183828174352498,0.416,11340.300000000001
M,299.1,310.8,1517,38.4,185,0,11.699999999999989,58252.799999999996,0.025313117996044826,0.74,11934.72
L,298.9,308.7,1389,44.9,69,0,9.800000000000011,62366.1,0.03232541396688265,0.276,13860.63
M,298.1,307.7,1633,30.7,145,0,9.599999999999966,50133.1,0.018799755052051437,0.58,9446.39
L,296.6,307.6,1459,40.2,96,0,11.0,58651.8,0.027553118574366008,0.384,12365.520000000002
L,300.5,311.5,1316,49.7,55,0,11.0,65405.200000000004,0.03776595744680851,0.22,15481.550000000001
M,303.4,312.2,1615,35.7,56,0,8.800000000000011,57655.50000000001,0.02210526315789474,0.224,11145.54
L,298.2,307.8,1804,25.1,108,0,9.600000000000023,45280.4,0.013913525498891353,0.432,7725.780000000001
L,298.0,307.6,1654,28.9,123,0,9.600000000000023,47800.6,0.01747279322853688,0.492,8889.64
H,303.8,313.2,1506,46.9,154,0,9.399999999999977,70631.4,0.031142098273572377,0.616,14689.08
M,304.0,313.3,1415,52.8,82,0,9.300000000000011,74712.0,0.03731448763250883,0.328,16542.239999999998
L,299.0,310.3,1437,47.8,99,0,11.300000000000011,68688.59999999999,0.033263743910925535,0.396,14832.34
H,300.4,311.9,1438,46.7,41,0,11.5,67154.6,0.03247566063977747,0.164,14565.73
M,301.7,311.0,1537,33.5,146,0,9.300000000000011,51489.5,0.021795705920624592,0.584,10418.5
L,299.3,310.5,1505,38.8,30,0,11.199999999999989,58393.99999999999,0.025780730897009965,0.12,12047.4
M,301.2,310.1,1295,56.6,39,0,8.900000000000034,73297.0,0.04370656370656371,0.156,17551.660000000003
L,302.5,312.2,1738,25.3,14,0,9.699999999999989,43971.4,0.014556962025316457,0.056,7898.66
L,299.4,308.7,1381,56.7,102,0,9.300000000000011,78302.7,0.04105720492396814,0.408,17503.29
L,297.9,309.1,1619,34.7,33,0,11.200000000000045,56179.3,0.021432983323038914,0.132,10725.770000000002
L,299.0,310.0,1582,31.9,51,0,11.0,50465.799999999996,0.02016434892541087,0.204,9889.0
M,302.0,310.9,1558,45.3,193,0,8.899999999999977,70577.4,0.02907573812580231,0.772,14083.769999999999
M,301.9,310.6,1412,46.5,89,0,8.700000000000045,65658.0,0.03293201133144476,0.356,14442.900000000001
M,297.1,308.5,1515,42.1,81,0,11.399999999999977,63781.5,0.02778877887788779,0.324,12987.85
L,295.8,306.3,1337,54.6,87,0,10.5,73000.2,0.040837696335078534,0.348,16723.98
M,299.8,309.4,1401,48.1,143,0,9.599999999999966,67388.1,0.034332619557458956,0.572,14882.14
L,301.5,310.5,1528,35.7,198,0,9.0,54549.600000000006,0.02336387434554974,0.792,11084.85
H,300.7,311.9,1329,59.2,121,0,11.199999999999989,78676.8,0.04454477050413845,0.484,18464.48
L,302.2,310.6,1346,47.5,109,1,8.400000000000034,63935.0,0.03528974739970282,0.436,14753.500000000002
M,297.0,307.9,1569,33.3,141,0,10.899999999999977,52247.7,0.021223709369024856,0.564,10253.069999999998
M,301.2,310.0,1445,45.6,18,0,8.800000000000011,65892.0,0.03155709342560554,0.072,14136.0
H,300.7,312.3,1446,45.4,86,0,11.600000000000023,65648.4,0.0313969571230982,0.344,14178.42
L,300.2,311.6,1356,53.5,132,0,11.400000000000034,72546.0,0.039454277286135694,0.528,16670.600000000002
L,300.6,311.0,1543,34.7,89,0,10.399999999999977,53542.100000000006,0.02248865845755023,0.356,10791.7
L,300.7,310.1,1376,50.8,75,0,9.400000000000034,69900.8,0.03691860465116279,0.3,15753.08
L,301.4,310.4,1689,30.6,110,0,9.0,51683.4,0.018117229129662522,0.44,9498.24
L,298.4,309.2,1583,35.4,112,0,10.800000000000011,56038.2,0.022362602653190143,0.448,10945.679999999998
L,300.0,310.4,1333,49.1,131,0,10.399999999999977,65450.3,0.03683420855213804,0.524,15240.64
M,302.3,310.9,1762,24.5,73,0,8.599999999999966,43169.0,0.013904653802497162,0.292,7617.049999999999
M,300.3,310.2,1429,44.7,203,0,9.899999999999977,63876.3,0.03128061581525542,0.812,13865.94
L,297.5,309.3,1404,43.5,195,0,11.800000000000011,61074.0,0.030982905982905984,0.78,13454.550000000001
H,300.0,310.5,1558,36.7,137,0,10.5,57178.600000000006,0.023555840821566112,0.548,11395.35
H,298.4,307.7,1626,31.1,166,0,9.300000000000011,50568.600000000006,0.01912669126691267,0.664,9569.47
M,298.3,309.1,1296,58.7,201,0,10.800000000000011,76075.2,0.045293209876543214,0.804,18144.170000000002
M,300.9,310.5,1702,29.3,32,0,9.600000000000023,49868.6,0.017215041128084606,0.128,9097.65
L,297.3,308.3,1550,37.0,54,0,11.0,57350.0,0.023870967741935485,0.216,11407.1
H,303.4,311.9,1402,50.0,54,0,8.5,70100.0,0.03566333808844508,0.216,15594.999999999998
L,303.6,313.1,1395,44.1,120,0,9.5,61519.5,0.031612903225806455,0.48,13807.710000000001
L,302.1,311.0,1351,49.5,196,0,8.899999999999977,66874.5,0.03663952627683198,0.784,15394.5
H,300.0,309.5,1735,28.9,82,0,9.5,50141.5,0.01665706051873199,0.328,8944.55
L,297.2,308.6,1562,33.0,84,0,11.400000000000034,51546.0,0.02112676056338028,0.336,10183.800000000001
M,300.7,311.7,2097,18.9,232,1,11.0,39633.299999999996,0.009012875536480686,0.928,5891.129999999999
M,298.5,309.3,1488,43.7,189,0,10.800000000000011,65025.600000000006,0.029368279569892474,0.756,13516.410000000002
L,302.1,310.6,1439,40.0,7,0,8.5,57560.0,0.02779708130646282,0.028,12424.0
L,299.8,310.1,1553,42.0,177,0,10.300000000000011,65226.0,0.02704443013522215,0.708,13024.2
L,300.7,309.3,1425,45.3,100,0,8.600000000000023,64552.49999999999,0.03178947368421053,0.4,14011.289999999999
L,297.9,307.6,1298,52.7,132,0,9.700000000000045,68404.6,0.040600924499229585,0.528,16210.520000000002
M,298.8,308.4,1604,29.5,14,0,9.599999999999966,47318.0,0.01839152119700748,0.056,9097.8
L,300.2,309.5,1495,32.6,49,0,9.300000000000011,48737.0,0.02180602006688963,0.196,10089.7
L,299.5,309.1,1863,22.5,79,0,9.600000000000023,41917.5,0.012077294685990338,0.316,6954.750000000001
M,300.5,309.4,2179,16.3,59,0,8.899999999999977,35517.700000000004,0.007480495640201928,0.236,5043.22
H,298.0,307.4,1606,35.2,195,0,9.399999999999977,56531.200000000004,0.021917808219178082,0.78,10820.48
L,298.0,308.2,1514,37.9,9,0,10.199999999999989,57380.6,0.025033025099075297,0.036,11680.779999999999
L,302.9,312.4,1923,23.9,244,0,9.5,45959.7,0.012428497139885595,0.976,7466.359999999999
L,298.7,308.4,1750,25.8,72,0,9.699999999999989,45150.0,0.014742857142857143,0.288,7956.719999999999
L,296.9,307.9,1435,41.6,139,0,11.0,59696.0,0.028989547038327526,0.556,12808.64
L,299.4,309.2,1564,39.0,26,0,9.800000000000011,60996.0,0.024936061381074168,0.104,12058.8
L,300.3,311.7,1317,56.5,7,0,11.399999999999977,74410.5,0.04290053151100987,0.028,17611.05
H,298.9,308.4,1449,42.4,149,0,9.5,61437.6,0.029261559696342303,0.596,13076.159999999998
L,298.0,308.6,1532,42.6,54,0,10.600000000000023,65263.200000000004,0.027806788511749347,0.216,13146.36
H,296.2,307.0,1542,40.6,28,0,10.800000000000011,62605.200000000004,0.026329442282749676,0.112,12464.2
M,299.4,309.1,1352,44.7,172,0,9.700000000000045,60434.4,0.0330621301775148,0.688,13816.770000000002
L,298.8,309.8,1563,33.7,143,0,11.0,52673.100000000006,0.02156110044785669,0.572,10440.260000000002
L,298.3,308.9,1379,54.7,91,0,10.599999999999966,75431.3,0.03966642494561277,0.364,16896.829999999998
L,301.7,310.1,1424,50.2,54,0,8.400000000000034,71484.8,0.035252808988764046,0.216,15567.020000000002
L,298.7,310.1,1676,33.5,70,0,11.400000000000034,56146.0,0.019988066825775655,0.28,10388.35
M,302.5,310.5,1527,38.8,136,0,8.0,59247.6,0.025409299279633268,0.544,12047.4
L,299.6,310.1,1384,49.8,11,0,10.5,68923.2,0.03598265895953757,0.044,15442.98
L,300.3,311.8,1451,41.0,55,0,11.5,59491.0,0.028256374913852515,0.22,12783.800000000001
L,300.3,309.3,1612,36.0,158,0,9.0,58032.0,0.022332506203473945,0.632,11134.800000000001
L,301.0,309.5,1430,48.5,122,0,8.5,69355.0,0.03391608391608392,0.488,15010.75
L,300.9,310.5,1616,33.5,25,0,9.600000000000023,54136.0,0.02073019801980198,0.1,10401.75
L,300.6,310.9,1433,42.6,101,0,10.299999999999955,61045.8,0.02972784368457781,0.404,13244.34
H,301.3,310.1,1469,39.7,179,0,8.800000000000011,58319.3,0.027025187202178353,0.716,12310.970000000001
L,297.7,307.4,1643,36.5,55,0,9.699999999999989,59969.5,0.022215459525258673,0.22,11220.099999999999
L,297.1,308.4,1468,44.4,197,0,11.299999999999955,65179.2,0.030245231607629427,0.788,13692.96
L,300.0,311.4,1604,38.7,185,0,11.399999999999977,62074.8,0.02412718204488778,0.74,12051.18
M,298.9,308.6,1574,33.5,128,0,9.700000000000045,52729.0,0.021283354510800507,0.512,10338.1
M,299.7,308.9,1478,41.0,87,0,9.199999999999989,60598.0,0.02774018944519621,0.348,12664.9
L,300.7,310.5,1445,41.1,201,0,9.800000000000011,59389.5,0.028442906574394463,0.804,12761.550000000001
L,298.9,310.2,1623,37.2,177,0,11.300000000000011,60375.600000000006,0.02292051756007394,0.708,11539.44
L,298.1,308.1,1410,45.8,71,0,10.0,64577.99999999999,0.032482269503546095,0.284,14110.98
L,300.1,309.3,1654,31.0,201,0,9.199999999999989,51274.0,0.018742442563482467,0.804,9588.300000000001
L,301.8,310.0,1393,44.9,208,0,8.199999999999989,62545.7,0.03223259152907394,0.832,13919.0
M,301.5,310.7,1510,36.0,64,0,9.199999999999989,54360.0,0.02384105960264901,0.256,11185.199999999999
M,297.6,308.7,1408,54.8,147,0,11.099999999999966,77158.4,0.03892045454545454,0.588,16916.76
L,299.8,309.4,1436,51.6,158,0,9.599999999999966,74097.6,0.03593314763231198,0.632,15965.039999999999
H,300.3,309.9,1405,52.1,205,0,9.599999999999966,73200.5,0.03708185053380783,0.82,16145.789999999999
M,297.3,308.9,1799,24.5,137,0,11.599999999999966,44075.5,0.013618677042801557,0.548,7568.049999999999
L,301.3,310.6,1481,40.9,57,0,9.300000000000011,60572.9,0.02761647535449021,0.228,12703.54
H,298.7,309.6,1755,26.9,73,0,10.900000000000034,47209.5,0.015327635327635326,0.292,8328.24
H,299.9,311.4,1497,37.0,162,0,11.5,55389.0,0.024716098864395457,0.648,11521.8
L,300.5,310.3,1336,57.1,29,0,9.800000000000011,76285.6,0.04273952095808383,0.116,17718.13
L,302.0,310.8,1767,27.4,11,0,8.800000000000011,48415.799999999996,0.015506508205998868,0.044,8515.92
L,299.4,310.7,1551,41.2,3,0,11.300000000000011,63901.200000000004,0.026563507414571245,0.012,12800.84
L,301.8,310.2,1457,40.4,213,0,8.399999999999977,58862.799999999996,0.027728208647906656,0.852,12532.08
L,297.3,308.5,1764,30.8,148,0,11.199999999999989,54331.200000000004,0.01746031746031746,0.592,9501.800000000001
M,298.9,309.6,1434,43.8,180,0,10.700000000000045,62809.2,0.030543933054393305,0.72,13560.48
L,301.2,309.9,1643,32.9,171,0,8.699999999999989,54054.7,0.020024345709068775,0.684,10195.71
M,295.8,306.3,1444,45.5,76,0,10.5,65702.0,0.03150969529085872,0.304,13936.65
L,296.9,307.7,1424,43.3,120,0,10.800000000000011,61659.2,0.030407303370786516,0.48,13323.409999999998
L,298.2,309.0,1413,55.0,145,0,10.800000000000011,77715.0,0.038924274593064405,0.58,16995.0
M,302.0,310.4,1828,26.3,82,0,8.399999999999977,48076.4,0.01438730853391685,0.328,8163.5199999999995
M,300.5,310.0,1406,50.2,119,0,9.5,70581.2,0.03570412517780939,0.476,15562.0
L,300.4,309.6,1432,44.7,192,0,9.200000000000045,64010.4,0.031215083798882683,0.768,13839.120000000003
L,299.9,309.5,1779,26.1,169,0,9.600000000000023,46431.9,0.014671163575042159,0.676,8077.950000000001
M,297.2,307.9,1541,35.7,169,0,10.699999999999989,55013.700000000004,0.023166774821544455,0.676,10992.03
L,297.1,308.2,1427,45.2,136,0,11.099999999999966,64500.4,0.03167484232655922,0.544,13930.640000000001
M,298.2,307.9,1403,45.1,193,0,9.699999999999989,63275.3,0.032145402708481825,0.772,13886.289999999999
L,302.9,312.2,1510,41.4,94,0,9.300000000000011,62514.0,0.027417218543046358,0.376,12925.08
M,302.9,312.4,1659,33.1,152,0,9.5,54912.9,0.019951778179626282,0.608,10340.44
M,297.9,307.3,1420,47.8,171,0,9.400000000000034,67876.0,0.03366197183098591,0.684,14688.94
H,302.3,310.1,1688,30.4,115,0,7.800000000000011,51315.2,0.01800947867298578,0.46,9427.04
L,300.0,311.4,1508,38.2,18,0,11.399999999999977,57605.600000000006,0.0253315649867374,0.072,11895.48
H,301.6,310.5,1602,32.3,2,0,8.899999999999977,51744.6,0.02016229712858926,0.008,10029.15
L,298.0,308.2,1611,30.6,195,0,10.199999999999989,49296.600000000006,0.01899441340782123,0.78,9430.92
L,298.9,309.7,1449,48.8,147,0,10.800000000000011,70711.2,0.0336783988957902,0.588,15113.359999999999
L,297.4,308.8,1462,49.7,132,0,11.400000000000034,72661.40000000001,0.03399452804377565,0.528,15347.36
L,300.5,311.4,1442,47.0,53,0,10.899999999999977,67774.0,0.03259361997226075,0.212,14635.8
L,302.7,311.2,1545,35.1,128,0,8.5,54229.5,0.02271844660194175,0.512,10923.12
L,300.0,309.7,1586,37.8,103,0,9.699999999999989,59950.799999999996,0.02383354350567465,0.412,11706.659999999998
L,297.2,307.9,1441,40.0,195,0,10.699999999999989,57640.0,0.027758501040943788,0.78,12316.0
L,302.8,312.2,1458,51.0,42,0,9.399999999999977,74358.0,0.03497942386831276,0.168,15922.199999999999
L,302.5,310.3,1592,32.6,174,0,7.800000000000011,51899.200000000004,0.020477386934673367,0.696,10115.78
L,298.9,310.0,1482,41.1,82,0,11.100000000000023,60910.200000000004,0.027732793522267207,0.328,12741.0
L,302.4,310.2,2224,16.0,154,0,7.800000000000011,35584.0,0.007194244604316547,0.616,4963.2
L,304.1,313.3,1438,45.5,188,0,9.199999999999989,65429.0,0.03164116828929068,0.752,14255.15
L,300.7,312.3,1577,33.2,100,0,11.600000000000023,52356.4,0.02105263157894737,0.4,10368.36
L,301.9,310.5,1477,42.4,128,0,8.600000000000023,62624.799999999996,0.02870683818551117,0.512,13165.199999999999
L,302.5,311.5,1521,44.1,37,0,9.0,67076.1,0.028994082840236687,0.148,13737.15
L,302.4,311.1,1652,33.9,139,0,8.700000000000045,56002.799999999996,0.02052058111380145,0.556,10546.29
L,298.6,309.7,1294,59.4,104,0,11.099999999999966,76863.59999999999,0.04590417310664606,0.416,18396.18
H,301.5,310.8,1591,29.6,33,0,9.300000000000011,47093.600000000006,0.018604651162790697,0.132,9199.68
M,299.1,309.5,1339,48.2,86,0,10.399999999999977,64539.8,0.03599701269604182,0.344,14917.900000000001
L,295.8,306.6,1621,31.6,95,0,10.800000000000011,51223.600000000006,0.019494139420111044,0.38,9688.560000000001
M,304.0,312.7,1456,51.2,160,0,8.699999999999989,74547.2,0.035164835164835165,0.64,16010.24
H,302.7,310.5,1568,36.9,28,0,7.800000000000011,57859.2,0.02353316326530612,0.112,11457.449999999999
M,304.1,313.6,1441,43.7,131,0,9.5,62971.700000000004,0.03032616238723109,0.524,13704.320000000002
L,298.1,309.9,1642,30.4,58,0,11.799999999999955,49916.799999999996,0.018514007308160777,0.232,9420.96
M,298.0,308.7,1479,58.5,176,1,10.699999999999989,86521.5,0.03955375253549696,0.704,18058.95
L,302.4,311.8,1493,38.4,132,0,9.400000000000034,57331.2,0.025720026791694574,0.528,11973.12
H,303.6,311.9,1544,37.1,88,0,8.299999999999955,57282.4,0.024028497409326426,0.352,11571.49
M,301.9,311.0,1638,35.4,116,0,9.100000000000023,57985.2,0.02161172161172161,0.464,11009.4
L,298.4,309.6,1477,35.6,101,0,11.200000000000045,52581.200000000004,0.024102911306702775,0.404,11021.760000000002
L,298.3,309.1,1437,38.0,93,0,10.800000000000011,54606.0,0.026443980514961725,0.372,11745.800000000001
L,297.5,309.1,1611,30.2,211,0,11.600000000000023,48652.2,0.018746120422098077,0.844,9334.82
H,298.0,307.8,1588,35.4,114,0,9.800000000000011,56215.2,0.02229219143576826,0.456,10896.12
M,298.8,309.8,1377,49.6,27,0,11.0,68299.2,0.03602033405954975,0.108,15366.080000000002
L,298.7,308.5,1480,42.2,58,0,9.800000000000011,62456.00000000001,0.028513513513513514,0.232,13018.7
H,298.7,309.7,1565,39.3,94,0,11.0,61504.49999999999,0.02511182108626198,0.376,12171.21
L,298.8,308.3,1634,27.9,12,0,9.5,45588.6,0.01707466340269278,0.048,8601.57
M,302.7,310.8,1555,36.1,35,0,8.100000000000023,56135.5,0.023215434083601286,0.14,11219.880000000001
M,297.3,308.5,1520,42.4,171,0,11.199999999999989,64448.0,0.027894736842105264,0.684,13080.4
L,298.8,308.9,1398,51.5,0,0,10.099999999999966,71997.0,0.03683834048640915,0.0,15908.349999999999
M,300.8,311.2,1365,51.7,111,0,10.399999999999977,70570.5,0.037875457875457874,0.444,16089.04
L,302.0,310.9,1446,44.0,64,0,8.899999999999977,63624.0,0.030428769017980636,0.256,13679.599999999999
M,301.1,310.6,1479,41.1,72,0,9.5,60786.9,0.027789046653144016,0.288,12765.660000000002
M,300.7,310.8,1465,45.2,92,0,10.100000000000023,66218.0,0.030853242320819114,0.368,14048.160000000002
L,304.1,313.3,1732,28.5,132,0,9.199999999999989,49362.0,0.016454965357967668,0.528,8929.050000000001
H,297.7,308.4,1288,49.5,91,0,10.699999999999989,63756.0,0.038431677018633544,0.364,15265.8
H,299.2,310.6,1704,30.6,160,0,11.400000000000034,52142.4,0.01795774647887324,0.64,9504.36
H,302.1,311.0,1729,26.1,210,0,8.899999999999977,45126.9,0.01509543088490457,0.84,8117.1
L,299.6,309.2,1602,37.3,31,0,9.599999999999966,59754.6,0.023283395755305865,0.124,11533.159999999998
L,299.3,308.5,1510,45.4,72,0,9.199999999999989,68554.0,0.030066225165562913,0.288,14005.9
L,300.9,311.3,1613,32.7,170,0,10.400000000000034,52745.100000000006,0.020272783632982024,0.68,10179.510000000002
M,299.5,309.1,1422,45.3,103,0,9.600000000000023,64416.6,0.03185654008438819,0.412,14002.23
L,297.4,309.2,1420,45.6,193,0,11.800000000000011,64752.0,0.03211267605633803,0.772,14099.52
M,297.7,308.9,1531,48.3,84,0,11.199999999999989,73947.3,0.03154800783801437,0.336,14919.869999999997
M,297.8,309.4,1495,36.5,132,0,11.599999999999966,54567.5,0.024414715719063545,0.528,11293.099999999999
L,300.8,311.7,1681,31.3,221,0,10.899999999999977,52615.3,0.018619869125520525,0.884,9756.21
M,300.0,310.4,1385,52.1,128,0,10.399999999999977,72158.5,0.037617328519855595,0.512,16171.84
M,297.1,308.6,1717,31.3,61,0,11.5,53742.1,0.018229470005824113,0.244,9659.18
L,296.2,306.9,1526,34.9,140,0,10.699999999999989,53257.4,0.02287024901703801,0.56,10710.81
L,302.2,311.4,1390,48.1,40,0,9.199999999999989,66859.0,0.03460431654676259,0.16,14978.34
L,297.4,308.0,1383,46.2,188,0,10.600000000000023,63894.600000000006,0.03340563991323211,0.752,14229.6
H,302.4,311.9,1366,47.3,162,0,9.5,64611.799999999996,0.03462664714494875,0.648,14752.869999999997
L,297.3,308.3,1309,61.5,56,0,11.0,80503.5,0.046982429335370515,0.224,18960.45
M,301.7,310.6,1380,45.8,70,0,8.900000000000034,63203.99999999999,0.033188405797101445,0.28,14225.48
L,303.2,311.4,1514,41.2,230,0,8.199999999999989,62376.8,0.027212681638044914,0.92,12829.68
L,299.5,309.1,1357,47.3,106,0,9.600000000000023,64186.1,0.03485630066322771,0.424,14620.43
L,300.7,310.7,1507,46.1,209,0,10.0,69472.7,0.030590577305905774,0.836,14323.27
M,299.2,310.4,1395,55.4,76,0,11.199999999999989,77283.0,0.039713261648745515,0.304,17196.16
L,300.2,309.2,1431,51.3,57,0,9.0,73410.3,0.035849056603773584,0.228,15861.96
M,298.7,308.6,1722,24.7,64,0,9.900000000000034,42533.4,0.014343786295005807,0.256,7622.42
L,299.3,308.6,1482,37.6,132,0,9.300000000000011,55723.200000000004,0.025371120107962213,0.528,11603.36
L,298.7,309.9,1465,39.7,72,0,11.199999999999989,58160.50000000001,0.02709897610921502,0.288,12303.03
H,297.4,308.2,1585,46.2,37,0,10.800000000000011,73227.0,0.02914826498422713,0.148,14238.84
L,302.8,312.2,1481,40.2,230,0,9.399999999999977,59536.200000000004,0.027143821742066174,0.92,12550.44
L,301.0,309.6,1724,28.1,133,0,8.600000000000023,48444.4,0.016299303944315547,0.532,8699.76
M,303.4,311.8,2133,18.3,207,0,8.400000000000034,39033.9,0.008579465541490859,0.828,5705.9400000000005
L,299.4,308.8,1390,57.0,92,0,9.400000000000034,79230.0,0.04100719424460432,0.368,17601.600000000002
L,299.0,310.3,1475,42.4,93,0,11.300000000000011,62540.0,0.028745762711864405,0.372,13156.72
L,301.6,310.5,1593,34.5,102,0,8.899999999999977,54958.5,0.021657250470809793,0.408,10712.25
L,301.6,310.7,1380,51.8,216,1,9.099999999999966,71484.0,0.03753623188405797,0.864,16094.259999999998
L,300.2,311.4,1568,41.0,32,0,11.199999999999989,64288.0,0.02614795918367347,0.128,12767.4
L,297.4,308.3,1483,38.8,23,0,10.900000000000034,57540.399999999994,0.02616318273769386,0.092,11962.039999999999
L,298.5,309.5,1569,41.0,153,0,11.0,64329.0,0.026131293817718292,0.612,12689.5
M,302.0,310.4,1212,55.6,79,1,8.399999999999977,67387.2,0.045874587458745876,0.316,17258.239999999998
L,301.6,311.0,1485,40.1,142,0,9.399999999999977,59548.5,0.027003367003367005,0.568,12471.1
L,297.5,308.9,1390,44.6,140,0,11.399999999999977,61994.0,0.0320863309352518,0.56,13776.939999999999
L,299.3,308.8,1341,47.7,199,0,9.5,63965.700000000004,0.035570469798657724,0.796,14729.760000000002
M,303.1,312.3,1623,31.6,101,0,9.199999999999989,51286.8,0.019470117067159582,0.404,9868.68
L,299.1,310.2,1352,52.8,41,0,11.099999999999966,71385.59999999999,0.03905325443786982,0.164,16378.559999999998
H,296.7,307.9,1579,33.4,50,0,11.199999999999989,52738.6,0.02115262824572514,0.2,10283.859999999999
L,299.2,310.6,1498,41.1,88,0,11.400000000000034,61567.8,0.027436582109479305,0.352,12765.660000000002
M,296.3,307.4,1958,19.1,67,0,11.099999999999966,37397.8,0.009754851889683351,0.268,5871.34
L,303.7,313.0,1456,45.5,51,0,9.300000000000011,66248.0,0.03125,0.204,14241.5
M,297.4,308.3,1535,34.6,51,0,10.900000000000034,53111.0,0.022540716612377852,0.204,10667.18
L,300.0,309.1,1431,45.4,90,0,9.100000000000023,64967.4,0.031726065688329835,0.36,14033.140000000001
L,301.9,310.7,1405,48.8,78,0,8.800000000000011,68564.0,0.034733096085409254,0.312,15162.159999999998
M,300.6,310.0,1542,33.9,100,0,9.399999999999977,52273.799999999996,0.021984435797665368,0.4,10509.0
M,302.3,311.4,1909,23.2,25,0,9.099999999999966,44288.799999999996,0.01215295966474594,0.1,7224.48
M,298.0,308.7,1436,48.2,201,0,10.699999999999989,69215.2,0.03356545961002786,0.804,14879.34
M,298.8,309.3,1618,35.1,173,0,10.5,56791.8,0.02169344870210136,0.692,10856.43
L,297.8,307.7,1505,39.7,25,0,9.899999999999977,59748.50000000001,0.02637873754152824,0.1,12215.69
L,300.7,310.4,1416,61.8,209,1,9.699999999999989,87508.8,0.04364406779661017,0.836,19182.719999999998
M,296.6,307.7,1474,52.6,101,0,11.099999999999966,77532.40000000001,0.035685210312075985,0.404,16185.02
M,300.4,309.7,1367,51.2,143,0,9.300000000000011,69990.40000000001,0.03745427944403804,0.572,15856.64
L,299.5,308.6,1672,30.5,177,0,9.100000000000023,50996.0,0.018241626794258375,0.708,9412.300000000001
L,301.6,310.8,1961,21.8,148,0,9.199999999999989,42749.8,0.011116777154513004,0.592,6775.4400000000005
L,299.2,308.5,1544,41.6,146,0,9.300000000000011,64230.4,0.02694300518134715,0.584,12833.6
L,300.7,311.2,1452,44.4,33,0,10.5,64468.799999999996,0.030578512396694214,0.132,13817.279999999999
L,299.3,308.6,1371,50.5,136,0,9.300000000000011,69235.5,0.03683442742523705,0.544,15584.300000000001
L,297.2,308.6,1500,37.1,161,0,11.400000000000034,55650.0,0.024733333333333333,0.644,11449.060000000001
M,302.3,311.2,1454,43.8,112,0,8.899999999999977,63685.2,0.03012379642365887,0.448,13630.56
M,299.5,309.0,1602,31.3,210,0,9.5,50142.6,0.019538077403245944,0.84,9671.7
L,299.1,309.5,1512,39.0,75,0,10.399999999999977,58968.0,0.025793650793650792,0.3,12070.5
L,298.9,309.9,1592,32.0,60,0,11.0,50944.0,0.020100502512562814,0.24,9916.8
L,299.6,310.9,1533,31.8,91,0,11.299999999999955,48749.4,0.020743639921722113,0.364,9886.619999999999
L,298.8,310.1,1653,30.3,119,0,11.300000000000011,50085.9,0.018330308529945553,0.476,9396.03
L,297.8,307.5,1581,33.1,116,0,9.699999999999989,52331.100000000006,0.020936116382036688,0.464,10178.25
L,297.7,307.2,1668,37.8,5,0,9.5,63050.399999999994,0.02266187050359712,0.02,11612.159999999998
M,298.9,309.2,1412,44.1,140,0,10.300000000000011,62269.200000000004,0.03123229461756374,0.56,13635.72
L,299.7,309.1,1473,39.4,125,0,9.400000000000034,58036.2,0.026748133061778683,0.5,12178.54
L,299.1,310.6,1326,49.7,78,0,11.5,65902.2,0.037481146304675715,0.312,15436.820000000002
M,302.3,311.8,1443,43.4,175,0,9.5,62626.2,0.030076230076230077,0.7,13532.12
M,300.1,309.6,1625,38.0,46,0,9.5,61750.0,0.023384615384615386,0.184,11764.800000000001
L,298.2,307.6,1368,51.8,5,0,9.400000000000034,70862.4,0.03786549707602339,0.02,15933.68
H,301.4,310.5,1421,43.8,182,0,9.100000000000023,62239.799999999996,0.030823363828289936,0.728,13599.9
M,297.2,308.5,1487,46.9,173,0,11.300000000000011,69740.3,0.031540013449899124,0.692,14468.65
L,299.2,310.6,1534,39.7,83,0,11.400000000000034,60899.8,0.025880052151238595,0.332,12330.820000000002
L,301.4,310.7,1590,36.3,43,0,9.300000000000011,57716.99999999999,0.022830188679245283,0.172,11278.409999999998
M,302.3,311.3,1339,50.8,123,0,9.0,68021.2,0.037938760268857355,0.492,15814.039999999999
M,298.8,308.6,1571,33.7,61,0,9.800000000000011,52942.700000000004,0.02145130490133673,0.244,10399.820000000002
L,299.1,310.6,1380,44.7,170,0,11.5,61686.00000000001,0.03239130434782609,0.68,13883.820000000002
M,300.9,310.4,1576,40.4,92,0,9.5,63670.399999999994,0.025634517766497462,0.368,12540.159999999998
M,297.0,307.9,1422,53.0,115,0,10.899999999999977,75366.0,0.03727144866385373,0.46,16318.699999999999
L,302.4,310.7,1362,54.8,155,1,8.300000000000011,74637.59999999999,0.04023494860499265,0.62,17026.359999999997
M,300.2,309.8,1394,47.4,21,0,9.600000000000023,66075.59999999999,0.03400286944045911,0.084,14684.52
L,304.1,313.2,1366,46.6,35,0,9.099999999999966,63655.6,0.034114202049780384,0.14,14595.12
M,300.7,310.5,1594,31.0,196,0,9.800000000000011,49414.0,0.01944792973651192,0.784,9625.5
L,303.8,312.6,1565,36.0,179,0,8.800000000000011,56340.0,0.023003194888178913,0.716,11253.6
L,298.1,308.8,1432,43.4,68,0,10.699999999999989,62148.799999999996,0.0303072625698324,0.272,13401.92
L,302.0,310.9,1564,39.0,15,0,8.899999999999977,60996.0,0.024936061381074168,0.06,12125.099999999999
L,300.9,310.7,1740,25.3,164,0,9.800000000000011,44022.0,0.014540229885057472,0.656,7860.71
M,301.5,310.5,1612,29.8,148,0,9.0,48037.6,0.018486352357320098,0.592,9252.9
M,301.9,310.9,1419,47.7,20,1,9.0,67686.3,0.033615221987315015,0.08,14829.93
L,298.4,308.9,1501,50.0,203,0,10.5,75050.0,0.033311125916055964,0.812,15444.999999999998
L,301.8,311.0,1322,53.0,166,0,9.199999999999989,70066.0,0.040090771558245086,0.664,16483.0
L,296.8,308.0,1371,54.5,86,0,11.199999999999989,74719.5,0.03975200583515682,0.344,16786.0
L,297.4,308.3,1472,45.5,2,0,10.900000000000034,66976.0,0.03091032608695652,0.008,14027.65
L,302.4,311.2,1448,50.5,53,0,8.800000000000011,73124.0,0.03487569060773481,0.212,15715.599999999999
L,298.6,309.9,1356,59.5,34,0,11.299999999999955,80682.0,0.04387905604719764,0.136,18439.05
M,300.2,310.3,1593,36.1,36,0,10.100000000000023,57507.3,0.022661644695543,0.144,11201.830000000002
M,300.8,310.8,1461,41.3,53,0,10.0,60339.299999999996,0.028268309377138943,0.212,12836.039999999999
L,299.2,308.4,1711,28.9,197,0,9.199999999999989,49447.899999999994,0.01689070718877849,0.788,8912.759999999998
L,302.2,310.7,1567,36.4,100,0,8.5,57038.799999999996,0.023229100191448627,0.4,11309.48
L,301.4,310.6,2137,18.0,99,0,9.200000000000045,38466.0,0.008423022929340197,0.396,5590.8
H,300.7,310.2,1479,52.3,9,0,9.5,77351.7,0.035361730899256254,0.036,16223.46
L,300.5,310.8,1509,33.0,153,0,10.300000000000011,49797.0,0.02186878727634195,0.612,10256.4
L,299.4,308.7,1512,37.2,126,0,9.300000000000011,56246.4,0.024603174603174606,0.504,11483.640000000001
L,301.6,310.9,1538,40.4,13,0,9.299999999999955,62135.2,0.026267880364109233,0.052,12560.359999999999
L,302.4,311.8,1476,46.6,110,0,9.400000000000034,68781.6,0.03157181571815718,0.44,14529.880000000001
H,302.2,310.8,1397,47.6,11,0,8.600000000000023,66497.2,0.03407301360057265,0.044,14794.080000000002
M,300.4,309.7,1547,38.0,181,0,9.300000000000011,58786.0,0.02456367162249515,0.724,11768.6
H,298.4,308.9,1577,37.1,0,0,10.5,58506.700000000004,0.023525681674064682,0.0,11460.189999999999
H,299.2,309.1,1410,47.1,9,0,9.900000000000034,66411.0,0.03340425531914894,0.036,14558.610000000002
L,300.8,310.3,1383,46.6,19,0,9.5,64447.8,0.033694866232827185,0.076,14459.980000000001
H,300.4,309.6,1571,33.6,126,0,9.200000000000045,52785.600000000006,0.02138765117759389,0.504,10402.560000000001
L,297.6,308.3,1523,39.5,137,0,10.699999999999989,60158.5,0.025935653315824033,0.548,12177.85
L,298.8,309.7,1374,58.6,123,0,10.899999999999977,80516.40000000001,0.04264919941775837,0.492,18148.42
L,300.9,309.6,1384,42.4,131,0,8.700000000000045,58681.6,0.030635838150289016,0.524,13127.04
H,302.3,310.2,1506,33.8,43,0,7.899999999999977,50902.799999999996,0.02244355909694555,0.172,10484.759999999998
L,301.9,310.6,1573,36.6,15,0,8.700000000000045,57571.8,0.02326764144945963,0.06,11367.960000000001
H,300.2,311.5,1426,44.3,73,0,11.300000000000011,63171.799999999996,0.031065918653576434,0.292,13799.449999999999
L,298.4,308.0,1571,37.4,50,0,9.600000000000023,58755.399999999994,0.02380649267982177,0.2,11519.199999999999
M,297.5,308.8,1471,52.3,152,0,11.300000000000011,76933.3,0.035554044867437115,0.608,16150.24
L,299.7,309.2,1401,54.1,118,0,9.5,75794.1,0.03861527480371164,0.472,16727.72
L,298.2,308.7,1605,29.4,47,0,10.5,47187.0,0.018317757009345792,0.188,9075.779999999999
L,301.8,310.7,1680,32.4,76,0,8.899999999999977,54432.0,0.019285714285714285,0.304,10066.679999999998
L,299.6,309.1,1407,50.6,85,0,9.5,71194.2,0.035963041933191185,0.34,15640.460000000001
L,299.1,310.6,1818,24.1,173,0,11.5,43813.8,0.013256325632563256,0.692,7485.460000000001
M,303.4,312.7,1594,32.8,79,0,9.300000000000011,52283.2,0.020577164366373902,0.316,10256.56
L,303.4,312.3,1663,33.9,78,0,8.900000000000034,56375.7,0.020384846662657847,0.312,10586.97
L,303.5,311.8,1927,21.9,195,0,8.300000000000011,42201.299999999996,0.011364815775817333,0.78,6828.42
L,303.0,312.3,1480,41.4,125,0,9.300000000000011,61272.0,0.027972972972972972,0.5,12929.22
L,300.7,309.6,1733,24.8,85,0,8.900000000000034,42978.4,0.014310444316214657,0.34,7678.080000000001
L,297.7,309.1,1435,38.8,165,0,11.400000000000034,55677.99999999999,0.027038327526132402,0.66,11993.08
M,301.2,310.1,1666,34.9,37,0,8.900000000000034,58143.399999999994,0.020948379351740695,0.148,10822.49
M,299.3,308.5,1422,45.4,37,0,9.199999999999989,64558.799999999996,0.03192686357243319,0.148,14005.9
L,298.1,309.3,1443,45.3,70,0,11.199999999999989,65367.899999999994,0.03139293139293139,0.28,14011.289999999999
L,300.9,310.7,1392,44.2,97,0,9.800000000000011,61526.4,0.03175287356321839,0.388,13732.94
L,298.8,308.5,1527,36.2,3,0,9.699999999999989,55277.4,0.023706614276358874,0.012,11167.7
M,302.3,311.0,1521,34.8,72,0,8.699999999999989,52930.799999999996,0.022879684418145956,0.288,10822.8
L,300.7,309.9,1775,26.6,149,0,9.199999999999989,47215.0,0.014985915492957746,0.596,8243.34
M,301.8,310.9,1299,60.4,48,0,9.099999999999966,78459.59999999999,0.04649730561970747,0.192,18778.359999999997
L,301.0,311.4,1481,37.5,193,0,10.399999999999977,55537.5,0.025320729237002026,0.772,11677.5
M,297.5,308.6,1347,57.0,132,0,11.100000000000023,76779.0,0.042316258351893093,0.528,17590.2
M,298.8,310.2,1527,31.2,102,0,11.399999999999977,47642.4,0.02043222003929273,0.408,9678.24
M,298.4,309.1,1525,39.3,86,0,10.700000000000045,59932.49999999999,0.025770491803278686,0.344,12147.63
H,302.7,312.1,1478,36.0,191,0,9.400000000000034,53208.0,0.02435723951285521,0.764,11235.6
M,300.8,310.7,1483,40.8,28,0,9.899999999999977,60506.399999999994,0.0275118004045853,0.112,12676.56
L,300.5,309.7,1384,48.6,141,0,9.199999999999989,67262.40000000001,0.03511560693641619,0.564,15051.42
M,301.9,310.9,1441,43.7,0,0,9.0,62971.700000000004,0.03032616238723109,0.0,13586.33
L,301.5,310.9,1469,44.7,164,0,9.399999999999977,65664.3,0.030428863172226005,0.656,13897.23
L,298.9,308.6,2069,18.7,27,0,9.700000000000045,38690.299999999996,0.00903818269695505,0.108,5770.820000000001
L,301.0,312.2,1372,47.0,59,0,11.199999999999989,64484.0,0.034256559766763846,0.236,14673.4
L,297.6,308.4,1626,32.4,130,0,10.799999999999955,52682.399999999994,0.01992619926199262,0.52,9992.159999999998
L,300.3,309.6,1326,52.4,57,0,9.300000000000011,69482.4,0.03951734539969834,0.228,16223.04
M,300.3,311.4,1371,50.2,109,0,11.099999999999966,68824.2,0.036615609044493076,0.436,15632.279999999999
M,298.1,307.8,1636,36.7,51,0,9.699999999999989,60041.200000000004,0.02243276283618582,0.204,11296.260000000002
M,300.7,309.5,1445,46.4,24,0,8.800000000000011,67048.0,0.03211072664359862,0.096,14360.8
L,297.5,308.6,1546,33.8,139,0,11.100000000000023,52254.799999999996,0.02186287192755498,0.556,10430.68
L,301.4,311.1,1469,36.9,133,0,9.700000000000045,54206.1,0.02511912865895167,0.532,11479.59
L,300.5,311.4,1611,32.7,44,0,10.899999999999977,52679.700000000004,0.020297951582867787,0.176,10182.78
L,301.0,310.0,1480,43.5,21,0,9.0,64380.0,0.029391891891891894,0.084,13485.0
M,300.3,310.0,1537,37.5,6,0,9.699999999999989,57637.5,0.024398178269355888,0.024,11625.0
L,301.5,310.4,1629,34.1,151,0,8.899999999999977,55548.9,0.020933087783916515,0.604,10584.64
M,303.6,311.8,1432,42.5,150,0,8.199999999999989,60860.0,0.02967877094972067,0.6,13251.5
M,303.6,312.4,1504,49.5,109,0,8.799999999999955,74448.0,0.03291223404255319,0.436,15463.8
L,299.5,309.2,1690,29.2,108,0,9.699999999999989,49348.0,0.017278106508875738,0.432,9028.64
L,302.8,311.1,1721,30.0,87,0,8.300000000000011,51630.0,0.017431725740848343,0.348,9333.0
L,301.2,311.0,1670,33.0,200,0,9.800000000000011,55110.0,0.01976047904191617,0.8,10263.0
L,299.1,310.1,1894,20.1,106,0,11.0,38069.4,0.01061246040126716,0.424,6233.010000000001
L,298.5,308.3,1334,49.8,186,0,9.800000000000011,66433.2,0.03733133433283358,0.744,15353.34
M,301.8,311.1,1395,44.6,171,0,9.300000000000011,62217.0,0.03197132616487455,0.684,13875.060000000001
L,302.7,310.9,1395,48.3,80,0,8.199999999999989,67378.5,0.03462365591397849,0.32,15016.469999999998
L,301.9,310.8,1567,39.3,9,0,8.900000000000034,61583.1,0.025079770261646456,0.036,12214.439999999999
L,301.6,310.6,1478,36.6,218,0,9.0,54094.8,0.02476319350473613,0.872,11367.960000000001
M,303.9,313.2,1624,39.8,107,0,9.300000000000011,64635.2,0.024507389162561576,0.428,12465.359999999999
L,298.5,309.2,1983,20.2,114,0,10.699999999999989,40056.6,0.010186585980837114,0.456,6245.839999999999
L,301.5,310.5,1372,44.0,203,0,9.0,60368.0,0.03206997084548105,0.812,13662.0
L,300.1,309.7,1351,58.2,155,0,9.599999999999966,78628.2,0.04307920059215396,0.62,18024.54
M,302.5,310.5,1507,40.2,201,0,8.0,60581.4,0.026675514266755143,0.804,12482.1
M,300.8,309.7,1258,54.9,168,0,8.899999999999977,69064.2,0.04364069952305246,0.672,17002.53
L,299.6,309.0,1525,42.8,160,0,9.399999999999977,65269.99999999999,0.028065573770491802,0.64,13225.199999999999
L,297.1,307.8,1428,43.7,179,0,10.699999999999989,62403.600000000006,0.030602240896358546,0.716,13450.86
L,296.8,307.4,1549,48.3,105,0,10.599999999999966,74816.7,0.031181407359586827,0.42,14847.419999999998
L,298.9,310.6,1363,52.6,190,0,11.700000000000045,71693.8,0.03859134262655906,0.76,16337.560000000001
L,296.9,308.4,1390,41.8,184,0,11.5,58101.99999999999,0.030071942446043165,0.736,12891.119999999999
M,300.5,309.9,1343,63.7,124,0,9.399999999999977,85549.1,0.04743112434847357,0.496,19740.63
H,300.8,311.1,1698,24.8,156,0,10.300000000000011,42110.4,0.014605418138987044,0.624,7715.280000000001
L,303.8,312.9,1367,49.9,192,0,9.099999999999966,68213.3,0.03650329188002926,0.768,15613.71
L,298.4,308.2,1528,36.2,196,0,9.800000000000011,55313.600000000006,0.023691099476439794,0.784,11156.84
M,298.9,310.1,1549,40.2,65,0,11.200000000000045,62269.8,0.02595222724338283,0.26,12466.020000000002
H,301.6,310.9,1419,50.2,51,0,9.299999999999955,71233.8,0.035377026074700495,0.204,15607.18
L,298.8,309.7,1424,49.6,129,0,10.899999999999977,70630.40000000001,0.0348314606741573,0.516,15361.119999999999
L,298.9,310.2,1491,45.1,101,0,11.300000000000011,67244.1,0.03024815560026828,0.404,13990.02
L,301.4,310.5,1647,33.3,85,0,9.100000000000023,54845.1,0.020218579234972677,0.34,10339.65
L,300.1,310.6,1374,45.4,119,0,10.5,62379.6,0.03304221251819505,0.476,14101.24
M,303.6,312.8,1825,25.2,29,0,9.199999999999989,45990.0,0.013808219178082191,0.116,7882.56
L,301.5,310.9,1400,50.8,2,0,9.399999999999977,71120.0,0.03628571428571428,0.008,15793.719999999998
L,295.8,306.5,1358,49.2,63,0,10.699999999999989,66813.6,0.03622974963181149,0.252,15079.800000000001
M,302.9,312.2,1292,54.4,136,0,9.300000000000011,70284.8,0.042105263157894736,0.544,16983.68
M,301.9,309.6,1551,34.6,211,0,7.7000000000000455,53664.600000000006,0.022308188265635076,0.844,10712.160000000002
H,300.9,310.8,1477,38.4,31,0,9.900000000000034,56716.799999999996,0.025998645903859172,0.124,11934.72
H,300.6,310.7,1501,45.3,175,0,10.099999999999966,67995.3,0.0301798800799467,0.7,14074.71
H,302.2,311.6,1594,36.8,82,0,9.400000000000034,58659.2,0.023086574654956084,0.328,11466.88
M,298.9,310.1,1655,31.5,172,0,11.200000000000045,52132.5,0.019033232628398792,0.688,9768.150000000001
M,297.4,308.3,1405,51.7,108,0,10.900000000000034,72638.5,0.03679715302491103,0.432,15939.11
L,300.8,310.9,1311,55.8,118,0,10.099999999999966,73153.8,0.042562929061784896,0.472,17348.219999999998
L,299.2,308.4,1841,22.8,40,0,9.199999999999989,41974.8,0.01238457360130364,0.16,7031.5199999999995
H,297.5,308.6,1481,38.8,14,0,11.100000000000023,57462.799999999996,0.026198514517218094,0.056,11973.68
L,301.2,311.6,1461,52.9,208,1,10.400000000000034,77286.9,0.036208076659822036,0.832,16483.64
H,301.0,310.1,1756,30.7,2,0,9.100000000000023,53909.2,0.017482915717539863,0.008,9520.07
M,301.2,310.7,1543,32.9,40,0,9.5,50764.7,0.021322099805573556,0.16,10222.029999999999
L,298.2,308.9,1683,31.7,74,0,10.699999999999989,53351.1,0.018835412953060012,0.296,9792.13
M,300.7,311.5,1569,36.4,20,0,10.800000000000011,57111.6,0.02319949012109624,0.08,11338.6
M,300.4,309.7,1539,37.7,156,0,9.300000000000011,58020.3,0.024496426250812216,0.624,11675.69
L,301.9,311.0,1455,46.0,29,0,9.100000000000023,66930.0,0.03161512027491409,0.116,14306.0
L,299.4,309.1,1304,50.5,153,0,9.700000000000045,65852.0,0.03872699386503067,0.612,15609.550000000001
L,303.6,312.8,1701,30.8,12,0,9.199999999999989,52390.8,0.01810699588477366,0.048,9634.24
L,303.2,311.4,1351,53.8,8,1,8.199999999999989,72683.8,0.03982235381199112,0.032,16753.32
L,299.0,308.7,1507,37.5,134,0,9.699999999999989,56512.5,0.02488387524883875,0.536,11576.25
L,297.5,308.6,1514,36.9,134,0,11.100000000000023,55866.6,0.02437252311756935,0.536,11387.34
L,299.4,308.6,1746,26.8,107,0,9.200000000000045,46792.8,0.015349369988545247,0.428,8270.480000000001
M,297.8,307.4,1902,24.3,129,0,9.599999999999966,46218.6,0.012776025236593061,0.516,7469.82
L,298.9,308.3,1432,48.9,38,0,9.400000000000034,70024.8,0.03414804469273743,0.152,15075.87
H,298.8,310.1,1483,45.4,192,0,11.300000000000011,67328.2,0.030613621038435603,0.768,14078.54
M,299.7,311.0,1448,49.8,80,0,11.300000000000011,72110.4,0.034392265193370165,0.32,15487.8
L,299.5,310.8,1447,41.0,93,0,11.300000000000011,59327.0,0.028334485141672427,0.372,12742.800000000001
L,298.7,310.2,1363,45.5,28,0,11.5,62016.5,0.03338224504768892,0.112,14114.1
L,296.7,307.6,1516,37.4,146,0,10.900000000000034,56698.4,0.02467018469656992,0.584,11504.24
M,300.5,309.7,1347,54.3,136,0,9.199999999999989,73142.09999999999,0.040311804008908686,0.544,16816.71
L,301.1,311.0,1677,29.1,188,0,9.899999999999977,48800.700000000004,0.017352415026833632,0.752,9050.1
L,301.7,310.9,1405,46.4,207,1,9.199999999999989,65192.0,0.03302491103202847,0.828,14425.759999999998
L,302.0,311.0,1550,35.2,184,0,9.0,54560.00000000001,0.02270967741935484,0.736,10947.2
H,296.3,307.1,1774,25.9,154,0,10.800000000000011,45946.6,0.01459977452085682,0.616,7953.89
L,299.0,310.4,1606,31.1,134,0,11.399999999999977,49946.600000000006,0.01936488169364882,0.536,9653.44
L,298.0,309.2,1378,49.7,94,0,11.199999999999989,68486.6,0.03606676342525399,0.376,15367.24
L,303.5,313.0,1322,59.5,71,0,9.5,78659.0,0.045007564296520426,0.284,18623.5
H,298.6,309.4,1439,47.1,149,0,10.799999999999955,67776.90000000001,0.032731063238359975,0.596,14572.74
L,296.9,307.5,2721,9.3,18,1,10.600000000000023,25305.300000000003,0.003417861080485116,0.072,2859.75
M,299.0,309.0,1419,45.2,27,0,10.0,64138.8,0.03185341789992953,0.108,13966.800000000001
L,303.8,312.8,1428,53.3,152,0,9.0,76112.4,0.037324929971988795,0.608,16672.239999999998
L,302.2,311.4,1510,44.9,33,0,9.199999999999989,67799.0,0.029735099337748344,0.132,13981.859999999999
L,304.0,313.2,1481,42.6,213,0,9.199999999999989,63090.6,0.028764348413234303,0.852,13342.32
L,300.8,312.5,1423,47.3,123,0,11.699999999999989,67307.9,0.03323963457484188,0.492,14781.25
L,297.8,307.4,1355,45.8,60,0,9.599999999999966,62058.99999999999,0.03380073800738007,0.24,14078.919999999998
M,300.5,311.9,1676,35.2,97,0,11.399999999999977,58995.200000000004,0.02100238663484487,0.388,10978.88
L,298.6,309.5,1547,44.8,36,0,10.899999999999977,69305.59999999999,0.028959276018099545,0.144,13865.599999999999
L,303.7,312.4,1525,43.9,188,0,8.699999999999989,66947.5,0.028786885245901637,0.752,13714.359999999999
L,301.8,309.5,1525,39.6,227,0,7.699999999999989,60390.0,0.025967213114754098,0.908,12256.2
L,299.1,310.3,1727,28.7,43,0,11.199999999999989,49564.9,0.016618413433700057,0.172,8905.61
L,298.9,310.6,1406,43.8,12,0,11.700000000000045,61582.799999999996,0.03115220483641536,0.048,13604.28
L,296.8,308.2,1643,34.7,191,0,11.399999999999977,57012.100000000006,0.021119902617163726,0.764,10694.54
L,299.2,308.5,1442,46.5,11,0,9.300000000000011,67053.0,0.032246879334257975,0.044,14345.25
L,300.0,311.4,1374,41.9,96,0,11.399999999999977,57570.6,0.03049490538573508,0.384,13047.659999999998
M,297.6,308.5,1431,52.6,26,0,10.899999999999977,75270.6,0.036757512229210344,0.104,16227.1
M,296.7,307.8,1375,51.4,108,0,11.100000000000023,70675.0,0.03738181818181818,0.432,15820.92
L,298.7,309.8,1469,38.4,62,0,11.100000000000023,56409.6,0.026140231449965964,0.248,11896.32
L,304.4,313.7,1509,35.0,205,1,9.300000000000011,52815.0,0.023194168323392977,0.82,10979.5
M,298.5,309.5,1366,61.9,130,0,11.0,84555.4,0.045314787701317714,0.52,19158.05
M,299.0,310.3,1494,46.6,144,0,11.300000000000011,69620.40000000001,0.031191432396251675,0.576,14459.980000000001
M,300.2,309.0,1642,31.2,37,0,8.800000000000011,51230.4,0.01900121802679659,0.148,9640.8
H,303.8,313.2,1379,50.2,178,0,9.399999999999977,69225.8,0.03640319071791153,0.712,15722.64
M,302.5,310.3,1447,39.2,172,0,7.800000000000011,56722.4,0.027090532135452663,0.688,12163.760000000002
L,301.0,311.6,1470,43.4,133,0,10.600000000000023,63798.0,0.02952380952380952,0.532,13523.44
L,295.6,306.0,1363,50.0,14,0,10.399999999999977,68150.0,0.036683785766691124,0.056,15300.0
M,299.0,310.1,1487,47.5,123,0,11.100000000000023,70632.5,0.03194351042367182,0.492,14729.750000000002
L,302.5,311.9,1354,49.4,117,0,9.399999999999977,66887.59999999999,0.03648449039881831,0.468,15407.859999999999
L,298.4,309.4,1392,50.1,117,0,11.0,69739.2,0.03599137931034483,0.468,15500.939999999999
M,298.0,308.7,2101,17.4,198,0,10.699999999999989,36557.399999999994,0.008281770585435506,0.792,5371.379999999999
L,300.0,309.1,1631,28.3,110,0,9.100000000000023,46157.3,0.01735131820968731,0.44,8747.53
L,300.1,311.4,1467,35.7,45,0,11.299999999999955,52371.9,0.024335378323108385,0.18,11116.98
L,298.2,308.7,1436,49.1,26,0,10.5,70507.6,0.034192200557103064,0.104,15157.17
L,299.8,309.7,1483,39.6,87,0,9.899999999999977,58726.8,0.02670262980445044,0.348,12264.12
L,301.1,312.3,1534,39.0,129,0,11.199999999999989,59826.0,0.025423728813559324,0.516,12179.7
L,301.8,310.6,1295,62.3,91,0,8.800000000000011,80678.5,0.0481081081081081,0.364,19350.38
L,302.7,311.7,1480,45.2,8,0,9.0,66896.0,0.03054054054054054,0.032,14088.84
M,299.8,309.1,1496,44.4,155,0,9.300000000000011,66422.4,0.029679144385026737,0.62,13724.04
L,298.4,308.2,1282,60.7,216,1,9.800000000000011,77817.40000000001,0.04734789391575663,0.864,18707.74
M,296.0,306.7,2044,22.3,48,0,10.699999999999989,45581.200000000004,0.010909980430528377,0.192,6839.41
L,303.0,312.5,1626,30.5,87,0,9.5,49593.0,0.018757687576875768,0.348,9531.25
L,298.8,308.9,1852,25.0,57,0,10.099999999999966,46300.0,0.013498920086393088,0.228,7722.499999999999
L,299.2,308.4,1877,23.9,4,0,9.199999999999989,44860.299999999996,0.012733084709643046,0.016,7370.759999999999
L,299.9,310.4,1470,50.0,148,0,10.5,73500.0,0.034013605442176874,0.592,15519.999999999998
L,298.3,308.2,1472,44.3,71,0,9.899999999999977,65209.6,0.030095108695652174,0.284,13653.259999999998
M,296.3,307.1,1534,33.8,151,0,10.800000000000011,51849.2,0.022033898305084745,0.604,10379.98
M,302.0,310.5,1573,32.1,143,0,8.5,50493.3,0.020406865861411317,0.572,9967.050000000001
L,300.4,311.1,1589,35.5,191,0,10.700000000000045,56409.5,0.0223410950283197,0.764,11044.050000000001
M,298.9,308.5,1534,42.9,121,0,9.600000000000023,65808.59999999999,0.027966101694915254,0.484,13234.65
M,302.2,311.3,1577,29.8,112,0,9.100000000000023,46994.6,0.018896639188332277,0.448,9276.74
L,302.5,311.6,1419,43.7,39,0,9.100000000000023,62010.3,0.03079633544749824,0.156,13616.920000000002
M,297.2,308.1,1340,61.3,207,1,10.900000000000034,82142.0,0.04574626865671642,0.828,18886.53
H,303.8,312.5,1525,38.0,209,0,8.699999999999989,57950.0,0.024918032786885248,0.836,11875.0
L,302.0,310.8,2143,17.3,227,0,8.800000000000011,37073.9,0.0080727951469902,0.908,5376.84
M,300.7,311.7,1504,36.9,229,0,11.0,55497.6,0.024534574468085105,0.916,11501.73
L,303.2,311.2,1404,50.9,31,0,8.0,71463.59999999999,0.03625356125356125,0.124,15840.079999999998
L,298.0,307.8,1266,60.5,81,0,9.800000000000011,76593.0,0.04778830963665087,0.324,18621.9
L,301.8,310.6,1372,54.7,95,0,8.800000000000011,75048.40000000001,0.039868804664723034,0.38,16989.820000000003
L,297.4,308.4,1392,49.7,174,0,11.0,69182.40000000001,0.03570402298850575,0.696,15327.48
L,298.4,309.3,1504,39.3,192,0,10.900000000000034,59107.2,0.026130319148936168,0.768,12155.49
L,298.8,310.2,1461,46.7,105,0,11.399999999999977,68228.7,0.031964407939767285,0.42,14486.34
L,299.8,311.1,1452,47.3,188,0,11.300000000000011,68679.59999999999,0.03257575757575757,0.752,14715.03
H,298.6,309.5,1584,31.8,27,0,10.899999999999977,50371.200000000004,0.020075757575757577,0.108,9842.1
L,300.7,310.6,1720,30.3,96,0,9.900000000000034,52116.0,0.017616279069767444,0.384,9411.18
M,300.4,311.6,1359,55.4,160,0,11.200000000000045,75288.59999999999,0.040765268579838115,0.64,17262.64
L,299.2,310.4,1570,37.3,37,0,11.199999999999989,58560.99999999999,0.023757961783439488,0.148,11577.919999999998
L,303.9,313.0,1403,48.3,10,0,9.100000000000023,67764.9,0.034426229508196717,0.04,15117.9
H,300.9,310.5,1512,41.2,49,0,9.600000000000023,62294.4,0.02724867724867725,0.196,12792.6
L,303.7,312.2,1487,34.0,94,0,8.5,50558.0,0.022864828513786146,0.376,10614.8
L,302.4,312.0,1562,37.9,10,0,9.600000000000023,59199.799999999996,0.024263764404609475,0.04,11824.8
L,301.5,310.8,1350,58.5,13,0,9.300000000000011,78975.0,0.043333333333333335,0.052,18181.8
L,299.9,309.2,1436,52.0,107,0,9.300000000000011,74672.0,0.036211699164345405,0.428,16078.4
L,302.5,310.3,1539,39.0,119,0,7.800000000000011,60021.0,0.025341130604288498,0.476,12101.7
L,303.7,313.1,1496,47.4,48,0,9.400000000000034,70910.4,0.031684491978609626,0.192,14840.94
L,300.2,310.3,1331,52.1,30,0,10.100000000000023,69345.1,0.0391435011269722,0.12,16166.630000000001
M,297.4,308.3,1335,57.9,113,0,10.900000000000034,77296.5,0.04337078651685393,0.452,17850.57
L,299.8,309.2,1591,37.5,109,0,9.399999999999977,59662.5,0.023570081709616594,0.436,11595.0
L,297.5,308.9,1554,34.8,204,0,11.399999999999977,54079.2,0.022393822393822392,0.816,10749.719999999998
L,304.1,313.2,1452,48.0,126,0,9.099999999999966,69696.0,0.03305785123966942,0.504,15033.599999999999
M,298.8,309.7,1439,45.8,81,0,10.899999999999977,65906.2,0.03182765809589993,0.324,14184.259999999998
L,302.4,312.0,1508,36.9,5,0,9.600000000000023,55645.2,0.024469496021220158,0.02,11512.8
L,298.9,310.1,1341,54.5,51,0,11.200000000000045,73084.5,0.04064131245339299,0.204,16900.45
M,300.6,311.7,1389,52.1,210,0,11.099999999999966,72366.90000000001,0.037508999280057596,0.84,16239.57
L,301.6,310.0,1869,22.9,18,0,8.399999999999977,42800.1,0.012252541466024612,0.072,7099.0
L,300.7,311.1,1324,52.2,85,0,10.400000000000034,69112.8,0.03942598187311178,0.34,16239.420000000002
M,300.9,312.1,1617,31.0,148,0,11.200000000000045,50127.0,0.0191713048855906,0.592,9675.1
H,297.9,308.5,2129,18.7,126,0,10.600000000000023,39812.299999999996,0.00878346641615782,0.504,5768.95
L,297.4,309.4,1401,45.9,49,0,12.0,64305.9,0.032762312633832974,0.196,14201.46
L,295.6,306.1,1383,48.7,147,0,10.5,67352.1,0.035213304410701377,0.588,14907.070000000002
L,297.6,308.6,1522,37.0,106,0,11.0,56314.0,0.02431011826544021,0.424,11418.2
M,298.0,307.6,1844,23.8,44,0,9.600000000000023,43887.200000000004,0.012906724511930586,0.176,7320.880000000001
L,300.1,309.2,1533,37.0,101,0,9.099999999999966,56721.0,0.024135681669928244,0.404,11440.4
L,300.7,310.8,1772,27.3,69,0,10.100000000000023,48375.6,0.015406320541760722,0.276,8484.84
L,296.8,307.8,1394,47.7,155,0,11.0,66493.8,0.034218077474892396,0.62,14682.060000000001
L,301.0,310.5,1379,57.3,204,1,9.5,79016.7,0.04155184916606236,0.816,17791.649999999998
H,300.7,311.9,1389,46.5,186,0,11.199999999999989,64588.5,0.03347732181425486,0.744,14503.349999999999
L,300.6,309.4,1425,40.3,103,0,8.799999999999955,57427.49999999999,0.028280701754385962,0.412,12468.819999999998
H,304.1,313.3,1397,49.6,34,0,9.199999999999989,69291.2,0.03550465282748747,0.136,15539.68
L,301.4,310.3,1639,32.7,171,0,8.900000000000034,53595.3,0.01995118974984747,0.684,10146.810000000001
L,302.0,310.6,1583,35.2,171,0,8.600000000000023,55721.600000000006,0.022236260265319018,0.684,10933.12
L,303.5,312.5,1418,42.2,170,0,9.0,59839.600000000006,0.029760225669957688,0.68,13187.5
L,296.7,307.9,1743,27.9,55,0,11.199999999999989,48629.7,0.016006884681583476,0.22,8590.409999999998
M,295.5,305.9,1380,52.4,202,0,10.399999999999977,72312.0,0.03797101449275362,0.808,16029.159999999998
H,300.4,309.9,1513,38.7,76,0,9.5,58553.100000000006,0.025578321216126902,0.304,11993.13
L,303.6,313.0,1617,30.9,122,0,9.399999999999977,49965.299999999996,0.01910946196660482,0.488,9671.699999999999
H,301.4,310.1,1623,32.3,39,0,8.700000000000045,52422.899999999994,0.019901417128773875,0.156,10016.23
M,297.6,309.6,1330,53.1,7,0,12.0,70623.0,0.03992481203007519,0.028,16439.760000000002
L,303.5,313.1,1897,23.6,75,0,9.600000000000023,44769.200000000004,0.012440695835529784,0.3,7389.160000000001
M,302.4,311.4,1475,45.2,46,0,9.0,66670.0,0.03064406779661017,0.184,14075.28
M,302.8,310.8,1451,44.7,32,0,8.0,64859.700000000004,0.03080634045485872,0.128,13892.760000000002
M,300.7,309.7,1397,51.3,155,0,9.0,71666.09999999999,0.03672154617036506,0.62,15887.609999999999
M,300.7,309.5,1633,31.3,90,0,8.800000000000011,51112.9,0.019167176974892834,0.36,9687.35
M,297.8,309.0,1675,30.0,110,0,11.199999999999989,50250.0,0.01791044776119403,0.44,9270.0
L,299.3,310.3,1396,47.4,14,0,11.0,66170.4,0.033954154727793694,0.056,14708.22
H,299.4,309.1,1547,40.9,50,0,9.700000000000045,63272.299999999996,0.026438267614738203,0.2,12642.19
M,298.1,307.7,1445,48.0,73,0,9.599999999999966,69360.0,0.03321799307958478,0.292,14769.599999999999
L,296.7,307.6,1540,38.6,53,0,10.900000000000034,59444.0,0.025064935064935064,0.212,11873.36
L,301.9,309.7,1424,42.8,140,0,7.800000000000011,60947.2,0.030056179775280897,0.56,13255.159999999998
L,299.0,310.3,1501,43.0,91,0,11.300000000000011,64543.0,0.028647568287808126,0.364,13342.9
L,303.7,312.5,1632,36.6,186,0,8.800000000000011,59731.200000000004,0.022426470588235294,0.744,11437.5
L,303.5,311.6,2183,17.0,110,0,8.100000000000023,37111.0,0.007787448465414567,0.44,5297.200000000001
L,297.8,308.9,1518,40.4,2,0,11.099999999999966,61327.2,0.026613965744400527,0.008,12479.56
L,300.3,309.8,1450,55.0,135,0,9.5,79750.0,0.03793103448275862,0.54,17039.0
M,301.1,311.1,2089,19.8,162,0,10.0,41362.200000000004,0.009478219243657252,0.648,6159.780000000001
H,300.2,309.6,1442,49.2,61,0,9.400000000000034,70946.40000000001,0.034119278779472954,0.244,15232.320000000002
L,302.3,311.6,1488,41.8,75,0,9.300000000000011,62198.399999999994,0.028091397849462362,0.3,13024.88
M,300.1,311.2,1452,42.4,190,0,11.099999999999966,61564.799999999996,0.029201101928374655,0.76,13194.88
L,302.6,312.3,1660,30.3,36,0,9.699999999999989,50298.0,0.01825301204819277,0.144,9462.69
L,299.3,310.8,1426,42.4,0,0,11.5,60462.4,0.02973352033660589,0.0,13177.92
L,302.7,310.5,1511,37.7,60,0,7.800000000000011,56964.700000000004,0.02495036399735275,0.24,11705.85
L,302.8,311.1,1563,32.2,78,0,8.300000000000011,50328.600000000006,0.020601407549584134,0.312,10017.420000000002
L,301.4,310.5,1432,54.3,81,0,9.100000000000023,77757.59999999999,0.03791899441340782,0.324,16860.149999999998
L,301.4,310.7,1657,28.7,108,0,9.300000000000011,47555.9,0.01732045866022933,0.432,8917.09
M,302.2,310.5,1507,40.4,111,0,8.300000000000011,60882.799999999996,0.026808228268082282,0.444,12544.199999999999
L,298.0,309.2,1665,36.6,22,0,11.199999999999989,60939.0,0.021981981981981983,0.088,11316.72
L,298.8,309.7,1953,20.6,25,0,10.899999999999977,40231.8,0.010547875064004097,0.1,6379.820000000001
M,298.6,309.7,1422,49.7,139,0,11.099999999999966,70673.40000000001,0.034950773558368495,0.556,15392.09
H,298.2,307.9,1462,45.5,171,0,9.699999999999989,66521.0,0.03112175102599179,0.684,14009.449999999999
M,304.1,313.2,1510,46.9,152,0,9.099999999999966,70819.0,0.03105960264900662,0.608,14689.08
L,300.2,309.8,1398,54.8,39,0,9.600000000000023,76610.4,0.039198855507868384,0.156,16977.04
L,302.4,310.2,1633,28.0,164,0,7.800000000000011,45724.0,0.017146356399265157,0.656,8685.6
L,301.3,310.4,1538,38.4,195,0,9.099999999999966,59059.2,0.02496749024707412,0.78,11919.359999999999
M,302.2,311.2,1360,52.8,176,0,9.0,71808.0,0.0388235294117647,0.704,16431.359999999997
L,300.9,310.6,1552,34.9,95,0,9.700000000000045,54164.799999999996,0.022487113402061856,0.38,10839.94
L,301.3,310.6,1576,30.4,92,0,9.300000000000011,47910.399999999994,0.01928934010152284,0.368,9442.24
L,299.7,309.5,1352,49.7,184,0,9.800000000000011,67194.40000000001,0.0367603550295858,0.736,15382.150000000001
L,298.4,308.9,1391,48.4,100,0,10.5,67324.4,0.03479511143062545,0.4,14950.759999999998
L,302.6,311.9,1354,48.0,67,0,9.299999999999955,64992.0,0.03545051698670606,0.268,14971.199999999999
H,300.3,311.7,1432,47.7,61,0,11.399999999999977,68306.40000000001,0.03331005586592179,0.244,14868.09
L,298.3,309.0,1339,58.8,35,0,10.699999999999989,78733.2,0.043913368185212846,0.14,18169.2
M,298.3,309.0,1526,36.9,20,0,10.699999999999989,56309.4,0.02418086500655308,0.08,11402.1
H,299.0,309.0,1436,43.9,20,0,10.0,63040.4,0.030571030640668524,0.08,13565.1
L,303.7,312.8,1627,31.7,40,0,9.100000000000023,51575.9,0.019483712354025812,0.16,9915.76
M,301.7,310.9,1644,32.5,201,0,9.199999999999989,53430.0,0.019768856447688565,0.804,10104.25
H,297.7,309.7,1570,35.8,160,0,12.0,56205.99999999999,0.022802547770700635,0.64,11087.259999999998
L,298.5,308.0,1624,29.8,160,0,9.5,48395.200000000004,0.01834975369458128,0.64,9178.4
M,300.9,312.6,1555,40.6,109,0,11.700000000000045,63133.0,0.026109324758842443,0.436,12691.560000000001
L,298.1,307.7,1289,48.3,42,0,9.599999999999966,62258.7,0.03747090768037238,0.168,14861.909999999998
L,299.3,308.6,1520,33.7,76,0,9.300000000000011,51224.00000000001,0.02217105263157895,0.304,10399.820000000002
L,298.9,310.1,1356,47.8,116,0,11.200000000000045,64816.799999999996,0.03525073746312684,0.464,14822.78
M,299.9,310.4,1367,53.3,201,0,10.5,72861.09999999999,0.03899049012435991,0.804,16544.32
M,299.0,308.2,1358,42.7,50,0,9.199999999999989,57986.600000000006,0.031443298969072164,0.2,13160.140000000001
L,299.9,309.4,1363,60.9,57,0,9.5,83006.7,0.04468085106382979,0.228,18842.46
L,301.7,310.6,1447,56.9,47,0,8.900000000000034,82334.3,0.03932273669661368,0.188,17673.14
L,301.8,310.7,1551,37.7,64,0,8.899999999999977,58472.700000000004,0.024306898774983883,0.256,11713.390000000001
L,304.2,313.4,1482,41.4,32,0,9.199999999999989,61354.799999999996,0.027935222672064778,0.128,12974.759999999998
H,299.9,310.5,1549,42.8,208,0,10.600000000000023,66297.2,0.0276307295029051,0.832,13289.4
L,302.3,311.7,1701,27.5,145,0,9.399999999999977,46777.5,0.016166960611405056,0.58,8571.75
L,300.3,309.6,1537,37.1,187,0,9.300000000000011,57022.700000000004,0.02413793103448276,0.748,11486.160000000002
H,299.2,308.6,1462,55.0,163,0,9.400000000000034,80410.0,0.03761969904240766,0.652,16973.0
H,296.6,307.7,1386,62.3,100,1,11.099999999999966,86347.8,0.04494949494949495,0.4,19169.71
L,302.2,311.6,1383,44.3,72,0,9.400000000000034,61266.899999999994,0.032031814895155455,0.288,13803.880000000001
L,300.1,311.2,1489,39.1,188,0,11.099999999999966,58219.9,0.026259234385493622,0.752,12167.92
H,302.4,312.0,1477,39.7,18,0,9.600000000000023,58636.9,0.026878808395396074,0.072,12386.400000000001
M,299.8,309.4,1423,42.9,124,0,9.599999999999966,61046.7,0.030147575544624033,0.496,13273.259999999998
L,300.7,311.0,1969,20.7,109,0,10.300000000000011,40758.299999999996,0.010512950736414423,0.436,6437.7
L,297.4,308.7,1584,38.2,154,0,11.300000000000011,60508.8,0.02411616161616162,0.616,11792.34
H,298.4,309.3,1694,30.9,111,0,10.900000000000034,52344.6,0.018240850059031876,0.444,9557.37
L,298.6,309.4,1316,51.4,52,0,10.799999999999955,67642.4,0.03905775075987842,0.208,15903.159999999998
L,300.5,311.6,1497,40.5,180,0,11.100000000000023,60628.5,0.027054108216432865,0.72,12619.800000000001
H,302.5,311.3,1393,47.5,130,0,8.800000000000011,66167.5,0.03409906676238335,0.52,14786.75
L,301.0,310.6,1588,33.7,114,0,9.600000000000023,53515.600000000006,0.021221662468513855,0.456,10467.220000000001
L,300.3,309.6,1404,44.6,87,0,9.300000000000011,62618.4,0.03176638176638177,0.348,13808.160000000002
H,298.0,308.8,1411,53.8,73,0,10.800000000000011,75911.8,0.038128986534372786,0.292,16613.44
L,297.1,307.9,1342,49.1,179,0,10.799999999999955,65892.2,0.03658718330849479,0.716,15117.89
H,302.3,310.6,1525,48.7,114,0,8.300000000000011,74267.5,0.0319344262295082,0.456,15126.220000000001
L,298.8,309.9,1428,42.4,132,0,11.099999999999966,60547.2,0.02969187675070028,0.528,13139.759999999998
M,297.2,308.6,1284,51.3,32,0,11.400000000000034,65869.2,0.03995327102803738,0.128,15831.18
H,302.2,310.7,1413,48.9,114,0,8.5,69095.7,0.034607218683651804,0.456,15193.23
L,300.3,311.6,1607,33.5,109,0,11.300000000000011,53834.5,0.020846297448662104,0.436,10438.6
H,300.3,311.6,1801,23.6,97,0,11.300000000000011,42503.600000000006,0.013103831204886176,0.388,7353.760000000001
H,300.1,311.4,1485,40.4,75,0,11.299999999999955,59994.0,0.027205387205387205,0.3,12580.56
M,300.7,310.9,1369,51.2,63,0,10.199999999999989,70092.8,0.03739956172388605,0.252,15918.08
L,302.7,310.6,1690,26.7,4,0,7.900000000000034,45123.0,0.01579881656804734,0.016,8293.02
M,302.3,311.7,1483,40.5,8,0,9.399999999999977,60061.5,0.027309507754551585,0.032,12623.85
L,302.3,311.3,1457,44.5,83,0,9.0,64836.5,0.030542210020590255,0.332,13852.85
L,299.3,309.0,1415,47.6,156,0,9.699999999999989,67354.0,0.03363957597173145,0.624,14708.4
L,299.8,309.7,1707,29.1,94,0,9.899999999999977,49673.700000000004,0.017047451669595783,0.376,9012.27
M,302.2,311.2,1544,43.6,63,0,9.0,67318.40000000001,0.02823834196891192,0.252,13568.32
M,302.5,310.3,1411,49.5,110,0,7.800000000000011,69844.5,0.03508150248051028,0.44,15359.85
L,296.5,307.6,1541,38.5,98,0,11.100000000000023,59328.5,0.02498377676833225,0.392,11842.6
L,297.7,308.7,1449,40.2,95,0,11.0,58249.8,0.027743271221532095,0.38,12409.74
H,299.0,309.9,1884,25.6,100,0,10.899999999999977,48230.4,0.013588110403397028,0.4,7933.44
M,299.7,309.1,1508,41.2,152,0,9.400000000000034,62129.600000000006,0.027320954907161805,0.608,12734.920000000002
M,295.6,306.1,1490,42.7,171,0,10.5,63623.00000000001,0.02865771812080537,0.684,13070.470000000001
L,301.5,310.9,1365,46.5,172,0,9.399999999999977,63472.5,0.03406593406593406,0.688,14456.849999999999
L,298.0,307.6,1683,32.8,122,0,9.600000000000023,55202.399999999994,0.01948900772430184,0.488,10089.28
M,300.1,309.7,1420,48.4,36,0,9.599999999999966,68728.0,0.03408450704225352,0.144,14989.48
H,300.1,309.4,1329,55.2,143,0,9.299999999999955,73360.8,0.04153498871331829,0.572,17078.88
H,300.8,311.2,2237,17.0,95,0,10.399999999999977,38029.0,0.007599463567277604,0.38,5290.4
L,298.4,309.2,1345,52.7,196,0,10.800000000000011,70881.5,0.039182156133829,0.784,16294.84
L,297.9,307.8,1459,46.9,85,0,9.900000000000034,68427.09999999999,0.032145305003427,0.34,14435.82
L,300.5,309.8,1663,29.1,145,1,9.300000000000011,48393.3,0.017498496692723995,0.58,9015.18
H,300.7,310.8,1346,52.0,193,0,10.100000000000023,69992.0,0.03863298662704309,0.772,16161.6
L,299.3,308.4,1406,47.4,3,0,9.099999999999966,66644.4,0.0337126600284495,0.012,14618.159999999998
H,298.7,309.6,1654,34.3,136,0,10.900000000000034,56732.2,0.020737605804111242,0.544,10619.28
L,304.1,313.6,1556,37.4,129,0,9.5,58194.399999999994,0.02403598971722365,0.516,11728.640000000001
L,296.2,307.3,1475,37.0,44,0,11.100000000000023,54575.0,0.025084745762711864,0.176,11370.1
L,297.4,308.8,1529,41.3,165,0,11.400000000000034,63147.7,0.02701111837802485,0.66,12753.439999999999
L,300.2,309.6,1359,51.5,66,0,9.400000000000034,69988.5,0.03789551140544518,0.264,15944.400000000001
L,297.6,308.4,1517,34.2,66,0,10.799999999999955,51881.4,0.022544495715227424,0.264,10547.28
L,297.5,308.5,1722,30.4,178,0,11.0,52348.799999999996,0.017653890824622532,0.712,9378.4
L,303.5,311.5,1535,33.3,120,0,8.0,51115.49999999999,0.021693811074918565,0.48,10372.949999999999
L,295.5,306.0,1546,35.9,169,0,10.5,55501.399999999994,0.023221216041397152,0.676,10985.4
L,298.7,308.5,1469,39.9,67,0,9.800000000000011,58613.1,0.02716133424098026,0.268,12309.15
L,301.6,310.9,1385,50.7,195,0,9.299999999999955,70219.5,0.03660649819494585,0.78,15762.63
L,300.6,309.9,1428,48.8,109,0,9.299999999999955,69686.4,0.03417366946778711,0.436,15123.119999999997
L,300.5,309.8,1379,54.2,207,1,9.300000000000011,74741.8,0.03930384336475707,0.828,16791.16
H,297.4,308.8,1324,53.5,169,0,11.400000000000034,70834.0,0.040407854984894256,0.676,16520.8
L,300.6,310.7,1750,30.6,171,0,10.099999999999966,53550.0,0.017485714285714285,0.684,9507.42
M,295.5,306.0,1326,50.8,18,0,10.5,67360.8,0.03831070889894419,0.072,15544.8
L,299.6,309.2,1540,36.7,221,0,9.599999999999966,56518.00000000001,0.02383116883116883,0.884,11347.640000000001
L,300.9,310.7,1479,43.3,201,0,9.800000000000011,64040.7,0.02927653820148749,0.804,13453.31
H,300.3,309.7,1452,41.5,139,0,9.399999999999977,60258.0,0.028581267217630855,0.556,12852.55
L,300.9,310.9,1370,52.5,107,0,10.0,71925.0,0.03832116788321168,0.428,16322.249999999998
H,302.9,312.5,1357,55.0,12,0,9.600000000000023,74635.0,0.040530582166543844,0.048,17187.5
H,298.8,308.9,1466,44.1,184,0,10.099999999999966,64650.6,0.030081855388813097,0.736,13622.49
M,301.8,311.1,1663,31.6,199,0,9.300000000000011,52550.8,0.01900180396873121,0.796,9830.760000000002
M,301.3,310.6,1499,36.1,163,0,9.300000000000011,54113.9,0.024082721814543028,0.652,11212.660000000002
L,301.4,310.1,1937,21.8,205,0,8.700000000000045,42226.6,0.011254517294785752,0.82,6760.18
L,299.1,310.2,1598,33.4,20,0,11.099999999999966,53373.2,0.02090112640801001,0.08,10360.679999999998
L,301.9,311.2,1369,49.8,66,0,9.300000000000011,68176.2,0.03637691745799854,0.264,15497.759999999998
L,301.2,312.3,1528,38.4,85,0,11.100000000000023,58675.2,0.02513089005235602,0.34,11992.32
L,298.3,308.8,1767,27.3,168,0,10.5,48239.1,0.015449915110356536,0.672,8430.24
L,298.0,308.2,1489,40.4,11,0,10.199999999999989,60155.6,0.027132303559435862,0.044,12451.279999999999
L,302.3,311.4,1333,66.7,205,1,9.099999999999966,88911.1,0.05003750937734434,0.82,20770.38
M,300.5,312.0,1867,23.0,103,0,11.5,42941.0,0.012319228709159078,0.412,7176.0
M,298.5,308.3,1381,50.5,22,0,9.800000000000011,69740.5,0.036567704561911656,0.088,15569.150000000001
L,297.4,308.3,1347,45.8,43,0,10.900000000000034,61692.6,0.0340014847809948,0.172,14120.14
M,299.3,310.5,1404,47.5,12,0,11.199999999999989,66690.0,0.033831908831908834,0.048,14748.75
L,299.2,309.0,1408,47.2,0,0,9.800000000000011,66457.6,0.033522727272727273,0.0,14584.800000000001
M,301.5,311.0,1504,42.6,109,0,9.5,64070.4,0.028324468085106382,0.436,13248.6
L,300.2,309.5,1436,48.8,135,0,9.300000000000011,70076.8,0.03398328690807799,0.54,15103.599999999999
M,298.4,309.4,1666,24.3,68,0,11.0,40483.8,0.014585834333733495,0.272,7518.42
H,301.6,310.4,1330,49.5,30,0,8.799999999999955,65835.0,0.037218045112781956,0.12,15364.8
M,301.2,310.7,1615,34.9,95,0,9.5,56363.5,0.021609907120743035,0.38,10843.429999999998
L,298.2,309.0,1418,44.2,87,0,10.800000000000011,62675.600000000006,0.031170662905500707,0.348,13657.800000000001
L,300.9,310.7,1658,28.5,18,0,9.800000000000011,47253.0,0.01718938480096502,0.072,8854.949999999999
L,300.8,310.6,1360,48.8,91,0,9.800000000000011,66368.0,0.03588235294117647,0.364,15157.28
M,302.3,311.4,1484,39.5,22,0,9.099999999999966,58618.0,0.026617250673854446,0.088,12300.3
L,301.7,310.6,1303,59.7,42,0,8.900000000000034,77789.1,0.04581734458940906,0.168,18542.820000000003
L,302.2,310.8,2203,16.6,47,0,8.600000000000023,36569.8,0.007535179300953246,0.188,5159.280000000001
L,298.2,309.0,1651,31.5,197,0,10.800000000000011,52006.5,0.019079345850999394,0.788,9733.5
L,303.0,311.3,1793,29.3,157,0,8.300000000000011,52534.9,0.01634132738427217,0.628,9121.09
H,297.1,308.4,1359,46.6,176,0,11.299999999999955,63329.4,0.03428991905813098,0.704,14371.439999999999
L,298.3,308.6,1584,29.3,162,0,10.300000000000011,46411.200000000004,0.01849747474747475,0.648,9041.980000000001
L,298.0,308.5,1429,37.7,220,1,10.5,53873.3,0.026382085374387687,0.88,11630.45
L,300.1,309.2,1326,55.9,55,0,9.099999999999966,74123.4,0.042156862745098035,0.22,17284.28
M,300.1,309.6,1584,36.7,165,0,9.5,58132.8,0.023169191919191923,0.66,11362.320000000002
H,298.8,310.2,1663,30.4,209,0,11.399999999999977,50555.2,0.018280216476247745,0.836,9430.08
M,298.8,308.6,1598,35.1,52,0,9.800000000000011,56089.8,0.021964956195244054,0.208,10831.86
M,298.5,309.5,1501,40.2,114,0,11.0,60340.200000000004,0.026782145236508997,0.456,12441.900000000001
M,297.3,308.4,1449,44.4,34,0,11.099999999999966,64335.6,0.03064182194616977,0.136,13692.96
L,298.6,309.4,1698,33.2,147,0,10.799999999999955,56373.600000000006,0.01955241460541814,0.588,10272.08
L,298.0,307.8,1386,57.3,147,0,9.800000000000011,79417.8,0.04134199134199134,0.588,17636.94
L,297.2,308.4,1833,25.2,117,0,11.199999999999989,46191.6,0.013747954173486088,0.468,7771.679999999999
L,300.8,311.7,1479,39.4,18,0,10.899999999999977,58272.6,0.026639621365787694,0.072,12280.98
L,299.1,308.2,1348,56.1,110,0,9.099999999999966,75622.8,0.041617210682492585,0.44,17290.02
L,300.2,309.5,1539,35.3,80,0,9.300000000000011,54326.7,0.022936972059779074,0.32,10925.349999999999
L,298.3,308.4,1408,43.1,177,0,10.099999999999966,60684.8,0.030610795454545457,0.708,13292.039999999999
M,299.0,309.7,1489,40.7,212,0,10.699999999999989,60602.3,0.027333781061114844,0.848,12604.79
L,301.5,310.6,1381,50.7,206,0,9.100000000000023,70016.7,0.03671252715423606,0.824,15747.420000000002
M,301.7,310.7,1442,41.1,89,0,9.0,59266.200000000004,0.02850208044382802,0.356,12769.77
L,300.0,309.5,1869,22.7,49,0,9.5,42426.299999999996,0.01214553237025147,0.196,7025.65
L,301.5,310.8,1417,49.7,5,0,9.300000000000011,70424.90000000001,0.03507410021171489,0.02,15446.760000000002
L,301.4,311.0,1634,32.6,155,0,9.600000000000023,53268.4,0.019951040391676868,0.62,10138.6
L,299.4,309.1,1957,22.1,55,0,9.700000000000045,43249.700000000004,0.01129279509453245,0.22,6831.110000000001
M,302.2,310.8,1422,47.0,3,0,8.600000000000023,66834.0,0.03305203938115331,0.012,14607.6
L,300.3,311.8,1360,48.0,119,0,11.5,65280.0,0.03529411764705882,0.476,14966.400000000001
L,300.2,311.6,1540,37.7,71,0,11.400000000000034,58058.00000000001,0.02448051948051948,0.284,11747.320000000002
M,300.7,310.6,1407,42.4,218,0,9.900000000000034,59656.799999999996,0.03013503909026297,0.872,13169.44
M,300.8,310.9,1514,38.7,66,0,10.099999999999966,58591.8,0.025561426684280054,0.264,12031.83
L,301.5,310.7,1424,51.1,22,0,9.199999999999989,72766.40000000001,0.03588483146067416,0.088,15876.77
M,299.6,309.4,1642,30.3,80,0,9.799999999999955,49752.6,0.018453105968331305,0.32,9374.82
L,297.6,308.7,1460,46.7,150,0,11.099999999999966,68182.0,0.03198630136986302,0.6,14416.29
L,301.4,310.9,1414,38.8,162,0,9.5,54863.2,0.02743988684582744,0.648,12062.919999999998
L,301.3,310.8,1428,55.2,88,0,9.5,78825.6,0.03865546218487395,0.352,17156.16
L,301.3,310.4,1414,51.4,199,0,9.099999999999966,72679.59999999999,0.03635077793493635,0.796,15954.559999999998
H,301.8,310.5,1478,38.6,141,0,8.699999999999989,57050.8,0.026116373477672532,0.564,11985.300000000001
L,303.0,312.7,1361,48.8,120,0,9.699999999999989,66416.8,0.03585598824393828,0.48,15259.759999999998
M,297.6,308.6,1509,39.7,166,0,11.0,59907.3,0.02630881378396289,0.664,12251.420000000002
M,300.3,311.2,1783,25.6,139,0,10.899999999999977,45644.8,0.014357823892316322,0.556,7966.72
L,298.1,307.7,1650,34.1,138,0,9.599999999999966,56265.0,0.020666666666666667,0.552,10492.57
L,297.2,308.0,1474,43.7,162,0,10.800000000000011,64413.8,0.029647218453188604,0.648,13459.6
M,302.6,312.0,1363,45.7,91,0,9.399999999999977,62289.100000000006,0.03352898019075569,0.364,14258.400000000001
L,300.2,310.1,1392,47.9,201,0,9.900000000000034,66676.8,0.03441091954022989,0.804,14853.79
L,299.5,309.4,1563,41.5,183,0,9.899999999999977,64864.5,0.026551503518873962,0.732,12840.099999999999
M,300.1,311.4,1524,40.6,98,0,11.299999999999955,61874.4,0.02664041994750656,0.392,12642.84
L,301.1,310.7,1436,45.3,8,0,9.599999999999966,65050.799999999996,0.03154596100278551,0.032,14074.71
L,301.1,312.3,1464,35.3,65,0,11.199999999999989,51679.2,0.024112021857923497,0.26,11024.189999999999
M,297.6,308.6,1444,48.2,46,0,11.0,69600.8,0.03337950138504155,0.184,14874.520000000002
L,300.3,309.2,1587,31.4,43,0,8.899999999999977,49831.799999999996,0.01978575929426591,0.172,9708.88
L,298.8,308.6,1431,45.7,97,0,9.800000000000011,65396.700000000004,0.031935709294199865,0.388,14103.020000000002
L,301.4,311.3,1674,33.3,46,0,9.900000000000034,55744.2,0.019892473118279567,0.184,10366.289999999999
L,297.7,309.6,1480,47.9,18,0,11.900000000000034,70892.0,0.03236486486486487,0.072,14829.84
L,301.5,310.5,1535,39.0,204,0,9.0,59865.0,0.025407166123778503,0.816,12109.5
L,300.7,311.8,1603,34.1,17,0,11.100000000000023,54662.3,0.021272613849033065,0.068,10632.380000000001
L,301.1,310.5,1324,52.4,171,0,9.399999999999977,69377.59999999999,0.03957703927492447,0.684,16270.199999999999
H,298.1,307.6,1542,37.1,84,0,9.5,57208.200000000004,0.024059662775616084,0.336,11411.960000000001
L,299.5,310.7,1438,45.7,106,0,11.199999999999989,65716.6,0.031780250347705145,0.424,14198.99
H,299.2,308.8,1440,39.1,188,0,9.600000000000023,56304.0,0.02715277777777778,0.752,12074.080000000002
H,301.1,311.6,1417,53.4,0,0,10.5,75667.8,0.03768525052928723,0.0,16639.440000000002
L,297.6,308.5,1452,42.6,116,0,10.899999999999977,61855.200000000004,0.029338842975206614,0.464,13142.1
L,298.8,309.1,1378,54.4,165,0,10.300000000000011,74963.2,0.03947750362844702,0.66,16815.04
L,297.1,307.9,1492,39.4,171,0,10.799999999999955,58784.799999999996,0.026407506702412868,0.684,12131.259999999998
M,299.4,309.1,1417,47.3,59,0,9.700000000000045,67024.09999999999,0.0333803810868031,0.236,14620.43
L,299.0,309.0,1544,31.8,25,0,10.0,49099.200000000004,0.020595854922279794,0.1,9826.2
L,299.2,308.4,1667,29.0,199,0,9.199999999999989,48343.0,0.01739652069586083,0.796,8943.599999999999
L,298.3,309.0,1408,45.4,98,0,10.699999999999989,63923.2,0.03224431818181818,0.392,14028.6
L,299.9,309.2,1333,50.8,61,0,9.300000000000011,67716.4,0.03810952738184546,0.244,15707.359999999999
L,300.1,309.4,1568,39.7,42,0,9.299999999999955,62249.600000000006,0.02531887755102041,0.168,12283.18
L,298.4,309.0,1474,52.7,95,0,10.600000000000023,77679.8,0.03575305291723203,0.38,16284.300000000001
M,298.0,309.2,1438,42.9,101,0,11.199999999999989,61690.2,0.02983310152990264,0.404,13264.679999999998
L,304.1,313.4,1399,43.7,111,0,9.299999999999955,61136.3,0.031236597569692638,0.444,13695.58
L,298.0,309.1,1822,23.5,122,0,11.100000000000023,42817.0,0.012897914379802415,0.488,7263.85
L,301.8,310.6,1650,31.9,126,0,8.800000000000011,52635.0,0.01933333333333333,0.504,9908.14
H,297.1,308.2,1790,30.3,128,0,11.099999999999966,54237.0,0.016927374301675978,0.512,9338.46
L,299.8,309.1,1578,42.1,191,0,9.300000000000011,66433.8,0.026679340937896073,0.764,13013.11
L,300.0,311.4,1590,33.6,5,0,11.399999999999977,53424.0,0.021132075471698115,0.02,10463.039999999999
L,300.5,310.6,1368,49.6,10,0,10.100000000000023,67852.8,0.03625730994152047,0.04,15405.760000000002
M,298.3,308.9,1646,25.4,46,0,10.599999999999966,41808.399999999994,0.015431348724179828,0.184,7846.059999999999
M,302.3,311.4,1418,41.3,62,0,9.099999999999966,58563.399999999994,0.029125528913963326,0.248,12860.819999999998
L,297.9,307.8,1538,38.5,123,0,9.900000000000034,59213.0,0.02503250975292588,0.492,11850.300000000001
L,298.2,308.7,1991,20.5,36,0,10.5,40815.5,0.01029633350075339,0.144,6328.349999999999
M,297.2,308.1,1554,41.3,147,0,10.900000000000034,64180.2,0.026576576576576576,0.588,12724.53
L,297.4,308.4,1603,34.6,65,0,11.0,55463.8,0.021584529008109796,0.26,10670.64
L,296.8,308.3,1506,45.9,182,0,11.5,69125.4,0.03047808764940239,0.728,14150.97
L,298.2,308.3,1475,49.9,47,0,10.100000000000023,73602.5,0.03383050847457627,0.188,15384.17
L,298.0,308.7,1629,34.3,191,0,10.699999999999989,55874.7,0.02105586249232658,0.764,10588.409999999998
H,299.6,309.1,1630,32.3,194,0,9.5,52648.99999999999,0.019815950920245396,0.776,9983.93
M,295.7,306.3,1462,44.3,37,0,10.600000000000023,64766.6,0.03030095759233926,0.148,13569.09
H,299.8,310.2,1537,36.6,191,0,10.399999999999977,56254.200000000004,0.023812621990891347,0.764,11353.32
L,301.0,310.9,1809,25.7,192,0,9.899999999999977,46491.299999999996,0.014206744057490325,0.768,7990.129999999999
L,300.5,310.0,1413,44.5,152,0,9.5,62878.5,0.03149327671620665,0.608,13795.0
M,302.1,311.0,1351,60.3,207,1,8.899999999999977,81465.3,0.04463360473723168,0.828,18753.3
M,298.7,310.1,1368,56.8,72,0,11.400000000000034,77702.4,0.041520467836257305,0.288,17613.68
M,300.7,309.8,1490,38.8,173,0,9.100000000000023,57811.99999999999,0.026040268456375838,0.692,12020.24
L,300.7,311.7,1460,46.1,15,0,11.0,67306.0,0.03157534246575343,0.06,14369.37
H,297.7,307.3,1514,38.6,19,0,9.600000000000023,58440.4,0.02549537648612946,0.076,11861.78
L,303.3,311.2,1763,27.3,27,0,7.899999999999977,48129.9,0.015484968803176404,0.108,8495.76
L,300.6,310.2,1555,41.9,19,0,9.599999999999966,65154.5,0.026945337620578776,0.076,12997.38
L,297.8,308.9,1282,58.1,108,0,11.099999999999966,74484.2,0.0453198127925117,0.432,17947.09
L,296.7,307.8,1505,39.4,236,0,11.100000000000023,59297.0,0.02617940199335548,0.944,12127.32
L,301.6,310.9,1532,43.6,15,0,9.299999999999955,66795.2,0.02845953002610966,0.06,13555.24
L,302.6,311.0,1284,68.0,114,1,8.399999999999977,87312.0,0.0529595015576324,0.456,21148.0
M,296.3,307.2,1319,68.3,24,1,10.899999999999977,90087.7,0.051781652767247915,0.096,20981.76
L,298.5,308.0,1384,59.5,27,0,9.5,82348.0,0.04299132947976879,0.108,18326.0
M,303.0,312.3,1674,29.5,109,0,9.300000000000011,49383.0,0.01762246117084827,0.436,9212.85
M,302.6,310.5,1965,20.2,40,0,7.899999999999977,39693.0,0.010279898218829516,0.16,6272.099999999999
L,302.5,312.0,1383,51.3,190,0,9.5,70947.9,0.03709327548806941,0.76,16005.599999999999
M,301.7,310.8,1671,31.6,137,0,9.100000000000023,52803.600000000006,0.01891083183722322,0.548,9821.28
L,297.8,307.8,1412,48.3,27,0,10.0,68199.59999999999,0.03420679886685552,0.108,14866.74
L,302.4,311.1,1448,44.8,195,0,8.700000000000045,64870.399999999994,0.030939226519337015,0.78,13937.28
M,297.2,308.5,1425,45.8,109,0,11.300000000000011,65264.99999999999,0.03214035087719298,0.436,14129.3
L,296.9,308.3,1555,38.2,175,0,11.400000000000034,59401.00000000001,0.02456591639871383,0.7,11777.060000000001
L,297.3,308.5,1545,34.3,74,0,11.199999999999989,52993.49999999999,0.022200647249190936,0.296,10581.55
M,297.9,308.9,1547,44.0,72,0,11.0,68068.0,0.028442146089204912,0.288,13591.599999999999
M,297.9,308.8,1469,49.0,51,0,10.900000000000034,71981.0,0.033356024506466984,0.204,15131.2
L,300.4,309.2,1752,29.0,52,0,8.800000000000011,50808.0,0.016552511415525113,0.208,8966.8
L,300.3,311.6,1515,44.9,69,0,11.300000000000011,68023.5,0.029636963696369634,0.276,13990.84
M,301.2,310.7,1394,42.8,168,0,9.5,59663.2,0.030703012912482064,0.672,13297.96
M,303.0,312.3,1483,38.8,114,0,9.300000000000011,57540.399999999994,0.02616318273769386,0.456,12117.24
M,302.4,310.9,1469,41.6,124,0,8.5,61110.4,0.02831858407079646,0.496,12933.439999999999
L,298.8,309.1,1439,39.2,104,0,10.300000000000011,56408.8,0.02724113968033357,0.416,12116.720000000001
M,301.5,310.6,1573,37.4,37,0,9.100000000000023,58830.2,0.023776223776223775,0.148,11616.44
M,297.2,307.9,1687,30.4,82,0,10.699999999999989,51284.799999999996,0.01802015411973918,0.328,9360.159999999998
L,299.1,308.2,1493,34.9,119,0,9.099999999999966,52105.7,0.02337575351640991,0.476,10756.179999999998
M,297.7,309.7,1680,30.2,168,0,12.0,50736.0,0.017976190476190475,0.672,9352.939999999999
L,298.9,310.2,1696,30.2,214,0,11.300000000000011,51219.2,0.017806603773584905,0.856,9368.039999999999
L,299.3,309.1,1795,24.7,187,0,9.800000000000011,44336.5,0.013760445682451253,0.748,7634.77
L,301.4,310.4,1543,40.9,190,0,9.0,63108.7,0.026506804925469862,0.76,12695.359999999999
M,295.7,306.2,1423,42.5,121,0,10.5,60477.5,0.029866479269149683,0.484,13013.5
L,300.3,311.4,1526,38.5,101,0,11.099999999999966,58751.0,0.02522935779816514,0.404,11988.9
H,297.7,308.5,1720,29.9,210,0,10.800000000000011,51428.0,0.017383720930232556,0.84,9224.15
L,303.0,311.2,1641,32.6,63,0,8.199999999999989,53496.600000000006,0.019865935405240707,0.252,10145.12
M,298.0,307.6,1581,43.4,113,0,9.600000000000023,68615.4,0.027450980392156862,0.452,13349.84
L,298.7,309.0,1691,30.1,154,0,10.300000000000011,50899.100000000006,0.017800118273211117,0.616,9300.9
L,300.2,309.8,1418,49.3,16,0,9.600000000000023,69907.4,0.0347672778561354,0.064,15273.14
L,299.5,309.2,1393,47.3,20,0,9.699999999999989,65888.9,0.03395549174443647,0.08,14625.159999999998
M,300.7,310.1,1367,52.6,167,0,9.400000000000034,71904.2,0.03847841989758596,0.668,16311.260000000002
L,301.1,311.1,1387,53.1,188,0,10.0,73649.7,0.03828406633020909,0.752,16519.41
M,298.4,310.2,1725,32.0,80,0,11.800000000000011,55200.0,0.01855072463768116,0.32,9926.4
M,301.5,310.4,1593,36.8,50,0,8.899999999999977,58622.399999999994,0.023101067168863777,0.2,11422.719999999998
L,300.5,311.9,1887,21.7,56,0,11.399999999999977,40947.9,0.011499735029146793,0.224,6768.23
L,295.7,306.5,1737,26.2,97,0,10.800000000000011,45509.4,0.015083477259643062,0.388,8030.3
M,300.1,311.3,1650,33.8,38,0,11.199999999999989,55769.99999999999,0.020484848484848484,0.152,10521.939999999999
M,302.6,311.1,1520,43.0,88,0,8.5,65360.0,0.028289473684210528,0.352,13377.300000000001
L,300.4,309.4,1412,51.6,153,0,9.0,72859.2,0.03654390934844193,0.612,15965.039999999999
M,297.7,308.2,1720,25.6,174,0,10.5,44032.0,0.014883720930232559,0.696,7889.92
L,300.2,311.6,1671,28.8,149,0,11.400000000000034,48124.8,0.01723518850987433,0.596,8974.080000000002
H,302.9,311.0,1452,58.3,123,0,8.100000000000023,84651.59999999999,0.040151515151515146,0.492,18131.3
M,300.3,311.8,1592,32.1,11,0,11.5,51103.200000000004,0.020163316582914575,0.044,10008.78
L,302.3,311.8,1565,37.8,59,0,9.5,59156.99999999999,0.02415335463258786,0.236,11786.039999999999
H,298.9,308.6,1623,31.0,180,0,9.700000000000045,50313.0,0.019100431300061615,0.72,9566.6
H,301.8,310.8,1470,37.6,204,0,9.0,55272.0,0.025578231292517007,0.816,11686.080000000002
M,297.4,308.4,1789,25.0,210,0,11.0,44725.0,0.013974287311347122,0.84,7709.999999999999
M,298.1,308.3,1680,33.7,185,0,10.199999999999989,56616.00000000001,0.020059523809523812,0.74,10389.710000000001
L,301.5,310.5,2297,15.8,191,0,9.0,36292.6,0.006878537222464084,0.764,4905.900000000001
M,298.0,307.6,1459,44.4,163,0,9.600000000000023,64779.6,0.030431802604523644,0.652,13657.44
L,302.5,311.0,1548,38.4,188,0,8.5,59443.2,0.024806201550387597,0.752,11942.4
M,300.7,310.8,1506,44.0,97,0,10.100000000000023,66264.0,0.029216467463479414,0.388,13675.2
M,297.4,308.6,1528,29.1,163,0,11.200000000000045,44464.8,0.019044502617801048,0.652,8980.26
M,303.9,313.1,1483,47.2,71,0,9.200000000000045,69997.6,0.0318273769386379,0.284,14778.320000000002
H,302.3,310.9,1366,48.4,130,1,8.599999999999966,66114.4,0.03543191800878477,0.52,15047.559999999998
H,303.8,312.5,1655,28.0,170,0,8.699999999999989,46340.0,0.016918429003021148,0.68,8750.0
L,297.6,309.4,1491,40.2,231,0,11.799999999999955,59938.200000000004,0.026961770623742456,0.924,12437.88
L,297.3,308.3,1411,43.2,63,0,11.0,60955.200000000004,0.03061658398299079,0.252,13318.560000000001
M,299.6,310.1,1646,29.6,73,0,10.5,48721.600000000006,0.017982989064398543,0.292,9178.960000000001
M,299.8,311.3,1517,41.2,105,0,11.5,62500.4,0.027158866183256428,0.42,12825.560000000001
H,301.3,310.4,1538,38.4,65,0,9.099999999999966,59059.2,0.02496749024707412,0.26,11919.359999999999
M,299.7,310.3,1429,47.7,35,0,10.600000000000023,68163.3,0.03337998600419874,0.14,14801.310000000001
H,303.0,312.5,1698,30.0,89,0,9.5,50940.0,0.0176678445229682,0.356,9375.0
L,302.3,311.6,1398,49.1,119,0,9.300000000000011,68641.8,0.03512160228898426,0.476,15299.560000000001
H,300.9,310.7,1403,40.6,207,0,9.800000000000011,56961.8,0.028937990021382753,0.828,12614.42
L,303.7,312.6,1621,38.8,182,0,8.900000000000034,62894.799999999996,0.023935842072794568,0.728,12128.88
L,301.9,310.9,1379,54.8,99,0,9.0,75569.2,0.0397389412617839,0.396,17037.319999999996
L,300.6,309.4,1556,36.0,98,0,8.799999999999955,56016.0,0.02313624678663239,0.392,11138.4
M,300.7,310.6,1349,54.5,19,0,9.900000000000034,73520.5,0.04040029651593773,0.076,16927.7
M,303.0,311.1,1490,43.0,108,0,8.100000000000023,64070.0,0.028859060402684565,0.432,13377.300000000001
L,303.9,313.2,1393,46.5,9,0,9.300000000000011,64774.5,0.03338119167264896,0.036,14563.8
L,300.0,310.1,1465,40.9,60,0,10.100000000000023,59918.5,0.027918088737201363,0.24,12683.09
L,298.1,308.7,1683,29.1,161,0,10.599999999999966,48975.3,0.017290552584670233,0.644,8983.17
L,298.3,308.3,1444,43.8,176,0,10.0,63247.2,0.030332409972299166,0.704,13503.539999999999
L,301.0,312.2,1601,33.0,109,0,11.199999999999989,52833.0,0.02061211742660837,0.436,10302.6
L,300.9,311.0,1382,51.2,136,0,10.100000000000023,70758.40000000001,0.03704775687409551,0.544,15923.2
H,297.3,308.2,1653,31.4,9,0,10.899999999999977,51904.2,0.018995765275257107,0.036,9677.48
L,299.4,310.9,1751,27.8,10,0,11.5,48677.8,0.015876641918903485,0.04,8643.02
L,298.0,308.5,1664,28.3,196,0,10.5,47091.200000000004,0.01700721153846154,0.784,8730.550000000001
H,303.4,311.9,1534,33.2,210,0,8.5,50928.8,0.021642764015645372,0.84,10355.08
L,299.2,310.1,1534,37.7,10,0,10.900000000000034,57831.8,0.02457627118644068,0.04,11690.770000000002
L,297.2,307.9,1989,20.3,186,0,10.699999999999989,40376.700000000004,0.0102061337355455,0.744,6250.37
L,302.2,311.5,1548,32.4,81,0,9.300000000000011,50155.2,0.020930232558139535,0.324,10092.6
M,300.1,308.9,1548,38.4,31,0,8.799999999999955,59443.2,0.024806201550387597,0.124,11861.759999999998
L,298.5,309.6,1421,53.6,122,0,11.100000000000023,76165.6,0.03771991555242787,0.488,16594.56
L,299.3,308.9,1376,60.3,163,0,9.599999999999966,82972.8,0.04382267441860465,0.652,18626.67
L,298.3,308.0,1578,37.8,101,0,9.699999999999989,59648.399999999994,0.023954372623574142,0.404,11642.4
H,298.8,308.6,1449,49.4,150,0,9.800000000000011,71580.59999999999,0.03409247757073844,0.6,15244.84
M,302.0,311.2,1625,30.7,189,0,9.199999999999989,49887.5,0.01889230769230769,0.756,9553.84
L,301.4,310.5,1489,43.5,98,0,9.100000000000023,64771.5,0.02921423774345198,0.392,13506.75
L,300.5,310.7,1606,33.5,121,0,10.199999999999989,53801.0,0.020859277708592777,0.484,10408.449999999999
M,300.0,311.4,1384,46.1,7,0,11.399999999999977,63802.4,0.033309248554913296,0.028,14355.539999999999
M,297.6,308.6,1390,53.4,175,0,11.0,74226.0,0.03841726618705036,0.7,16479.24
L,300.6,309.5,1867,23.0,242,0,8.899999999999977,42941.0,0.012319228709159078,0.968,7118.5
L,299.2,308.9,1430,39.1,117,0,9.699999999999989,55913.0,0.027342657342657343,0.468,12077.99
L,296.8,307.9,1372,49.0,140,0,11.099999999999966,67228.0,0.03571428571428571,0.56,15087.099999999999
L,302.5,312.2,1574,38.7,30,0,9.699999999999989,60913.8,0.02458703939008895,0.12,12082.140000000001
L,299.6,310.2,1333,51.2,40,0,10.599999999999966,68249.6,0.03840960240060015,0.16,15882.24
L,298.2,309.0,1643,34.1,91,0,10.800000000000011,56026.3,0.020754716981132078,0.364,10536.9
L,302.6,311.6,1576,34.7,182,0,9.0,54687.200000000004,0.02201776649746193,0.728,10812.520000000002
L,299.6,309.2,1425,45.9,133,0,9.599999999999966,65407.5,0.032210526315789474,0.532,14192.279999999999
M,300.8,311.9,1356,44.3,214,0,11.099999999999966,60070.799999999996,0.03266961651917404,0.856,13817.169999999998
M,297.3,308.8,1469,44.1,150,0,11.5,64782.9,0.030020422055820287,0.6,13618.080000000002
M,297.4,308.3,1444,44.0,18,0,10.900000000000034,63536.0,0.030470914127423823,0.072,13565.2
M,297.6,308.7,1408,51.5,4,0,11.099999999999966,72512.0,0.036576704545454544,0.016,15898.05
L,302.7,310.4,1489,42.7,33,0,7.699999999999989,63580.3,0.02867696440564137,0.132,13254.08
L,297.5,309.2,1715,28.0,30,0,11.699999999999989,48020.0,0.0163265306122449,0.12,8657.6
M,303.0,312.6,1392,42.9,94,0,9.600000000000023,59716.799999999996,0.03081896551724138,0.376,13410.54
H,302.2,310.9,1522,35.9,61,0,8.699999999999989,54639.799999999996,0.023587385019710905,0.244,11161.31
L,298.0,308.3,1662,32.7,0,0,10.300000000000011,54347.4,0.019675090252707583,0.0,10081.410000000002
M,300.4,309.8,1430,43.4,198,0,9.400000000000034,62062.0,0.03034965034965035,0.792,13445.32
H,299.2,308.5,1342,47.5,147,0,9.300000000000011,63745.0,0.03539493293591654,0.588,14653.75
M,300.2,311.6,1415,55.8,82,0,11.400000000000034,78957.0,0.039434628975265014,0.328,17387.28
M,300.1,311.3,1748,26.6,42,0,11.199999999999989,46496.8,0.015217391304347827,0.168,8280.58
L,302.3,312.0,1354,52.2,165,0,9.699999999999989,70678.8,0.038552437223042836,0.66,16286.400000000001
L,302.2,311.5,1588,30.6,39,0,9.300000000000011,48592.8,0.019269521410579346,0.156,9531.9
L,295.9,306.6,1412,41.0,109,0,10.700000000000045,57892.0,0.02903682719546742,0.436,12570.6
L,301.9,310.6,1462,38.8,22,0,8.700000000000045,56725.6,0.026538987688098495,0.088,12051.28
M,302.0,310.8,1445,46.3,17,0,8.800000000000011,66903.5,0.03204152249134948,0.068,14390.039999999999
M,302.5,310.2,1751,30.5,90,0,7.699999999999989,53405.5,0.017418617932609938,0.36,9461.1
H,298.9,308.5,1415,54.0,6,0,9.600000000000023,76410.0,0.03816254416961131,0.024,16659.0
L,298.5,308.4,1733,26.0,8,0,9.899999999999977,45058.0,0.015002885170225043,0.032,8018.4
L,297.3,308.2,1490,41.0,16,0,10.899999999999977,61090.0,0.027516778523489934,0.064,12636.199999999999
L,301.4,310.7,1706,27.9,170,0,9.300000000000011,47597.399999999994,0.016354044548651817,0.68,8668.529999999999
L,297.7,309.1,1562,36.8,172,0,11.400000000000034,57481.6,0.023559539052496796,0.688,11374.88
L,304.1,313.1,1550,30.9,9,0,9.0,47895.0,0.019935483870967743,0.036,9674.79
L,300.1,309.0,1314,58.2,114,0,8.899999999999977,76474.8,0.04429223744292238,0.456,17983.8
L,300.1,309.4,1559,39.7,24,0,9.299999999999955,61892.3,0.0254650416933932,0.096,12283.18
M,303.4,311.5,1560,36.4,114,0,8.100000000000023,56784.0,0.02333333333333333,0.456,11338.6
L,302.6,311.0,1369,60.0,93,1,8.399999999999977,82140.0,0.04382761139517896,0.372,18660.0
M,300.0,309.9,1651,28.1,114,0,9.899999999999977,46393.100000000006,0.017019987886129618,0.456,8708.19
L,300.5,309.8,1441,48.8,200,0,9.300000000000011,70320.8,0.03386537126995142,0.8,15118.24
L,297.6,308.4,1460,40.3,195,0,10.799999999999955,58837.99999999999,0.027602739726027396,0.78,12428.519999999999
L,300.4,311.8,1636,32.3,7,0,11.400000000000034,52842.799999999996,0.01974327628361858,0.028,10071.14
L,301.6,310.5,1397,49.4,104,0,8.899999999999977,69011.8,0.03536148890479599,0.416,15338.699999999999
L,300.0,309.4,2010,20.0,55,0,9.399999999999977,40200.0,0.009950248756218905,0.22,6188.0
L,302.2,311.7,1488,44.6,178,0,9.5,66364.8,0.029973118279569895,0.712,13901.82
M,300.4,311.2,1366,56.1,177,0,10.800000000000011,76632.6,0.0410688140556369,0.708,17458.32
L,300.4,312.0,1631,34.9,115,0,11.600000000000023,56921.899999999994,0.0213979153893317,0.46,10888.8
H,297.5,309.4,1368,45.3,129,0,11.899999999999977,61970.399999999994,0.0331140350877193,0.516,14015.819999999998
L,300.2,311.7,1603,30.5,176,0,11.5,48891.5,0.019026824703680598,0.704,9506.85
L,296.8,307.8,1480,39.4,122,0,11.0,58312.0,0.02662162162162162,0.488,12127.32
L,299.5,310.8,1571,38.2,74,0,11.300000000000011,60012.200000000004,0.024315722469764482,0.296,11872.560000000001
M,302.2,311.5,1449,44.5,113,0,9.300000000000011,64480.5,0.030710835058661144,0.452,13861.75
M,299.0,310.2,1657,32.3,64,0,11.199999999999989,53521.1,0.019493059746529873,0.256,10019.46
M,301.4,311.0,1486,36.5,91,0,9.600000000000023,54239.0,0.02456258411843876,0.364,11351.5
M,299.5,310.7,1364,49.5,0,0,11.199999999999989,67518.0,0.036290322580645164,0.0,15379.65
L,302.9,312.4,1424,49.5,155,0,9.5,70488.0,0.03476123595505618,0.62,15463.8
L,301.1,311.0,1378,51.1,190,0,9.899999999999977,70415.8,0.03708272859216256,0.76,15892.1
M,300.5,309.8,1416,48.5,110,0,9.300000000000011,68676.0,0.03425141242937853,0.44,15025.300000000001
L,302.2,311.4,1754,26.9,33,0,9.199999999999989,47182.6,0.0153363740022805,0.132,8376.66
L,297.8,308.3,1498,47.3,160,0,10.5,70855.4,0.03157543391188251,0.64,14582.59
L,298.9,310.0,1633,31.2,76,0,11.100000000000023,50949.6,0.0191059399877526,0.304,9672.0
L,297.4,308.6,1820,24.6,79,0,11.200000000000045,44772.0,0.013516483516483517,0.316,7591.560000000001
M,299.7,310.9,1620,37.2,203,0,11.199999999999989,60264.00000000001,0.022962962962962966,0.812,11565.48
M,297.5,309.2,1530,40.0,206,0,11.699999999999989,61200.0,0.026143790849673203,0.824,12368.0
L,302.2,311.1,1394,53.7,140,0,8.900000000000034,74857.8,0.038522238163558105,0.56,16706.070000000003
L,301.1,310.5,1529,38.7,91,0,9.399999999999977,59172.3,0.025310660562459127,0.364,12016.35
L,300.5,310.6,1950,20.3,208,0,10.100000000000023,39585.0,0.01041025641025641,0.832,6305.18
L,302.3,311.8,1605,35.2,152,0,9.5,56496.00000000001,0.02193146417445483,0.608,10975.36
M,298.3,309.2,1783,28.3,130,0,10.899999999999977,50458.9,0.015872125630959057,0.52,8750.36
M,299.2,310.5,1548,33.5,35,0,11.300000000000011,51858.0,0.021640826873385012,0.14,10401.75
M,298.4,308.7,1421,60.7,119,1,10.300000000000011,86254.7,0.04271639690358903,0.476,18738.09
L,302.4,311.0,1317,59.4,179,0,8.600000000000023,78229.8,0.04510250569476082,0.716,18473.399999999998
M,300.7,309.4,1589,35.0,52,0,8.699999999999989,55615.0,0.022026431718061675,0.208,10829.0
L,301.0,310.5,1601,33.2,77,0,9.5,53153.200000000004,0.020737039350405998,0.308,10308.6
M,299.0,310.3,1827,28.0,178,0,11.300000000000011,51156.0,0.01532567049808429,0.712,8688.4
L,302.4,310.2,1346,62.4,106,1,7.800000000000011,83990.4,0.04635958395245171,0.424,19356.48
M,301.0,311.6,1301,55.0,9,0,10.600000000000023,71555.0,0.042275172943889314,0.036,17138.0
M,297.4,308.9,1348,59.1,201,0,11.5,79666.8,0.04384272997032641,0.804,18255.989999999998
L,298.0,307.8,1414,51.7,140,0,9.800000000000011,73103.8,0.03656294200848657,0.56,15913.260000000002
L,301.3,310.4,1346,46.7,90,0,9.099999999999966,62858.200000000004,0.03469539375928678,0.36,14495.68
M,304.1,313.4,1518,42.4,105,0,9.299999999999955,64363.2,0.02793148880105402,0.42,13288.159999999998
L,300.7,310.2,1348,54.8,50,0,9.5,73870.4,0.04065281899109792,0.2,16998.96
M,297.3,308.3,1697,27.4,121,0,11.0,46497.799999999996,0.01614614024749558,0.484,8447.42
L,296.8,307.6,1547,36.5,179,0,10.800000000000011,56465.5,0.02359405300581771,0.716,11227.400000000001
L,299.1,309.4,1439,44.2,82,0,10.299999999999955,63603.8,0.03071577484364142,0.328,13675.48
M,301.1,310.9,1396,45.1,12,0,9.799999999999955,62959.6,0.03230659025787966,0.048,14021.59
M,303.3,311.8,1441,44.9,61,0,8.5,64700.9,0.031158917418459404,0.244,13999.82
H,300.2,311.0,1777,27.5,151,0,10.800000000000011,48867.5,0.015475520540236353,0.604,8552.5
L,300.0,311.4,1383,49.6,101,0,11.399999999999977,68596.8,0.03586406362979031,0.404,15445.439999999999
L,299.0,310.4,1504,34.3,48,0,11.399999999999977,51587.2,0.022805851063829784,0.192,10646.719999999998
H,298.8,309.8,1563,38.8,65,0,11.0,60644.399999999994,0.024824056301983363,0.26,12020.24
L,298.3,308.9,1695,30.7,174,0,10.599999999999966,52036.5,0.018112094395280234,0.696,9483.23
M,301.4,310.7,1617,34.3,101,0,9.300000000000011,55463.1,0.02121212121212121,0.404,10657.009999999998
M,302.5,312.0,1826,25.3,203,0,9.5,46197.8,0.013855421686746989,0.812,7893.6
L,296.1,307.2,1615,30.8,18,0,11.099999999999966,49742.0,0.019071207430340558,0.072,9461.76
M,300.6,312.0,1490,39.8,94,0,11.399999999999977,59301.99999999999,0.026711409395973152,0.376,12417.599999999999
M,303.5,313.0,1492,46.1,89,0,9.5,68781.2,0.030898123324396783,0.356,14429.300000000001
L,301.3,311.3,1434,49.8,16,0,10.0,71413.2,0.034728033472803344,0.064,15502.74
H,304.0,313.2,1271,68.6,161,1,9.199999999999989,87190.59999999999,0.05397324940991345,0.644,21485.519999999997
H,298.0,307.5,1683,27.8,26,0,9.5,46787.4,0.016518122400475344,0.104,8548.5
L,298.0,308.9,1607,37.7,49,0,10.899999999999977,60583.9,0.02345986309894213,0.196,11645.53
L,299.9,310.3,1638,29.1,152,0,10.400000000000034,47665.8,0.017765567765567765,0.608,9029.730000000001
L,297.5,308.9,1466,43.0,15,0,11.399999999999977,63038.0,0.029331514324693043,0.06,13282.699999999999
L,298.6,309.8,1842,20.1,142,0,11.199999999999989,37024.200000000004,0.010912052117263845,0.568,6226.9800000000005
L,300.9,310.5,1570,40.1,79,0,9.600000000000023,62957.0,0.02554140127388535,0.316,12451.050000000001
M,300.5,311.8,1636,34.4,2,0,11.300000000000011,56278.399999999994,0.021026894865525673,0.008,10725.92
L,302.5,310.4,1415,48.2,117,0,7.899999999999977,68203.0,0.03406360424028269,0.468,14961.28
L,299.0,310.2,1682,28.8,49,0,11.199999999999989,48441.6,0.017122473246135552,0.196,8933.76
L,297.2,307.9,1337,58.1,184,0,10.699999999999989,77679.7,0.043455497382198956,0.736,17888.989999999998
L,302.7,310.6,1564,34.3,0,0,7.900000000000034,53645.2,0.0219309462915601,0.0,10653.58
L,298.4,308.2,1471,47.0,214,0,9.800000000000011,69137.0,0.03195105370496261,0.856,14485.4
H,297.2,307.9,1450,37.2,151,0,10.699999999999989,53940.00000000001,0.025655172413793104,0.604,11453.88
L,301.3,310.4,1440,41.5,197,0,9.099999999999966,59760.0,0.028819444444444446,0.788,12881.599999999999
M,299.0,308.3,1377,47.2,35,0,9.300000000000011,64994.4,0.034277414669571536,0.14,14551.760000000002
L,303.0,311.2,1409,41.9,98,0,8.199999999999989,59037.1,0.029737402413058906,0.392,13039.279999999999
L,298.8,309.1,1362,45.4,113,0,10.300000000000011,61834.799999999996,0.03333333333333333,0.452,14033.140000000001
L,299.3,309.1,1399,52.1,27,0,9.800000000000011,72887.90000000001,0.03724088634739099,0.108,16104.110000000002
L,301.2,310.7,1676,32.4,98,0,9.5,54302.399999999994,0.019331742243436752,0.392,10066.679999999998
M,298.8,309.7,1448,44.8,31,0,10.899999999999977,64870.399999999994,0.030939226519337015,0.124,13874.56
L,299.5,309.9,1402,51.7,58,0,10.399999999999977,72483.40000000001,0.03687589158345221,0.232,16021.83
L,302.3,311.7,1611,38.6,143,0,9.399999999999977,62184.600000000006,0.023960273122284298,0.572,12031.62
L,297.9,309.0,1629,29.0,26,0,11.100000000000023,47241.0,0.01780233271945979,0.104,8961.0
M,302.2,311.3,1931,21.9,101,0,9.100000000000023,42288.899999999994,0.011341273951320558,0.404,6817.47
M,301.5,310.7,1359,47.1,115,0,9.199999999999989,64008.9,0.034657836644591614,0.46,14633.97
M,297.4,308.3,1774,28.9,166,0,10.900000000000034,51268.6,0.01629086809470124,0.664,8909.869999999999
M,299.4,310.9,1473,40.1,7,0,11.5,59067.3,0.02722335369993211,0.028,12467.09
L,298.7,309.8,1589,31.8,217,0,11.100000000000023,50530.200000000004,0.020012586532410323,0.868,9851.640000000001
H,299.7,310.3,1462,40.4,19,0,10.600000000000023,59064.799999999996,0.027633378932968536,0.076,12536.12
L,300.0,309.7,1326,61.9,80,0,9.699999999999989,82079.4,0.046681749622926094,0.32,19170.43
H,298.1,309.3,1332,51.0,72,0,11.199999999999989,67932.0,0.038288288288288286,0.288,15774.300000000001
M,303.6,312.3,1915,22.3,116,0,8.699999999999989,42704.5,0.01164490861618799,0.464,6964.290000000001
M,301.3,310.7,1532,40.7,178,0,9.399999999999977,62352.4,0.026566579634464755,0.712,12645.49
H,297.6,308.6,1480,39.8,19,0,11.0,58903.99999999999,0.02689189189189189,0.076,12282.28
L,298.4,309.0,2304,15.1,89,0,10.600000000000023,34790.4,0.006553819444444445,0.356,4665.9
L,297.9,307.7,1308,55.2,87,0,9.800000000000011,72201.6,0.04220183486238532,0.348,16985.04
L,300.3,311.3,1332,60.5,112,0,11.0,80586.0,0.045420420420420424,0.448,18833.65
L,297.5,308.2,1610,33.6,115,0,10.699999999999989,54096.0,0.020869565217391306,0.46,10355.52
M,298.1,308.7,1362,49.6,158,0,10.599999999999966,67555.2,0.03641703377386197,0.632,15311.52
M,301.5,310.7,1871,21.3,152,0,9.199999999999989,39852.3,0.011384286477819349,0.608,6617.91
M,297.4,308.6,1452,41.2,197,0,11.200000000000045,59822.4,0.028374655647382924,0.788,12714.320000000002
L,300.5,310.7,1488,39.4,159,0,10.199999999999989,58627.2,0.026478494623655913,0.636,12241.58
L,297.1,308.2,1399,42.6,194,0,11.099999999999966,59597.4,0.030450321658327378,0.776,13129.32
L,301.7,311.0,1503,44.8,134,0,9.300000000000011,67334.4,0.029807052561543576,0.536,13932.8
H,302.7,312.1,1603,32.5,148,0,9.400000000000034,52097.5,0.020274485339987523,0.592,10143.25
L,303.6,312.9,1381,57.8,27,0,9.299999999999955,79821.8,0.04185372918175235,0.108,18085.62
L,300.7,311.1,1440,43.0,148,0,10.400000000000034,61920.0,0.029861111111111113,0.592,13377.300000000001
M,301.8,310.7,1420,52.0,88,0,8.899999999999977,73840.0,0.036619718309859155,0.352,16156.4
L,299.4,309.1,1670,35.9,68,0,9.700000000000045,59953.0,0.02149700598802395,0.272,11096.69
M,300.0,311.4,1864,23.3,2,0,11.399999999999977,43431.200000000004,0.0125,0.008,7255.62
L,303.8,312.8,1416,58.7,156,0,9.0,83119.2,0.04145480225988701,0.624,18361.36
H,298.6,309.8,1279,55.9,152,0,11.199999999999989,71496.09999999999,0.04370602032838155,0.608,17317.82
L,299.3,308.7,1484,40.5,213,0,9.399999999999977,60102.0,0.0272911051212938,0.852,12502.35
L,297.8,307.5,1388,40.0,159,0,9.699999999999989,55520.0,0.02881844380403458,0.636,12300.0
M,299.7,311.2,1560,43.9,126,0,11.5,68484.0,0.02814102564102564,0.504,13661.679999999998
L,299.7,309.3,1546,37.2,4,0,9.600000000000023,57511.200000000004,0.0240620957309185,0.016,11505.960000000001
L,297.9,307.7,1567,34.7,74,0,9.800000000000011,54374.9,0.0221442246330568,0.296,10677.19
M,297.2,308.3,1794,27.5,38,0,11.100000000000023,49335.0,0.015328874024526198,0.152,8478.25
L,297.0,307.9,1479,39.2,151,0,10.899999999999977,57976.8,0.026504394861392836,0.604,12069.68
L,301.6,310.1,1326,48.2,77,1,8.5,63913.200000000004,0.036349924585218706,0.308,14946.820000000002
M,301.1,311.1,1384,42.5,185,0,10.0,58820.0,0.03070809248554913,0.74,13221.750000000002
L,300.0,311.4,1487,41.2,22,0,11.399999999999977,61264.4,0.02770679219905851,0.088,12829.68
L,301.6,310.9,1623,34.1,56,0,9.299999999999955,55344.3,0.021010474430067778,0.224,10601.69
H,296.8,307.8,1627,30.5,117,0,11.0,49623.5,0.018746158574062692,0.468,9387.9
L,300.1,309.0,1404,54.8,29,0,8.899999999999977,76939.2,0.03903133903133903,0.116,16933.2
L,302.3,310.1,1653,29.7,34,0,7.800000000000011,49094.1,0.017967332123411978,0.136,9209.970000000001
L,297.4,308.3,1431,43.0,113,0,10.900000000000034,61533.0,0.03004891684136967,0.452,13256.9
L,301.3,310.6,1529,41.8,176,0,9.300000000000011,63912.2,0.027338129496402876,0.704,12983.08
L,299.2,308.5,1490,43.2,158,0,9.300000000000011,64368.00000000001,0.02899328859060403,0.632,13327.2
M,300.4,309.7,1488,42.2,133,0,9.300000000000011,62793.600000000006,0.028360215053763443,0.532,13069.34
M,297.9,308.8,1602,32.1,59,0,10.900000000000034,51424.200000000004,0.0200374531835206,0.236,9912.480000000001
M,300.1,311.4,1390,52.1,94,0,11.299999999999955,72419.0,0.03748201438848921,0.376,16223.939999999999
H,297.6,309.0,1885,25.2,24,0,11.399999999999977,47502.0,0.01336870026525199,0.096,7786.8
L,297.7,308.9,1742,26.3,24,0,11.199999999999989,45814.6,0.015097588978185994,0.096,8124.07
L,297.8,307.3,1859,24.0,178,0,9.5,44616.0,0.012910166756320602,0.712,7375.200000000001
L,300.0,311.5,1812,28.3,94,0,11.5,51279.6,0.015618101545253863,0.376,8815.45
M,298.4,308.2,1584,41.0,191,0,9.800000000000011,64944.0,0.025883838383838384,0.764,12636.199999999999
L,303.8,312.8,1646,35.8,143,0,9.0,58926.799999999996,0.02174969623329283,0.572,11198.24
L,300.7,311.0,1496,38.3,99,0,10.300000000000011,57296.799999999996,0.025601604278074865,0.396,11911.3
L,295.6,306.2,1424,42.5,58,0,10.599999999999966,60520.0,0.029845505617977528,0.232,13013.5
L,298.8,308.7,1635,35.2,47,0,9.899999999999977,57552.00000000001,0.021529051987767587,0.188,10866.24
L,301.6,309.9,1397,43.7,102,0,8.299999999999955,61048.9,0.03128131710808876,0.408,13542.63
M,298.8,308.5,1711,28.5,140,0,9.699999999999989,48763.5,0.016656925774400935,0.56,8792.25
L,300.4,310.4,1486,46.3,48,0,10.0,68801.8,0.031157469717362045,0.192,14371.519999999999
L,303.2,311.5,1513,37.9,0,0,8.300000000000011,57342.7,0.025049570389953733,0.0,11805.85
M,301.4,310.4,1553,44.7,173,0,9.0,69419.1,0.028783000643915004,0.692,13874.88
L,301.0,310.9,1822,21.6,168,0,9.899999999999977,39355.200000000004,0.01185510428100988,0.672,6715.44
M,297.3,308.5,1524,49.3,176,0,11.199999999999989,75133.2,0.0323490813648294,0.704,15209.05
L,297.4,308.5,1462,42.8,68,0,11.100000000000023,62573.6,0.029274965800273597,0.272,13203.8
H,302.3,311.8,1804,25.0,43,0,9.5,45100.0,0.01385809312638581,0.172,7795.0
L,299.4,309.0,1613,32.2,178,0,9.600000000000023,51938.600000000006,0.01996280223186609,0.712,9949.800000000001
L,303.4,312.8,1360,50.8,94,0,9.400000000000034,69088.0,0.03735294117647059,0.376,15890.24
L,297.2,308.5,1574,35.8,95,0,11.300000000000011,56349.2,0.02274459974587039,0.38,11044.3
M,298.3,309.5,1560,36.9,131,0,11.199999999999989,57564.0,0.023653846153846154,0.524,11420.55
M,302.4,311.8,1453,42.1,105,0,9.400000000000034,61171.3,0.028974535443909155,0.42,13126.78
L,300.5,310.8,1728,26.3,125,0,10.300000000000011,45446.4,0.015219907407407408,0.5,8174.040000000001
L,303.3,311.3,1393,47.4,18,0,8.0,66028.2,0.034027279253409905,0.072,14755.62
L,303.5,313.0,1465,41.0,56,0,9.5,60065.0,0.027986348122866895,0.224,12833.0
L,300.6,310.2,1622,34.1,3,0,9.599999999999966,55310.200000000004,0.021023427866831073,0.012,10577.82
L,298.3,307.9,1435,39.9,143,0,9.599999999999966,57256.5,0.027804878048780488,0.572,12285.21
L,301.9,310.5,1892,21.8,177,0,8.600000000000023,41245.6,0.011522198731501057,0.708,6768.900000000001
L,304.3,313.3,1775,24.9,39,0,9.0,44197.5,0.014028169014084506,0.156,7801.17
M,301.1,310.5,1646,30.7,76,0,9.399999999999977,50532.2,0.018651275820170107,0.304,9532.35
H,296.7,308.1,1528,46.3,203,0,11.400000000000034,70746.4,0.030301047120418846,0.812,14265.03
M,302.3,311.7,1453,42.5,56,0,9.399999999999977,61752.5,0.029249827942188576,0.224,13247.25
L,298.7,308.5,1375,46.4,48,0,9.800000000000011,63800.0,0.033745454545454544,0.192,14314.4
L,302.1,311.2,1417,48.0,13,0,9.099999999999966,68016.0,0.03387438249823571,0.052,14937.599999999999
H,297.4,308.4,1487,46.2,150,0,11.0,68699.40000000001,0.031069266980497647,0.6,14248.08
L,303.6,311.9,1473,50.1,84,0,8.299999999999955,73797.3,0.0340122199592668,0.336,15626.189999999999
L,299.4,310.6,1418,53.1,10,0,11.200000000000045,75295.8,0.03744710860366714,0.04,16492.86
L,303.6,312.0,1827,23.3,103,0,8.399999999999977,42569.1,0.012753147235905857,0.412,7269.6
H,298.3,309.0,1823,25.9,181,0,10.699999999999989,47215.7,0.014207350521119034,0.724,8003.099999999999
L,298.1,307.8,1606,33.0,130,0,9.699999999999989,52998.0,0.02054794520547945,0.52,10157.4
L,302.3,311.2,1386,53.5,59,0,8.899999999999977,74151.0,0.0386002886002886,0.236,16649.2
L,302.4,310.1,1418,52.3,141,0,7.7000000000000455,74161.4,0.03688293370944993,0.564,16218.23
L,302.0,309.9,1308,57.6,197,1,7.899999999999977,75340.8,0.044036697247706424,0.788,17850.239999999998
L,302.2,310.8,1350,56.6,76,0,8.600000000000023,76410.0,0.04192592592592593,0.304,17591.280000000002
M,297.4,308.6,1643,31.0,89,0,11.200000000000045,50933.0,0.018867924528301886,0.356,9566.6
H,298.9,310.1,1458,44.3,156,0,11.200000000000045,64589.399999999994,0.030384087791495196,0.624,13737.43
L,301.8,310.8,1576,38.6,38,0,9.0,60833.600000000006,0.02449238578680203,0.152,11996.880000000001
L,298.8,308.6,1593,35.5,175,0,9.800000000000011,56551.5,0.022284996861268048,0.7,10955.300000000001
L,300.6,311.9,1463,38.2,41,0,11.299999999999955,55886.600000000006,0.026110731373889272,0.164,11914.58
L,299.0,310.3,1929,24.4,180,0,11.300000000000011,47067.6,0.012649040953862104,0.72,7571.32
M,300.6,310.7,1339,52.9,0,0,10.099999999999966,70833.09999999999,0.039507094846900674,0.0,16436.03
L,302.2,311.0,1832,23.2,70,0,8.800000000000011,42502.4,0.012663755458515284,0.28,7215.2
L,303.4,312.8,1376,53.4,98,0,9.400000000000034,73478.4,0.03880813953488372,0.392,16703.52
L,300.4,311.5,1704,29.7,103,0,11.100000000000023,50608.799999999996,0.017429577464788733,0.412,9251.55
M,302.6,311.6,1518,39.0,184,0,9.0,59202.0,0.025691699604743084,0.736,12152.400000000001
M,303.4,312.7,1357,55.3,31,0,9.300000000000011,75042.09999999999,0.04075165806927045,0.124,17292.309999999998
L,300.6,310.1,1297,50.0,130,0,9.5,64850.0,0.03855050115651504,0.52,15505.000000000002
M,297.2,308.3,1578,37.8,3,0,11.100000000000023,59648.399999999994,0.023954372623574142,0.012,11653.74
M,300.8,310.7,1371,44.7,205,0,9.899999999999977,61283.700000000004,0.03260393873085339,0.82,13888.29
M,302.2,311.1,1434,58.6,102,0,8.900000000000034,84032.40000000001,0.04086471408647141,0.408,18230.460000000003
L,301.9,311.0,1289,54.9,128,0,9.100000000000023,70766.09999999999,0.0425911559348332,0.512,17073.899999999998
M,301.1,310.9,1552,37.9,126,0,9.799999999999955,58820.799999999996,0.024420103092783505,0.504,11783.109999999999
L,303.7,312.4,1316,59.3,137,0,8.699999999999989,78038.8,0.04506079027355623,0.548,18525.319999999996
M,303.5,312.7,1420,49.1,42,0,9.199999999999989,69722.0,0.034577464788732394,0.168,15353.57
M,300.6,310.2,1233,52.3,23,0,9.599999999999966,64485.899999999994,0.04241686942416869,0.092,16223.46
L,300.2,310.3,1202,59.5,40,0,10.100000000000023,71519.0,0.049500831946755405,0.16,18462.850000000002
L,296.9,308.0,1521,34.5,84,0,11.100000000000023,52474.5,0.022682445759368838,0.336,10626.0
L,298.0,308.0,1524,37.0,49,0,10.0,56388.0,0.024278215223097113,0.196,11396.0
L,297.4,308.3,1723,28.8,33,0,10.900000000000034,49622.4,0.016715031921067904,0.132,8879.04
M,302.4,311.8,1539,39.9,101,0,9.400000000000034,61406.1,0.025925925925925925,0.404,12440.82
M,303.5,312.9,1883,23.3,100,0,9.399999999999977,43873.9,0.012373871481678173,0.4,7290.57
L,298.9,308.9,1450,47.5,9,0,10.0,68875.0,0.032758620689655175,0.036,14672.749999999998
M,300.2,309.5,1434,51.5,189,0,9.300000000000011,73851.0,0.035913528591352856,0.756,15939.25
L,299.2,308.8,1605,31.1,181,0,9.600000000000023,49915.5,0.019376947040498443,0.724,9603.68
L,302.5,310.8,1577,36.9,158,0,8.300000000000011,58191.299999999996,0.02339885859226379,0.632,11468.52
L,301.9,310.4,1518,34.1,155,0,8.5,51763.8,0.02246376811594203,0.62,10584.64
H,300.4,311.5,1662,29.0,137,0,11.100000000000023,48198.0,0.017448856799037304,0.548,9033.5
L,304.1,313.1,1556,36.3,86,0,9.0,56482.799999999996,0.02332904884318766,0.344,11365.53
L,300.3,311.8,2004,19.6,12,0,11.5,39278.4,0.009780439121756487,0.048,6111.280000000001
L,303.7,312.4,1535,38.6,107,0,8.699999999999989,59251.0,0.02514657980456026,0.428,12058.64
M,298.1,309.2,1460,45.8,80,0,11.099999999999966,66868.0,0.03136986301369863,0.32,14161.359999999999
L,301.9,311.2,1657,29.1,23,0,9.300000000000011,48218.700000000004,0.01756185878092939,0.092,9055.92
H,302.2,311.4,1625,35.4,70,0,9.199999999999989,57525.0,0.021784615384615385,0.28,11023.56
L,303.9,313.2,1499,37.4,7,0,9.300000000000011,56062.6,0.024949966644429618,0.028,11713.679999999998
L,297.8,307.3,1438,44.5,3,0,9.5,63991.0,0.030945757997218357,0.012,13674.85
H,301.1,312.2,1491,42.6,52,0,11.099999999999966,63516.6,0.028571428571428574,0.208,13299.72
L,298.9,308.9,1422,47.6,15,0,10.0,67687.2,0.03347398030942335,0.06,14703.64
L,298.8,308.7,1490,33.6,71,0,9.899999999999977,50064.0,0.0225503355704698,0.284,10372.32
L,299.2,310.3,1463,38.9,160,0,11.100000000000023,56910.7,0.026589200273410798,0.64,12070.67
M,298.1,307.8,1316,57.2,191,0,9.699999999999989,75275.2,0.04346504559270517,0.764,17606.16
H,299.2,310.6,1434,48.4,153,0,11.400000000000034,69405.59999999999,0.03375174337517434,0.612,15033.04
M,301.6,310.7,2012,20.7,178,0,9.099999999999966,41648.4,0.010288270377733598,0.712,6431.49
L,297.5,308.6,1260,53.6,137,0,11.100000000000023,67536.0,0.042539682539682544,0.548,16540.960000000003
L,299.9,309.2,1658,34.8,16,0,9.300000000000011,57698.399999999994,0.020989143546441495,0.064,10760.159999999998
L,298.5,308.3,1811,24.7,27,0,9.800000000000011,44731.7,0.013638873550524571,0.108,7615.01
M,297.5,308.1,1469,44.8,5,0,10.600000000000023,65811.2,0.030496936691626956,0.02,13802.880000000001
L,300.4,309.6,1523,38.5,124,0,9.200000000000045,58635.5,0.025279054497701903,0.496,11919.6
M,301.0,311.0,1508,46.9,113,0,10.0,70725.2,0.03110079575596817,0.452,14585.9
M,302.2,311.1,1640,32.8,77,0,8.900000000000034,53791.99999999999,0.019999999999999997,0.308,10204.08
M,298.4,309.3,1390,53.6,5,0,10.900000000000034,74504.0,0.03856115107913669,0.02,16578.48
M,301.4,310.6,1464,37.4,74,0,9.200000000000045,54753.6,0.025546448087431693,0.296,11616.44
H,303.5,312.0,1397,52.9,80,0,8.5,73901.3,0.03786685755189692,0.32,16504.8
L,300.2,310.1,1440,51.1,41,0,9.900000000000034,73584.0,0.035486111111111114,0.164,15846.110000000002
L,298.1,307.7,1664,27.6,145,0,9.599999999999966,45926.4,0.01658653846153846,0.58,8492.52
L,299.0,310.1,2033,19.3,15,0,11.100000000000023,39236.9,0.009493359567142154,0.06,5984.93
L,302.3,311.0,1657,31.1,3,0,8.699999999999989,51532.700000000004,0.018768859384429692,0.012,9672.1
L,303.5,312.6,1496,39.0,21,0,9.100000000000023,58344.0,0.02606951871657754,0.084,12191.400000000001
L,299.7,309.2,1346,57.4,138,0,9.5,77260.4,0.04264487369985141,0.552,17748.079999999998
L,298.3,308.3,1452,45.5,63,0,10.0,66066.0,0.03133608815426997,0.252,14027.65
M,298.2,308.4,1510,39.9,134,0,10.199999999999989,60249.0,0.02642384105960265,0.536,12305.159999999998
H,298.8,309.9,1466,44.6,66,0,11.099999999999966,65383.6,0.030422919508867666,0.264,13821.539999999999
M,300.6,310.6,1427,52.8,75,0,10.0,75345.59999999999,0.03700070077084793,0.3,16399.68
L,299.1,308.9,1680,27.2,110,0,9.799999999999955,45696.0,0.01619047619047619,0.44,8402.08
L,301.3,310.3,1419,55.7,125,0,9.0,79038.3,0.03925299506694856,0.5,17283.710000000003
L,297.5,309.4,1809,24.3,110,0,11.899999999999977,43958.700000000004,0.013432835820895522,0.44,7518.42
M,301.7,310.5,1625,35.9,121,0,8.800000000000011,58337.5,0.022092307692307692,0.484,11146.949999999999
M,298.7,309.7,1362,50.5,34,0,11.0,68781.0,0.037077826725403815,0.136,15639.849999999999
H,303.5,311.6,1466,47.0,80,0,8.100000000000023,68902.0,0.032060027285129605,0.32,14645.2
M,300.8,310.8,1549,35.5,79,0,10.0,54989.5,0.022918011620400257,0.316,11033.4
L,297.8,308.8,1421,49.6,101,0,11.0,70481.6,0.03490499648135116,0.404,15316.480000000001
L,298.5,309.0,1458,44.8,217,0,10.5,65318.399999999994,0.03072702331961591,0.868,13843.199999999999
M,299.1,310.2,1456,48.4,101,0,11.099999999999966,70470.4,0.03324175824175824,0.404,15013.679999999998
L,300.4,311.8,1689,30.8,196,0,11.400000000000034,52021.200000000004,0.018235642391947898,0.784,9603.44
L,302.1,311.3,1758,24.4,200,0,9.199999999999989,42895.2,0.013879408418657565,0.8,7595.72
H,304.0,313.0,1701,30.4,171,0,9.0,51710.399999999994,0.017871840094062317,0.684,9515.199999999999
M,300.8,310.9,1678,28.1,63,0,10.099999999999966,47151.8,0.016746126340882003,0.252,8736.289999999999
H,301.0,310.6,1366,50.6,106,0,9.600000000000023,69119.6,0.03704245973645681,0.424,15716.360000000002
L,299.4,309.3,1596,31.8,40,0,9.900000000000034,50752.8,0.01992481203007519,0.16,9835.74
L,300.7,312.1,1498,44.0,155,0,11.400000000000034,65912.0,0.029372496662216287,0.62,13732.400000000001
M,300.8,312.0,1450,45.0,183,0,11.199999999999989,65250.0,0.03103448275862069,0.732,14040.0
L,296.7,307.8,1646,34.6,238,0,11.100000000000023,56951.600000000006,0.021020656136087487,0.952,10649.880000000001
L,299.6,310.9,1229,65.2,209,1,11.299999999999955,80130.8,0.05305126118795769,0.836,20270.68
H,298.9,310.6,1615,33.0,221,0,11.700000000000045,53295.0,0.02043343653250774,0.884,10249.800000000001
L,302.0,310.4,1611,35.6,117,0,8.399999999999977,57351.600000000006,0.022098075729360647,0.468,11050.24
L,300.9,310.8,1482,37.0,5,0,9.900000000000034,54834.0,0.02496626180836707,0.02,11499.6
M,300.5,309.8,1473,42.3,121,0,9.300000000000011,62307.899999999994,0.02871690427698574,0.484,13104.539999999999
H,298.0,308.7,1503,36.3,5,0,10.699999999999989,54558.899999999994,0.024151696606786427,0.02,11205.81
L,298.0,308.7,1443,49.3,52,0,10.699999999999989,71139.9,0.034164934164934165,0.208,15218.909999999998
L,300.2,309.8,1650,29.6,13,0,9.600000000000023,48840.0,0.01793939393939394,0.052,9170.08
L,302.6,311.7,1773,27.1,30,0,9.099999999999966,48048.3,0.015284827975183306,0.12,8447.07
M,297.6,307.1,1526,39.1,39,0,9.5,59666.6,0.02562254259501966,0.156,12007.61
L,300.3,310.6,1806,24.4,88,0,10.300000000000011,44066.399999999994,0.013510520487264673,0.352,7578.64
M,301.9,311.5,1492,40.8,150,0,9.600000000000023,60873.6,0.027345844504021447,0.6,12709.199999999999
L,300.6,310.4,1401,42.6,114,0,9.799999999999955,59682.6,0.030406852248394005,0.456,13223.039999999999
H,299.1,310.6,1791,28.0,168,0,11.5,50148.0,0.015633724176437745,0.672,8696.800000000001
M,300.8,311.2,1634,31.9,178,0,10.399999999999977,52124.6,0.01952264381884945,0.712,9927.279999999999
M,299.2,308.8,1314,52.5,193,0,9.600000000000023,68985.0,0.03995433789954338,0.772,16212.0
L,298.7,309.8,1530,35.5,0,0,11.100000000000023,54315.0,0.023202614379084968,0.0,10997.9
L,297.5,308.8,1417,49.8,177,0,11.300000000000011,70566.59999999999,0.03514467184191954,0.708,15378.24
L,299.2,308.5,1445,45.2,222,0,9.300000000000011,65314.00000000001,0.031280276816609,0.888,13944.2
L,300.4,311.1,1405,54.1,193,0,10.700000000000045,76010.5,0.03850533807829182,0.772,16830.510000000002
M,297.5,308.3,1521,38.2,74,0,10.800000000000011,58102.200000000004,0.025115055884286655,0.296,11777.060000000001
L,302.2,311.5,1489,38.3,35,0,9.300000000000011,57028.7,0.02572196104768301,0.14,11930.449999999999
L,300.3,310.3,1483,51.6,50,0,10.0,76522.8,0.034794335805799055,0.2,16011.480000000001
M,300.2,309.4,1752,27.8,208,0,9.199999999999989,48705.6,0.0158675799086758,0.832,8601.32
M,303.4,312.7,1576,49.9,28,0,9.300000000000011,78642.4,0.03166243654822335,0.112,15603.73
L,300.3,311.7,1365,53.3,113,0,11.399999999999977,72754.5,0.039047619047619046,0.452,16613.609999999997
L,304.2,313.4,1490,44.0,41,0,9.199999999999989,65560.0,0.02953020134228188,0.164,13789.599999999999
L,298.9,310.3,1364,54.0,95,0,11.400000000000034,73656.0,0.039589442815249266,0.38,16756.2
L,300.9,310.6,1598,35.4,186,0,9.700000000000045,56569.2,0.022152690863579474,0.744,10995.24
L,298.8,308.4,1401,47.3,10,0,9.599999999999966,66267.3,0.0337615988579586,0.04,14587.319999999998
L,300.1,309.7,1601,35.8,160,0,9.599999999999966,57315.799999999996,0.02236102435977514,0.64,11087.259999999998
M,299.3,308.4,1438,42.3,0,0,9.099999999999966,60827.399999999994,0.029415855354659248,0.0,13045.319999999998
L,298.8,309.9,1486,40.3,126,0,11.099999999999966,59885.799999999996,0.027119784656796767,0.504,12488.969999999998
L,301.5,310.7,1466,47.3,77,0,9.199999999999989,69341.8,0.032264665757162345,0.308,14696.109999999999
L,302.5,311.9,1265,59.8,119,0,9.399999999999977,75647.0,0.04727272727272727,0.476,18651.62
M,301.8,310.7,1465,35.8,82,0,8.899999999999977,52446.99999999999,0.024436860068259382,0.328,11123.06
L,300.9,310.7,1412,57.5,16,0,9.800000000000011,81190.0,0.04072237960339943,0.064,17865.25
L,300.3,310.4,1493,37.5,219,0,10.099999999999966,55987.5,0.025117213663764234,0.876,11640.0
L,300.7,311.1,2478,13.4,170,1,10.400000000000034,33205.200000000004,0.0054075867635189675,0.68,4168.740000000001
M,297.0,308.2,1702,30.7,124,0,11.199999999999989,52251.4,0.018037602820211517,0.496,9461.74
M,301.8,311.5,1416,49.0,136,0,9.699999999999989,69384.0,0.0346045197740113,0.544,15263.5
L,303.0,311.1,1525,40.7,179,0,8.100000000000023,62067.50000000001,0.026688524590163937,0.716,12661.770000000002
L,303.1,311.3,1336,52.6,172,1,8.199999999999989,70273.6,0.03937125748502994,0.688,16374.380000000001
L,297.9,307.6,1504,42.4,180,0,9.700000000000045,63769.6,0.028191489361702127,0.72,13042.24
M,303.0,312.7,1426,46.8,99,0,9.699999999999989,66736.8,0.03281907433380084,0.396,14634.359999999999
L,297.1,308.0,1467,42.8,169,0,10.899999999999977,62787.6,0.029175187457396043,0.676,13182.4
L,302.1,311.2,1447,50.3,11,0,9.099999999999966,72784.09999999999,0.034761575673807873,0.044,15653.359999999999
L,300.8,311.7,1397,43.5,227,0,10.899999999999977,60769.5,0.03113815318539728,0.908,13558.949999999999
M,300.6,309.6,1365,50.0,70,0,9.0,68250.0,0.03663003663003663,0.28,15480.000000000002
H,298.1,307.7,1376,56.2,113,0,9.599999999999966,77331.2,0.04084302325581395,0.452,17292.74
M,298.2,309.1,1411,45.8,157,0,10.900000000000034,64623.799999999996,0.03245924875974486,0.628,14156.78
M,301.1,311.2,1591,35.0,208,0,10.099999999999966,55685.0,0.02199874292897549,0.832,10892.0
M,301.4,310.7,1470,46.5,101,0,9.300000000000011,68355.0,0.03163265306122449,0.404,14447.55
L,299.5,310.8,1356,54.9,72,0,11.300000000000011,74444.4,0.04048672566371681,0.288,17062.920000000002
L,302.6,310.2,1923,21.5,18,0,7.599999999999966,41344.5,0.011180447217888715,0.072,6669.3
M,300.1,309.7,1348,57.3,48,0,9.599999999999966,77240.4,0.04250741839762611,0.192,17745.809999999998
L,298.6,310.0,1517,39.0,4,0,11.399999999999977,59163.0,0.025708635464733027,0.016,12090.0
L,299.8,309.4,1480,40.9,2,0,9.599999999999966,60532.0,0.027635135135135134,0.008,12654.46
L,301.0,310.6,1641,33.4,12,0,9.600000000000023,54809.399999999994,0.020353443022547227,0.048,10374.04
M,299.1,308.5,1587,35.6,2,0,9.399999999999977,56497.200000000004,0.022432262129804665,0.008,10982.6
M,303.3,311.5,1569,36.6,47,0,8.199999999999989,57425.4,0.02332695984703633,0.188,11400.9
L,302.2,310.6,1386,50.0,132,0,8.400000000000034,69300.0,0.03607503607503607,0.528,15530.000000000002
M,300.3,309.9,1611,29.0,177,0,9.599999999999966,46719.0,0.018001241464928614,0.708,8987.099999999999
M,302.6,311.0,1589,39.0,122,0,8.399999999999977,61971.0,0.024543738200125866,0.488,12129.0
M,298.7,309.6,1455,46.8,162,0,10.900000000000034,68094.0,0.03216494845360825,0.648,14489.28
L,300.7,310.3,1592,36.0,14,0,9.600000000000023,57312.0,0.022613065326633167,0.056,11170.800000000001
H,300.6,309.8,1913,22.5,157,0,9.199999999999989,43042.5,0.011761630946157868,0.628,6970.5
M,298.5,307.9,1640,33.1,146,0,9.399999999999977,54284.0,0.020182926829268293,0.584,10191.49
M,297.5,308.4,1369,54.8,145,0,10.899999999999977,75021.2,0.04002921840759678,0.58,16900.319999999996
L,300.5,309.7,1841,24.6,143,0,9.199999999999989,45288.600000000006,0.013362303096143401,0.572,7618.62
L,299.8,311.1,1603,35.1,179,0,11.300000000000011,56265.3,0.021896444167186526,0.716,10919.61
L,299.7,309.3,1420,44.1,60,0,9.600000000000023,62622.0,0.031056338028169015,0.24,13640.130000000001
M,299.2,308.4,1381,42.5,54,0,9.199999999999989,58692.5,0.030774800868935553,0.216,13106.999999999998
L,301.7,310.1,2695,12.6,10,0,8.400000000000034,33957.0,0.004675324675324675,0.04,3907.26
L,301.6,310.1,1694,26.3,14,0,8.5,44552.200000000004,0.01552538370720189,0.056,8155.630000000001
L,297.0,308.3,1399,59.0,135,0,11.300000000000011,82541.0,0.04217298070050036,0.54,18189.7
M,297.1,308.2,1529,37.9,183,0,11.099999999999966,57949.1,0.024787442773054284,0.732,11680.779999999999
L,298.2,309.0,1491,38.3,121,0,10.800000000000011,57105.299999999996,0.025687458081824276,0.484,11834.699999999999
H,297.6,309.0,1735,26.4,41,0,11.399999999999977,45804.0,0.01521613832853026,0.164,8157.599999999999
M,301.7,310.6,1492,42.2,85,0,8.900000000000034,62962.4,0.02828418230563003,0.34,13107.320000000002
L,302.3,311.8,1574,42.8,215,0,9.5,67367.2,0.027191867852604825,0.86,13345.039999999999
L,301.0,310.8,1549,41.4,121,0,9.800000000000011,64128.6,0.02672692059393157,0.484,12867.12
H,302.0,310.5,1459,43.2,148,0,8.5,63028.8,0.029609321453050036,0.592,13413.6
H,300.6,309.4,1463,49.2,235,0,8.799999999999955,71979.6,0.033629528366370474,0.94,15222.48
L,299.0,310.1,1362,59.5,46,0,11.100000000000023,81039.0,0.04368575624082232,0.184,18450.95
L,297.8,309.2,1683,30.9,163,0,11.399999999999977,52004.7,0.018360071301247772,0.652,9554.279999999999
H,300.6,310.0,1419,42.4,90,0,9.399999999999977,60165.6,0.029880197322057787,0.36,13144.0
L,297.4,309.0,1568,33.7,175,0,11.600000000000023,52841.600000000006,0.02149234693877551,0.7,10413.300000000001
M,298.4,308.5,1636,35.7,107,0,10.100000000000023,58405.200000000004,0.02182151589242054,0.428,11013.45
L,300.7,311.8,1336,58.4,189,1,11.100000000000023,78022.4,0.0437125748502994,0.756,18209.12
L,300.3,310.2,1471,45.2,48,0,9.899999999999977,66489.2,0.030727396329027875,0.192,14021.04
H,296.1,306.9,1541,32.6,33,0,10.799999999999955,50236.600000000006,0.021155094094743674,0.132,10004.94
M,300.5,311.4,1312,51.4,60,0,10.899999999999977,67436.8,0.03917682926829268,0.24,16005.96
L,303.4,311.7,1793,25.8,161,0,8.300000000000011,46259.4,0.014389291689905187,0.644,8041.86
L,298.3,309.9,1507,41.6,112,0,11.599999999999966,62691.200000000004,0.027604512276045122,0.448,12891.84
L,301.5,310.5,1636,28.7,106,0,9.0,46953.2,0.01754278728606357,0.424,8911.35
M,301.1,311.2,1407,53.0,165,0,10.099999999999966,74571.0,0.037668798862828715,0.66,16493.6
M,298.3,307.8,1485,42.0,13,0,9.5,62370.0,0.028282828282828285,0.052,12927.6
M,300.3,309.5,1448,42.4,145,0,9.199999999999989,61395.2,0.029281767955801105,0.58,13122.8
M,298.8,308.8,1441,40.5,63,0,10.0,58360.5,0.028105482303955587,0.252,12506.4
M,299.3,309.0,1496,43.4,67,0,9.699999999999989,64926.4,0.029010695187165775,0.268,13410.6
L,298.1,307.7,1414,48.7,159,0,9.599999999999966,68861.8,0.03444130127298444,0.636,14984.99
L,297.7,307.7,1581,34.9,31,0,10.0,55176.899999999994,0.022074636306135355,0.124,10738.73
L,297.3,308.5,1456,54.2,179,0,11.199999999999989,78915.2,0.037225274725274725,0.716,16720.7
L,297.3,308.6,1385,55.2,156,0,11.300000000000011,76452.0,0.03985559566787004,0.624,17034.72
L,302.5,310.2,1547,36.9,103,0,7.699999999999989,57084.299999999996,0.023852617970265028,0.412,11446.38
L,297.3,308.1,1762,26.1,154,0,10.800000000000011,45988.200000000004,0.014812712826333712,0.616,8041.410000000001
L,299.6,309.1,1574,39.2,83,0,9.5,61700.8,0.024904701397712836,0.332,12116.720000000001
L,301.1,312.4,1430,37.9,124,0,11.299999999999955,54197.0,0.026503496503496503,0.496,11839.96
H,299.7,311.1,1353,47.1,143,0,11.400000000000034,63726.3,0.034811529933481154,0.572,14652.810000000001
L,299.1,308.4,1426,47.9,67,0,9.299999999999955,68305.4,0.03359046283309958,0.268,14772.359999999999
H,300.1,311.6,1589,37.9,37,0,11.5,60223.1,0.023851478917558212,0.148,11809.640000000001
L,302.7,310.7,1369,47.5,11,1,8.0,65027.5,0.03469685902118334,0.044,14758.25
L,300.6,309.7,1593,32.4,76,0,9.099999999999966,51613.2,0.020338983050847456,0.304,10034.279999999999
L,297.4,308.5,1495,37.8,211,0,11.100000000000023,56510.99999999999,0.025284280936454847,0.844,11661.3
H,296.4,307.5,1556,38.0,62,0,11.100000000000023,59128.0,0.02442159383033419,0.248,11685.0
L,298.8,309.7,1450,43.1,63,0,10.899999999999977,62495.0,0.029724137931034483,0.252,13348.07
L,303.7,312.9,1502,40.5,0,0,9.199999999999989,60831.0,0.02696404793608522,0.0,12672.449999999999
L,299.9,309.0,1553,40.0,88,0,9.100000000000023,62120.0,0.025756600128783,0.352,12360.0
M,302.6,312.1,1445,42.0,181,0,9.5,60690.0,0.02906574394463668,0.724,13108.2
M,302.3,311.8,1463,35.7,197,0,9.5,52229.100000000006,0.024401913875598088,0.788,11131.260000000002
L,302.3,311.0,1446,37.6,75,0,8.699999999999989,54369.6,0.02600276625172891,0.3,11693.6
L,299.3,309.0,1734,30.6,154,0,9.699999999999989,53060.4,0.01764705882352941,0.616,9455.4
L,303.7,313.0,1457,44.1,40,0,9.300000000000011,64253.700000000004,0.03026767330130405,0.16,13803.300000000001
H,300.4,311.4,1445,52.4,105,0,11.0,75718.0,0.03626297577854671,0.42,16317.359999999999
L,297.4,307.9,1606,33.4,176,0,10.5,53640.399999999994,0.02079701120797011,0.704,10283.859999999999
L,298.1,308.7,1642,30.3,3,0,10.599999999999966,49752.6,0.018453105968331305,0.012,9353.61
M,297.8,307.9,1802,25.8,43,0,10.099999999999966,46491.6,0.014317425083240845,0.172,7943.82
L,301.0,309.9,1507,41.8,19,0,8.899999999999977,62992.6,0.02773722627737226,0.076,12953.819999999998
L,299.0,310.4,1452,46.2,168,0,11.399999999999977,67082.40000000001,0.03181818181818182,0.672,14340.48
L,301.2,311.2,1635,29.6,211,0,10.0,48396.0,0.018103975535168196,0.844,9211.52
M,299.5,309.2,1495,41.6,17,0,9.699999999999989,62192.0,0.02782608695652174,0.068,12862.72
L,298.3,308.5,1538,32.2,173,0,10.199999999999989,49523.600000000006,0.02093628088426528,0.692,9933.7
L,297.9,309.0,1528,37.5,54,0,11.100000000000023,57300.0,0.02454188481675393,0.216,11587.5
M,298.7,309.6,1738,27.3,79,0,10.900000000000034,47447.4,0.01570771001150748,0.316,8452.080000000002
M,299.0,308.4,1535,47.5,163,0,9.399999999999977,72912.5,0.030944625407166124,0.652,14648.999999999998
M,300.7,310.2,1373,44.1,28,0,9.5,60549.3,0.03211944646758922,0.112,13679.82
L,298.7,310.2,1525,43.7,34,0,11.5,66642.5,0.028655737704918034,0.136,13555.74
L,297.9,308.5,1472,45.1,70,0,10.600000000000023,66387.2,0.03063858695652174,0.28,13913.35
M,303.0,311.2,1387,41.4,100,0,8.199999999999989,57421.799999999996,0.029848594087959625,0.4,12883.679999999998
L,297.4,308.5,2100,16.9,176,0,11.100000000000023,35490.0,0.008047619047619047,0.704,5213.65
L,300.9,312.1,1462,46.0,166,0,11.200000000000045,67252.0,0.03146374829001368,0.664,14356.6
L,301.9,310.4,1370,51.7,153,1,8.5,70829.0,0.03773722627737226,0.612,16047.68
M,300.0,309.1,1463,45.7,11,0,9.100000000000023,66859.1,0.031237183868762817,0.044,14125.870000000003
M,299.9,310.1,1362,56.3,179,0,10.200000000000045,76680.59999999999,0.04133627019089574,0.716,17458.63
L,300.5,309.8,1507,42.5,117,0,9.300000000000011,64047.5,0.028201725282017254,0.468,13166.5
L,299.6,310.2,1512,44.0,79,0,10.599999999999966,66528.0,0.0291005291005291,0.316,13648.8
L,302.3,310.1,1487,46.0,184,0,7.800000000000011,68402.0,0.03093476798924008,0.736,14264.6
L,300.3,309.6,1568,39.6,85,0,9.300000000000011,62092.8,0.025255102040816328,0.34,12260.160000000002
H,299.0,310.2,1744,31.5,0,0,11.199999999999989,54936.0,0.018061926605504586,0.0,9771.3
L,300.8,310.6,1384,52.9,165,0,9.800000000000011,73213.59999999999,0.038222543352601154,0.66,16430.74
L,299.3,310.9,1669,32.4,5,0,11.599999999999966,54075.6,0.019412822049131216,0.02,10073.159999999998
L,299.2,310.3,1352,48.9,238,1,11.100000000000023,66112.8,0.03616863905325444,0.952,15173.67
L,302.9,312.4,1698,33.8,202,0,9.5,57392.399999999994,0.0199057714958775,0.808,10559.119999999999
L,301.7,310.5,2465,13.7,149,0,8.800000000000011,33770.5,0.005557809330628803,0.596,4253.849999999999
L,299.0,308.7,1892,22.8,96,0,9.699999999999989,43137.6,0.012050739957716702,0.384,7038.36
L,297.2,308.6,1437,52.4,37,0,11.400000000000034,75298.8,0.036464857341684066,0.148,16170.640000000001
L,298.1,307.9,1578,35.6,55,0,9.799999999999955,56176.8,0.022560202788339673,0.22,10961.24
L,297.2,308.6,1864,23.6,103,0,11.400000000000034,43990.4,0.012660944206008584,0.412,7282.960000000001
L,299.0,310.1,1463,37.4,56,0,11.100000000000023,54716.2,0.02556390977443609,0.224,11597.74
L,300.9,310.9,1749,26.4,40,0,10.0,46173.6,0.015094339622641508,0.16,8207.759999999998
L,299.7,311.1,1603,31.4,141,0,11.400000000000034,50334.2,0.019588271990018714,0.564,9768.54
L,299.2,308.5,1378,53.4,100,0,9.300000000000011,73585.2,0.038751814223512336,0.4,16473.899999999998
H,302.6,311.0,1438,51.0,106,0,8.399999999999977,73338.0,0.03546592489568846,0.424,15861.0
M,300.5,309.8,1370,55.9,143,0,9.300000000000011,76583.0,0.0408029197080292,0.572,17317.82
M,301.5,310.5,1308,60.5,139,0,9.0,79134.0,0.04625382262996942,0.556,18785.25
L,300.8,309.7,1997,20.7,5,0,8.899999999999977,41337.9,0.010365548322483726,0.02,6410.79
L,295.7,306.2,1397,52.0,101,0,10.5,72644.0,0.03722261989978525,0.404,15922.4
M,298.0,307.5,1427,43.6,101,0,9.5,62217.200000000004,0.030553608969866853,0.404,13407.0
L,299.0,308.4,1356,52.6,188,0,9.399999999999977,71325.6,0.038790560471976404,0.752,16221.84
L,301.2,311.1,1550,39.7,20,0,9.900000000000034,61535.00000000001,0.025612903225806453,0.08,12350.670000000002
H,299.3,308.8,1397,45.4,191,0,9.5,63423.799999999996,0.032498210450966354,0.764,14019.52
L,299.5,310.9,1496,38.5,162,0,11.399999999999977,57596.0,0.025735294117647058,0.648,11969.65
M,297.1,308.4,1880,23.5,155,0,11.299999999999955,44180.0,0.0125,0.62,7247.4
H,300.1,309.3,1448,45.8,163,0,9.199999999999989,66318.4,0.031629834254143646,0.652,14165.94
L,302.2,311.0,1555,34.2,185,0,8.800000000000011,53181.00000000001,0.0219935691318328,0.74,10636.2
H,301.9,311.0,1336,63.6,111,0,9.100000000000023,84969.6,0.04760479041916168,0.444,19779.600000000002
L,296.8,307.6,1588,37.6,126,0,10.800000000000011,59708.8,0.02367758186397985,0.504,11565.760000000002
H,299.0,310.0,1458,44.9,221,0,11.0,65464.2,0.030795610425240053,0.884,13919.0
L,301.3,310.0,1344,54.8,186,0,8.699999999999989,73651.2,0.040773809523809525,0.744,16988.0
L,303.6,312.5,1710,31.4,180,0,8.899999999999977,53694.0,0.018362573099415205,0.72,9812.5
M,298.5,309.7,1354,60.8,96,0,11.199999999999989,82323.2,0.044903988183161,0.384,18829.76
L,299.9,311.0,1747,27.6,177,0,11.100000000000023,48217.200000000004,0.015798511734401832,0.708,8583.6
L,300.8,311.9,1414,41.1,171,0,11.099999999999966,58115.4,0.029066478076379066,0.684,12819.09
H,299.2,310.7,1636,29.4,23,0,11.5,48098.399999999994,0.017970660146699267,0.092,9134.58
L,298.7,309.7,1293,59.1,125,0,11.0,76416.3,0.045707656612529006,0.5,18303.27
M,297.4,308.2,1401,51.9,117,0,10.800000000000011,72711.9,0.037044967880085655,0.468,15995.579999999998
M,297.8,309.2,1295,61.2,12,0,11.399999999999977,79254.0,0.04725868725868726,0.048,18923.04
M,299.8,309.4,1439,47.4,57,0,9.599999999999966,68208.59999999999,0.03293954134815844,0.228,14665.559999999998
L,300.2,311.6,1827,27.0,22,0,11.400000000000034,49329.0,0.014778325123152709,0.088,8413.2
L,297.8,307.8,1563,34.3,53,0,10.0,53610.899999999994,0.021944977607165704,0.212,10557.539999999999
M,300.7,311.0,1334,53.9,150,0,10.300000000000011,71902.59999999999,0.0404047976011994,0.6,16762.899999999998
H,298.2,308.4,1398,51.8,76,0,10.199999999999989,72416.4,0.037052932761087266,0.304,15975.119999999997
M,299.7,310.4,1410,44.5,105,0,10.699999999999989,62745.0,0.03156028368794326,0.42,13812.8
H,298.3,308.1,2636,12.8,84,0,9.800000000000011,33740.8,0.004855842185128983,0.336,3943.6800000000003
L,297.8,309.0,1403,64.2,0,1,11.199999999999989,90072.6,0.045759087669280114,0.0,19837.8
L,299.6,310.9,1853,26.3,166,0,11.299999999999955,48733.9,0.014193200215866163,0.664,8176.67
H,302.2,311.1,1426,50.6,101,0,8.900000000000034,72155.6,0.035483870967741936,0.404,15741.660000000002
L,301.7,311.3,1421,45.9,85,0,9.600000000000023,65223.9,0.03230119634060521,0.34,14288.67
L,301.5,310.9,1580,32.3,11,0,9.399999999999977,51033.99999999999,0.020443037974683543,0.044,10042.069999999998
H,299.3,308.8,1636,35.5,180,0,9.5,58078.0,0.02169926650366748,0.72,10962.4
H,300.7,310.5,1476,43.1,134,0,9.800000000000011,63615.6,0.029200542005420056,0.536,13382.550000000001
L,300.6,309.6,1290,57.4,119,0,9.0,74046.0,0.04449612403100775,0.476,17771.04
H,303.1,312.8,1435,41.9,115,0,9.699999999999989,60126.5,0.029198606271777002,0.46,13106.32
L,298.7,309.8,1539,33.4,2,0,11.100000000000023,51402.6,0.02170240415854451,0.008,10347.32
M,302.2,311.2,1627,33.2,74,0,9.0,54016.4,0.02040565457897972,0.296,10331.84
L,297.1,308.4,1583,31.9,2,0,11.299999999999955,50497.7,0.020151610865445355,0.008,9837.96
L,299.8,311.2,1369,46.2,146,0,11.399999999999977,63247.8,0.0337472607742878,0.584,14377.44
L,301.4,310.8,1490,38.0,168,0,9.400000000000034,56620.0,0.025503355704697986,0.672,11810.4
L,300.0,311.0,1637,33.6,181,0,11.0,55003.200000000004,0.020525351252290776,0.724,10449.6
L,298.9,309.9,1365,46.5,75,0,11.0,63472.5,0.03406593406593406,0.3,14410.349999999999
M,300.6,310.0,1397,55.2,90,0,9.399999999999977,77114.40000000001,0.03951324266284897,0.36,17112.0
L,301.6,310.7,1638,33.8,196,0,9.099999999999966,55364.399999999994,0.020634920634920634,0.784,10501.659999999998
M,300.6,310.2,1532,38.7,16,0,9.599999999999966,59288.4,0.02526109660574413,0.064,12004.74
L,302.7,311.0,1694,29.8,150,0,8.300000000000011,50481.200000000004,0.01759149940968123,0.6,9267.800000000001
H,303.6,312.6,1436,42.0,110,0,9.0,60312.0,0.02924791086350975,0.44,13129.2
L,300.5,311.8,1524,38.9,214,1,11.300000000000011,59283.6,0.025524934383202098,0.856,12129.02
M,297.1,308.4,1432,53.4,199,0,11.299999999999955,76468.8,0.03729050279329609,0.796,16468.559999999998
H,299.9,309.5,1547,38.5,148,0,9.600000000000023,59559.5,0.024886877828054297,0.592,11915.75
H,300.7,312.3,1670,27.3,81,0,11.600000000000023,45591.0,0.016347305389221557,0.324,8525.79
M,300.7,309.7,1435,44.7,76,0,9.0,64144.50000000001,0.031149825783972126,0.304,13843.59
L,301.4,310.7,1616,36.5,121,0,9.300000000000011,58984.0,0.022586633663366336,0.484,11340.55
L,301.9,310.3,1398,44.0,65,0,8.400000000000034,61512.0,0.031473533619456366,0.26,13653.2
M,299.2,308.4,1538,38.0,98,0,9.199999999999989,58444.0,0.0247074122236671,0.392,11719.199999999999
M,303.6,312.8,1400,43.2,23,0,9.199999999999989,60480.00000000001,0.03085714285714286,0.092,13512.960000000001
L,300.3,309.9,1601,31.7,180,0,9.599999999999966,50751.7,0.019800124921923797,0.72,9823.83
L,299.8,310.8,1409,51.9,154,0,11.0,73127.09999999999,0.0368346344925479,0.616,16130.52
L,302.7,312.1,1597,39.8,153,0,9.400000000000034,63560.6,0.024921728240450844,0.612,12421.58
L,301.4,311.1,1952,22.7,131,0,9.700000000000045,44310.4,0.011629098360655737,0.524,7061.97
M,296.7,307.6,1547,34.7,150,0,10.900000000000034,53680.9,0.022430510665804784,0.6,10673.720000000001
M,302.6,310.2,1631,31.0,100,0,7.599999999999966,50561.0,0.01900674432863274,0.4,9616.199999999999
M,302.4,311.1,1480,45.7,200,0,8.700000000000045,67636.0,0.03087837837837838,0.8,14217.270000000002
L,299.5,310.0,1481,43.1,90,0,10.5,63831.1,0.02910195813639433,0.36,13361.0
L,301.3,311.1,1413,42.0,221,0,9.800000000000011,59346.0,0.029723991507430998,0.884,13066.2
L,298.8,308.7,1445,48.5,70,0,9.899999999999977,70082.5,0.03356401384083045,0.28,14971.949999999999
L,297.4,308.5,1643,33.8,132,0,11.100000000000023,55533.399999999994,0.02057212416311625,0.528,10427.3
M,297.8,308.5,1466,44.7,88,0,10.699999999999989,65530.200000000004,0.030491132332878583,0.352,13789.95
M,304.3,313.5,1525,42.0,2,0,9.199999999999989,64050.0,0.02754098360655738,0.008,13167.0
M,299.9,309.3,1389,52.8,0,0,9.400000000000034,73339.2,0.03801295896328293,0.0,16331.039999999999
L,302.4,311.0,1610,33.1,161,0,8.600000000000023,53291.0,0.020559006211180127,0.644,10294.1
L,296.6,307.7,1556,37.7,110,0,11.099999999999966,58661.200000000004,0.024228791773778922,0.44,11600.29
M,300.4,309.3,1467,40.3,166,0,8.900000000000034,59120.1,0.027471029311520106,0.664,12464.789999999999
L,300.3,311.4,1471,37.0,114,0,11.099999999999966,54427.0,0.02515295717199184,0.456,11521.8
L,297.9,308.8,1681,31.7,94,0,10.900000000000034,53287.7,0.01885782272456871,0.376,9788.960000000001
L,302.6,312.4,1628,33.0,15,0,9.799999999999955,53724.0,0.02027027027027027,0.06,10309.199999999999
L,301.2,310.5,1546,40.0,55,0,9.300000000000011,61840.0,0.0258732212160414,0.22,12420.0
M,298.7,310.1,1693,31.9,51,0,11.400000000000034,54006.7,0.018842291789722385,0.204,9892.19
L,299.3,309.1,1496,37.2,149,0,9.800000000000011,55651.200000000004,0.02486631016042781,0.596,11498.520000000002
L,301.3,310.6,1387,53.6,94,0,9.300000000000011,74343.2,0.038644556596971885,0.376,16648.16
M,301.7,310.9,1300,62.7,36,0,9.199999999999989,81510.0,0.04823076923076923,0.144,19493.43
L,303.6,312.9,1450,45.3,29,0,9.299999999999955,65685.0,0.031241379310344826,0.116,14174.369999999999
L,302.8,312.1,1441,52.1,79,0,9.300000000000011,75076.1,0.03615544760582928,0.316,16260.410000000002
M,297.5,308.2,2448,13.8,29,0,10.699999999999989,33782.4,0.005637254901960784,0.116,4253.16
M,300.7,310.7,1377,46.7,36,0,10.0,64305.9,0.03391430646332607,0.144,14509.69
L,298.4,308.0,1380,47.6,130,0,9.600000000000023,65688.0,0.034492753623188405,0.52,14660.800000000001
H,299.4,308.6,1542,41.8,166,0,9.200000000000045,64455.6,0.02710765239948119,0.664,12899.48
L,297.7,309.7,1498,41.0,176,0,12.0,61418.0,0.027369826435246995,0.704,12697.699999999999
L,296.9,308.1,1422,48.7,215,0,11.200000000000045,69251.40000000001,0.034247538677918424,0.86,15004.470000000001
L,301.2,311.0,1544,39.3,217,0,9.800000000000011,60679.2,0.025453367875647667,0.868,12222.3
M,303.6,312.0,1435,37.9,98,0,8.399999999999977,54386.5,0.02641114982578397,0.392,11824.8
H,300.4,311.8,2496,13.5,5,0,11.400000000000034,33696.0,0.005408653846153846,0.02,4209.3
L,297.4,309.3,1759,24.8,81,0,11.900000000000034,43623.200000000004,0.014098919840818647,0.324,7670.64
M,298.3,310.1,1389,49.6,75,0,11.800000000000011,68894.40000000001,0.03570914326853852,0.3,15380.960000000001
L,301.3,310.6,1458,48.0,104,0,9.300000000000011,69984.0,0.03292181069958848,0.416,14908.800000000001
L,302.4,311.9,1541,37.9,192,0,9.5,58403.899999999994,0.024594419208306295,0.768,11821.009999999998
L,300.0,311.4,1476,39.0,92,0,11.399999999999977,57564.0,0.026422764227642278,0.368,12144.599999999999
H,301.7,311.0,2016,19.3,180,0,9.300000000000011,38908.8,0.009573412698412699,0.72,6002.3
L,299.1,310.4,1505,46.1,176,0,11.299999999999955,69380.5,0.030631229235880398,0.704,14309.439999999999
M,296.8,307.5,1443,39.2,13,0,10.699999999999989,56565.600000000006,0.027165627165627166,0.052,12054.0
L,300.4,310.8,1520,37.6,151,0,10.400000000000034,57152.0,0.024736842105263158,0.604,11686.080000000002
M,300.5,309.3,1578,30.5,34,0,8.800000000000011,48129.0,0.019328263624841573,0.136,9433.65
M,303.5,312.3,1543,33.3,71,0,8.800000000000011,51381.899999999994,0.021581335061568372,0.284,10399.59
H,299.3,310.4,1393,44.9,162,0,11.099999999999966,62545.7,0.03223259152907394,0.648,13936.96
H,302.3,311.5,1526,38.2,47,0,9.199999999999989,58293.200000000004,0.02503276539973788,0.188,11899.300000000001
L,299.7,309.2,1631,35.1,177,0,9.5,57248.100000000006,0.02152053954629062,0.708,10852.92
L,298.5,309.5,1579,38.6,126,0,11.0,60949.4,0.024445851804939835,0.504,11946.7
L,301.4,310.0,1776,25.6,30,0,8.600000000000023,45465.600000000006,0.014414414414414415,0.12,7936.0
L,300.7,309.7,1507,52.4,163,0,9.0,78966.8,0.03477106834771068,0.652,16228.279999999999
L,301.9,310.9,1567,39.0,214,1,9.0,61113.0,0.02488832163369496,0.856,12125.099999999999
M,301.0,310.4,1517,46.1,145,0,9.399999999999977,69933.7,0.03038892551087673,0.58,14309.439999999999
H,297.2,308.5,1653,33.3,207,0,11.300000000000011,55044.899999999994,0.02014519056261343,0.828,10273.05
M,303.4,312.0,1748,28.4,200,0,8.600000000000023,49643.2,0.016247139588100687,0.8,8860.8
L,301.1,310.1,1457,39.6,215,0,9.0,57697.200000000004,0.027179135209334248,0.86,12279.960000000001
L,303.3,312.7,1262,63.8,100,0,9.399999999999977,80515.59999999999,0.05055467511885895,0.4,19950.26
L,300.0,309.4,1395,44.5,181,0,9.399999999999977,62077.5,0.03189964157706093,0.724,13768.3
M,299.5,309.2,1590,35.9,22,0,9.699999999999989,57081.0,0.022578616352201257,0.088,11100.279999999999
M,300.5,311.8,1591,42.0,182,0,11.300000000000011,66822.0,0.026398491514770583,0.728,13095.6
L,297.2,308.3,1796,23.8,61,0,11.100000000000023,42744.8,0.013251670378619154,0.244,7337.540000000001
M,301.1,311.3,1654,30.7,28,0,10.199999999999989,50777.799999999996,0.01856106408706167,0.112,9556.91
L,302.4,312.0,1621,32.5,169,0,9.600000000000023,52682.5,0.020049352251696483,0.676,10140.0
L,300.4,311.6,1815,23.5,49,0,11.200000000000045,42652.5,0.012947658402203856,0.196,7322.6
L,297.1,307.8,1454,50.6,94,0,10.699999999999989,73572.40000000001,0.03480055020632737,0.376,15574.68
M,300.5,309.9,1735,27.0,107,0,9.399999999999977,46845.0,0.015561959654178675,0.428,8367.3
M,298.8,308.5,1577,33.2,0,0,9.699999999999989,52356.4,0.02105263157894737,0.0,10242.2
L,300.0,309.6,1514,44.6,98,0,9.600000000000023,67524.40000000001,0.029458388375165127,0.392,13808.160000000002
L,298.0,309.2,1458,39.8,87,0,11.199999999999989,58028.399999999994,0.027297668038408777,0.348,12306.159999999998
H,298.0,309.1,1557,36.4,65,0,11.100000000000023,56674.799999999996,0.023378291586384072,0.26,11251.24
H,299.0,310.0,1569,34.3,132,0,11.0,53816.7,0.0218610579987253,0.528,10633.0
L,298.2,308.1,1379,62.3,149,0,9.900000000000034,85911.7,0.04517766497461929,0.596,19194.63
M,299.9,309.2,1353,49.8,182,0,9.300000000000011,67379.4,0.03680709534368071,0.728,15398.159999999998
L,303.3,311.5,1601,35.2,10,0,8.199999999999989,56355.200000000004,0.02198625858838226,0.04,10964.800000000001
M,300.8,310.5,1511,35.8,54,0,9.699999999999989,54093.799999999996,0.023692918596955655,0.216,11115.9
L,300.9,311.1,1471,39.3,91,0,10.200000000000045,57810.299999999996,0.02671651937457512,0.364,12226.23
L,302.7,310.7,1433,43.7,13,0,8.0,62622.100000000006,0.03049546406140963,0.052,13577.59
M,302.5,312.0,1642,29.1,46,0,9.5,47782.200000000004,0.01772228989037759,0.184,9079.2
L,302.8,312.1,1418,51.4,54,0,9.300000000000011,72885.2,0.03624823695345557,0.216,16041.94
H,300.1,309.3,1520,38.2,158,0,9.199999999999989,58064.00000000001,0.02513157894736842,0.632,11815.260000000002
L,298.2,307.9,1313,67.3,67,1,9.699999999999989,88364.9,0.051256664127951254,0.268,20721.67
H,300.6,310.6,1830,26.2,78,0,10.0,47946.0,0.014316939890710383,0.312,8137.72
M,297.4,308.4,1340,52.6,15,0,11.0,70484.0,0.03925373134328358,0.06,16221.84
L,302.5,311.5,1700,29.5,133,0,9.0,50150.0,0.01735294117647059,0.532,9189.25
L,301.2,312.4,1378,59.0,95,0,11.199999999999989,81302.0,0.04281567489114659,0.38,18431.6
M,303.7,313.1,2130,18.1,185,0,9.400000000000034,38553.0,0.008497652582159626,0.74,5667.110000000001
M,297.0,308.1,1573,34.9,93,0,11.100000000000023,54897.7,0.02218690400508582,0.372,10752.69
H,298.3,307.9,1420,39.2,176,0,9.599999999999966,55664.00000000001,0.027605633802816904,0.704,12069.68
L,300.3,311.5,1667,28.8,56,0,11.199999999999989,48009.6,0.01727654469106179,0.224,8971.2
L,303.0,311.1,1980,20.2,137,0,8.100000000000023,39996.0,0.010202020202020202,0.548,6284.22
L,298.4,308.3,1318,59.1,22,0,9.900000000000034,77893.8,0.04484066767830046,0.088,18220.530000000002
L,303.4,311.7,1673,32.2,166,0,8.300000000000011,53870.600000000006,0.019246861924686193,0.664,10036.74
M,298.6,308.4,1778,28.2,161,0,9.799999999999955,50139.6,0.015860517435320586,0.644,8696.88
L,298.4,308.1,1395,44.0,92,0,9.700000000000045,61380.0,0.031541218637992835,0.368,13556.400000000001
L,298.6,309.4,1525,37.8,54,0,10.799999999999955,57644.99999999999,0.024786885245901637,0.216,11695.319999999998
M,297.0,307.9,1882,24.2,97,0,10.899999999999977,45544.4,0.0128586609989373,0.388,7451.179999999999
L,300.0,309.1,1791,28.2,108,0,9.100000000000023,50506.2,0.01574539363484087,0.432,8716.62
M,302.2,311.2,1377,43.0,91,0,9.0,59211.0,0.03122730573710966,0.364,13381.6
L,297.4,308.9,1708,28.8,174,0,11.5,49190.4,0.01686182669789227,0.696,8896.32
L,302.6,311.0,1506,37.2,95,0,8.399999999999977,56023.200000000004,0.024701195219123506,0.38,11569.2
M,300.7,311.6,1348,62.5,36,0,10.900000000000034,84250.0,0.046364985163204746,0.144,19475.0
L,298.9,308.9,1830,24.9,35,0,10.0,45567.0,0.01360655737704918,0.14,7691.609999999999
L,298.8,308.9,1379,46.7,204,0,10.099999999999966,64399.3,0.03386511965192168,0.816,14425.63
L,300.5,310.0,1521,45.1,86,0,9.5,68597.1,0.029651545036160423,0.344,13981.0
L,296.7,308.0,1580,32.2,39,0,11.300000000000011,50876.00000000001,0.02037974683544304,0.156,9917.6
L,298.0,308.8,1581,36.1,73,0,10.800000000000011,57074.100000000006,0.022833649588867806,0.292,11147.68
M,296.1,307.1,1350,53.3,22,0,11.0,71955.0,0.03948148148148148,0.088,16368.43
H,299.6,309.1,1588,41.3,0,0,9.5,65584.4,0.026007556675062972,0.0,12765.83
H,297.3,308.8,1419,42.4,139,0,11.5,60165.6,0.029880197322057787,0.556,13093.12
L,298.9,309.8,1390,49.9,21,0,10.900000000000034,69361.0,0.035899280575539566,0.084,15459.02
H,300.6,310.6,1419,39.6,3,0,10.0,56192.4,0.027906976744186046,0.012,12299.760000000002
L,301.8,310.5,1548,34.1,93,0,8.699999999999989,52786.8,0.02202842377260982,0.372,10588.050000000001
L,298.5,308.9,1781,27.8,113,0,10.399999999999977,49511.8,0.015609208309938238,0.452,8587.42
H,300.7,310.8,1518,40.1,142,0,10.100000000000023,60871.8,0.026416337285902505,0.568,12463.080000000002
M,301.3,311.1,1438,43.0,137,0,9.800000000000011,61834.0,0.029902642559109873,0.548,13377.300000000001
L,300.8,311.1,1480,41.1,176,0,10.300000000000011,60828.0,0.02777027027027027,0.704,12786.210000000001
L,303.8,313.0,1365,59.9,205,1,9.199999999999989,81763.5,0.04388278388278388,0.82,18748.7
L,298.6,309.8,1561,32.6,201,0,11.199999999999989,50888.600000000006,0.020884048686739272,0.804,10099.480000000001
L,298.0,308.0,1401,54.7,65,0,10.0,76634.7,0.0390435403283369,0.26,16847.600000000002
L,300.4,309.6,1319,48.1,26,0,9.200000000000045,63443.9,0.03646702047005307,0.104,14891.760000000002
M,302.3,310.8,1721,28.4,215,0,8.5,48876.399999999994,0.016502033701336433,0.86,8826.72
M,301.1,310.7,2636,12.2,100,1,9.599999999999966,32159.199999999997,0.004628224582701062,0.4,3790.5399999999995
M,300.3,309.5,1665,31.4,32,0,9.199999999999989,52281.0,0.018858858858858858,0.128,9718.3
L,301.6,311.1,1325,49.2,104,0,9.5,65190.00000000001,0.03713207547169812,0.416,15306.120000000003
M,298.5,308.7,1615,33.3,41,0,10.199999999999989,53779.49999999999,0.020619195046439626,0.164,10279.71
L,303.4,311.8,1306,61.0,215,1,8.400000000000034,79666.0,0.04670750382848392,0.86,19019.8
L,297.2,307.9,1825,24.6,142,0,10.699999999999989,44895.0,0.01347945205479452,0.568,7574.34
M,297.0,308.1,1363,45.3,196,0,11.100000000000023,61743.899999999994,0.03323550990462216,0.784,13956.93
L,301.1,310.4,1312,73.6,49,1,9.299999999999955,96563.2,0.05609756097560975,0.196,22845.439999999995
L,298.5,309.6,1861,26.9,130,0,11.100000000000023,50060.899999999994,0.01445459430413756,0.52,8328.24
L,301.4,310.8,1477,50.4,90,0,9.400000000000034,74440.8,0.034123222748815164,0.36,15664.32
M,297.6,308.4,1507,46.0,51,0,10.799999999999955,69322.0,0.030524220305242204,0.204,14186.4
M,302.9,312.4,1421,46.0,206,0,9.5,65366.0,0.03237156931738212,0.824,14370.4
H,297.9,307.6,1493,36.0,161,0,9.700000000000045,53748.0,0.024112525117213665,0.644,11073.6
L,301.4,310.9,1440,45.4,177,0,9.5,65376.0,0.03152777777777778,0.708,14114.859999999999
L,301.0,310.9,1515,37.3,6,0,9.899999999999977,56509.49999999999,0.02462046204620462,0.024,11596.569999999998
M,301.0,310.9,2047,17.9,178,0,9.899999999999977,36641.299999999996,0.008744504152418172,0.712,5565.109999999999
L,300.4,311.7,1444,51.2,174,0,11.300000000000011,73932.8,0.03545706371191136,0.696,15959.04
H,297.7,309.6,1697,32.2,210,0,11.900000000000034,54643.4,0.01897466116676488,0.84,9969.12
L,300.7,310.9,1723,31.0,73,0,10.199999999999989,53413.0,0.017991874637260593,0.292,9637.9
M,297.6,309.3,1415,41.3,17,0,11.699999999999989,58439.49999999999,0.02918727915194346,0.068,12774.09
L,300.6,310.1,1337,45.8,62,0,9.5,61234.6,0.03425579655946148,0.248,14202.58
L,298.8,308.6,1535,41.2,40,0,9.800000000000011,63242.00000000001,0.02684039087947883,0.16,12714.320000000002
L,304.2,313.4,1434,42.5,175,0,9.199999999999989,60945.0,0.029637377963737797,0.7,13319.499999999998
L,298.9,310.2,1304,57.2,183,0,11.300000000000011,74588.8,0.04386503067484663,0.732,17743.44
L,301.2,311.7,1463,48.3,204,0,10.5,70662.9,0.03301435406698564,0.816,15055.109999999999
L,297.9,307.6,1515,40.5,118,0,9.700000000000045,61357.5,0.026732673267326732,0.472,12457.800000000001
L,300.8,310.8,1634,29.2,149,0,10.0,47712.799999999996,0.017870257037943697,0.596,9075.36
M,301.4,310.7,1459,37.7,40,0,9.300000000000011,55004.3,0.025839616175462647,0.16,11713.390000000001
L,298.5,309.2,1504,33.7,182,0,10.699999999999989,50684.8,0.022406914893617024,0.728,10420.04
M,301.0,309.6,1588,32.7,138,0,8.600000000000023,51927.600000000006,0.0205919395465995,0.552,10123.920000000002
L,301.6,310.8,1535,35.4,148,0,9.199999999999989,54339.0,0.02306188925081433,0.592,11002.32
L,303.0,311.3,2194,16.5,148,0,8.300000000000011,36201.0,0.007520510483135825,0.592,5136.45
L,300.9,310.5,2288,16.1,85,0,9.600000000000023,36836.8,0.007036713286713288,0.34,4999.05
L,297.0,307.6,1575,37.4,98,0,10.600000000000023,58905.0,0.023746031746031744,0.392,11504.24
L,300.7,311.9,1485,38.8,9,0,11.199999999999989,57617.99999999999,0.026127946127946125,0.036,12101.719999999998
M,302.7,312.0,1652,31.0,81,0,9.300000000000011,51212.0,0.018765133171912834,0.324,9672.0
L,300.0,309.6,1496,38.8,27,0,9.600000000000023,58044.799999999996,0.025935828877005344,0.108,12012.48
L,298.0,307.6,1509,41.6,33,0,9.600000000000023,62774.4,0.027567925778661365,0.132,12796.160000000002
M,298.6,308.4,1391,42.4,169,0,9.799999999999955,58978.4,0.030481667864845435,0.676,13076.159999999998
L,301.2,309.9,1515,40.9,21,0,8.699999999999989,61963.5,0.026996699669966994,0.084,12674.909999999998
H,297.3,308.6,1499,37.6,147,0,11.300000000000011,56362.4,0.025083388925950634,0.588,11603.36
M,300.3,311.7,1723,28.3,193,0,11.399999999999977,48760.9,0.016424840394660477,0.772,8821.11
M,301.7,310.6,1417,45.2,185,0,8.900000000000034,64048.4,0.031898376852505295,0.74,14039.120000000003
L,301.7,310.7,1605,33.3,220,0,9.0,53446.49999999999,0.020747663551401868,0.88,10346.31
L,298.9,310.2,1533,42.8,138,0,11.300000000000011,65612.4,0.0279191128506197,0.552,13276.56
L,298.5,309.4,1364,44.5,162,0,10.899999999999977,60698.0,0.03262463343108504,0.648,13768.3
L,300.4,311.6,1200,76.6,3,1,11.200000000000045,91920.0,0.06383333333333333,0.012,23868.56
M,297.0,307.9,1493,34.7,57,0,10.899999999999977,51807.100000000006,0.023241795043536507,0.228,10684.13
L,300.4,311.4,1728,31.7,133,0,11.0,54777.6,0.018344907407407407,0.532,9871.38
L,301.5,310.6,1405,42.3,83,0,9.100000000000023,59431.49999999999,0.030106761565836297,0.332,13138.38
M,300.9,310.8,1790,26.2,191,0,9.900000000000034,46898.0,0.014636871508379888,0.764,8142.96
L,302.3,311.0,1609,31.0,190,0,8.699999999999989,49879.0,0.019266625233064015,0.76,9641.0
L,299.5,309.2,1499,41.5,175,0,9.699999999999989,62208.5,0.027685123415610406,0.7,12831.8
L,300.8,310.7,1586,33.4,142,0,9.899999999999977,52972.399999999994,0.021059268600252205,0.568,10377.38
L,297.6,308.7,1552,42.3,27,0,11.099999999999966,65649.59999999999,0.027255154639175255,0.108,13058.009999999998
L,298.6,310.1,1533,33.9,24,0,11.5,51968.7,0.02211350293542074,0.096,10512.390000000001
M,300.6,309.4,1312,45.2,73,0,8.799999999999955,59302.4,0.034451219512195125,0.292,13984.88
M,302.5,310.3,1488,41.8,160,0,7.800000000000011,62198.399999999994,0.028091397849462362,0.64,12970.539999999999
L,300.2,309.8,1526,45.6,175,0,9.600000000000023,69585.6,0.029882044560943646,0.7,14126.880000000001
L,300.7,309.5,1692,30.3,64,0,8.800000000000011,51267.6,0.017907801418439718,0.256,9377.85
L,301.1,310.1,1540,36.6,28,0,9.0,56364.0,0.02376623376623377,0.112,11349.660000000002
L,302.2,311.1,1418,47.0,61,0,8.900000000000034,66646.0,0.03314527503526093,0.244,14621.7
L,302.0,311.1,1373,55.7,157,0,9.100000000000023,76476.1,0.040568099053168244,0.628,17328.27
M,303.7,312.9,1532,41.3,32,0,9.199999999999989,63271.6,0.026958224543080937,0.128,12922.769999999999
L,303.4,311.8,1401,53.0,208,1,8.400000000000034,74253.0,0.03783012134189864,0.832,16525.4
M,299.0,308.7,1620,35.4,199,0,9.699999999999989,57348.0,0.02185185185185185,0.796,10927.98
M,300.3,309.2,1364,47.6,45,0,8.899999999999977,64926.4,0.034897360703812316,0.18,14717.92
M,298.3,307.7,1439,43.8,111,0,9.399999999999977,63028.2,0.030437804030576786,0.444,13477.259999999998
H,302.0,310.6,1346,54.7,196,0,8.600000000000023,73626.2,0.04063893016344725,0.784,16989.820000000003
L,301.8,310.9,1899,24.7,31,0,9.099999999999966,46905.299999999996,0.013006845708267508,0.124,7679.23
L,299.3,309.0,1422,47.3,25,0,9.699999999999989,67260.59999999999,0.03326300984528832,0.1,14615.699999999999
L,300.8,310.6,1551,34.5,153,0,9.800000000000011,53509.5,0.022243713733075435,0.612,10715.7
L,299.7,311.1,1690,30.6,148,0,11.400000000000034,51714.0,0.018106508875739644,0.592,9519.660000000002
L,301.0,312.2,1776,28.8,138,0,11.199999999999989,51148.8,0.016216216216216217,0.552,8991.36
M,301.3,310.8,1372,54.2,49,0,9.5,74362.40000000001,0.03950437317784257,0.196,16845.36
L,298.6,309.4,1447,40.2,173,0,10.799999999999955,58169.4,0.027781617138908088,0.692,12437.88
L,300.7,309.5,1467,44.3,55,0,8.800000000000011,64988.1,0.030197682344921605,0.22,13710.849999999999
L,301.6,310.6,1391,49.4,164,0,9.0,68715.4,0.03551401869158878,0.656,15343.640000000001
M,303.9,313.4,1464,49.1,171,0,9.5,71882.40000000001,0.03353825136612022,0.684,15387.939999999999
M,298.7,310.1,1506,50.7,53,0,11.400000000000034,76354.2,0.033665338645418326,0.212,15722.070000000002
H,295.9,306.5,1594,33.2,55,0,10.600000000000023,52920.8,0.02082810539523212,0.22,10175.800000000001
H,297.4,308.7,1429,37.6,118,0,11.300000000000011,53730.4,0.026312106368089574,0.472,11607.12
M,299.0,310.3,1582,33.3,177,0,11.300000000000011,52680.6,0.02104930467762326,0.708,10332.99
L,301.6,310.9,1643,34.1,44,0,9.299999999999955,56026.3,0.020754716981132078,0.176,10601.69
M,298.7,309.9,2083,18.2,205,0,11.199999999999989,37910.6,0.008737397983677389,0.82,5640.179999999999
L,301.4,310.6,1381,46.1,70,0,9.200000000000045,63664.1,0.0333816075307748,0.28,14318.660000000002
H,300.0,309.0,1622,31.8,103,0,9.0,51579.6,0.01960542540073983,0.412,9826.2
H,297.5,308.7,1416,39.2,74,0,11.199999999999989,55507.200000000004,0.027683615819209043,0.296,12101.04
L,299.1,308.5,1539,46.8,190,0,9.399999999999977,72025.2,0.0304093567251462,0.76,14437.8
L,302.3,311.2,1903,22.9,55,0,8.899999999999977,43578.7,0.012033631108775616,0.22,7126.48
L,297.6,308.7,1622,37.9,79,0,11.099999999999966,61473.799999999996,0.023366214549938348,0.316,11699.73
L,298.8,309.7,1529,44.0,136,0,10.899999999999977,67276.0,0.02877697841726619,0.544,13626.8
L,298.0,308.4,1472,42.0,15,0,10.399999999999977,61824.0,0.028532608695652172,0.06,12952.8
M,300.3,311.6,1304,62.8,118,0,11.300000000000011,81891.2,0.04815950920245399,0.472,19568.48
M,303.4,311.6,1446,50.0,163,0,8.200000000000045,72300.0,0.034578146611341634,0.652,15580.000000000002
L,302.4,311.2,1450,47.9,154,0,8.800000000000011,69455.0,0.03303448275862069,0.616,14906.48
L,297.5,308.4,1511,42.8,209,0,10.899999999999977,64670.799999999996,0.02832561217736598,0.836,13199.519999999999
L,297.4,308.5,1399,61.5,61,1,11.100000000000023,86038.5,0.043959971408148675,0.244,18972.75
L,301.0,310.8,1558,34.9,196,0,9.800000000000011,54374.2,0.022400513478819,0.784,10846.92
L,298.6,309.6,1353,62.5,9,0,11.0,84562.5,0.046193643754619367,0.036,19350.0
M,303.5,312.8,1375,45.7,89,0,9.300000000000011,62837.50000000001,0.03323636363636364,0.356,14294.960000000001
L,297.5,308.7,1429,44.3,201,0,11.199999999999989,63304.7,0.03100069979006298,0.804,13675.409999999998
L,298.3,308.5,1575,41.2,105,0,10.199999999999989,64890.00000000001,0.02615873015873016,0.42,12710.2
M,296.1,307.1,1485,36.0,169,0,11.0,53460.0,0.024242424242424242,0.676,11055.6
M,298.1,308.8,1434,41.8,93,0,10.699999999999989,59941.2,0.02914923291492329,0.372,12907.84
L,298.0,308.2,1442,44.1,204,0,10.199999999999989,63592.200000000004,0.03058252427184466,0.816,13591.62
L,300.5,311.0,2074,18.9,9,0,10.5,39198.6,0.009112825458052073,0.036,5877.9
L,298.9,309.6,1583,39.8,202,0,10.700000000000045,63003.399999999994,0.02514213518635502,0.808,12322.08
L,298.8,309.5,1645,32.8,157,0,10.699999999999989,53955.99999999999,0.019939209726443766,0.628,10151.599999999999
H,301.2,310.5,1505,43.6,78,0,9.300000000000011,65618.0,0.02897009966777409,0.312,13537.800000000001
H,299.8,309.7,1368,47.4,148,0,9.899999999999977,64843.2,0.03464912280701754,0.592,14679.779999999999
M,299.1,310.2,1711,28.1,17,0,11.099999999999966,48079.100000000006,0.01642314436002338,0.068,8716.62
M,298.9,309.9,1501,37.1,70,0,11.0,55687.1,0.024716855429713525,0.28,11497.289999999999
L,297.8,308.4,1685,28.4,179,0,10.599999999999966,47854.0,0.016854599406528187,0.716,8758.56
L,298.4,308.1,1367,57.8,92,0,9.700000000000045,79012.59999999999,0.04228237015362107,0.368,17808.18
M,299.8,311.1,1452,44.3,167,0,11.300000000000011,64323.6,0.030509641873278235,0.668,13781.73
L,304.0,313.3,1294,54.6,102,0,9.300000000000011,70652.40000000001,0.04219474497681608,0.408,17106.18
L,298.3,309.1,1472,40.1,31,0,10.800000000000011,59027.200000000004,0.02724184782608696,0.124,12394.910000000002
L,297.5,308.4,1489,39.5,96,0,10.899999999999977,58815.5,0.026527871054398924,0.384,12181.8
M,301.1,310.6,1310,48.8,103,0,9.5,63927.99999999999,0.037251908396946566,0.412,15157.28
L,301.0,312.1,1377,49.9,48,0,11.100000000000023,68712.3,0.03623819898329702,0.192,15573.79
L,299.5,310.0,1412,48.9,56,0,10.5,69046.8,0.03463172804532578,0.224,15159.0
M,297.1,308.4,1583,38.2,150,0,11.299999999999955,60470.600000000006,0.024131396083385978,0.6,11780.88
L,301.0,312.0,1447,36.8,31,0,11.0,53249.6,0.02543192812715964,0.124,11481.599999999999
L,301.9,310.8,1540,37.6,83,0,8.900000000000034,57904.0,0.024415584415584418,0.332,11686.080000000002
L,298.0,308.2,1365,52.9,218,1,10.199999999999989,72208.5,0.03875457875457875,0.872,16303.779999999999
L,298.2,308.1,1532,42.5,154,0,9.900000000000034,65110.0,0.027741514360313316,0.616,13094.250000000002
M,300.1,309.6,1376,52.1,147,0,9.5,71689.6,0.037863372093023255,0.588,16130.160000000002
L,299.1,308.8,1329,53.6,207,1,9.699999999999989,71234.40000000001,0.04033107599699022,0.828,16551.68
M,299.0,309.0,1575,35.3,47,0,10.0,55597.49999999999,0.022412698412698412,0.188,10907.699999999999
L,301.5,310.6,1579,28.0,220,0,9.100000000000023,44212.0,0.01773274224192527,0.88,8696.800000000001
L,300.7,310.8,1534,41.3,69,0,10.100000000000023,63354.2,0.02692307692307692,0.276,12836.039999999999
L,296.3,307.2,1646,35.0,192,0,10.899999999999977,57610.0,0.0212636695018226,0.768,10752.0
L,301.5,310.9,1451,40.6,0,0,9.399999999999977,58910.6,0.027980702963473467,0.0,12622.539999999999
L,299.0,310.3,1584,34.4,83,0,11.300000000000011,54489.6,0.021717171717171715,0.332,10674.32
L,298.3,307.9,1507,41.2,149,0,9.599999999999966,62088.4,0.027339084273390844,0.596,12685.48
H,303.3,311.3,1502,39.5,38,0,8.0,59329.0,0.0262982689747004,0.152,12296.35
L,299.6,311.0,1708,31.0,122,0,11.399999999999977,52948.0,0.018149882903981264,0.488,9641.0
L,299.5,309.3,1477,40.4,138,0,9.800000000000011,59670.799999999996,0.02735274204468517,0.552,12495.72
L,300.2,310.3,1445,50.9,34,0,10.100000000000023,73550.5,0.03522491349480969,0.136,15794.27
L,301.9,310.9,1616,34.5,46,0,9.0,55752.0,0.0213490099009901,0.184,10726.05
L,297.4,308.1,1749,25.9,8,0,10.700000000000045,45299.1,0.014808461978273298,0.032,7979.79
L,297.7,308.4,1510,38.6,72,0,10.699999999999989,58286.0,0.025562913907284768,0.288,11904.24
M,300.7,309.6,1421,49.8,165,0,8.900000000000034,70765.8,0.03504574243490499,0.66,15418.08
L,297.7,309.7,1591,37.7,196,0,12.0,59980.700000000004,0.023695788812067884,0.784,11675.69
L,297.5,308.6,1621,28.9,0,0,11.100000000000023,46846.899999999994,0.017828500925354717,0.0,8918.54
M,297.4,308.7,1425,50.3,152,0,11.300000000000011,71677.5,0.035298245614035086,0.608,15527.609999999999
L,298.9,310.1,1473,42.6,164,0,11.200000000000045,62749.8,0.028920570264765785,0.656,13210.260000000002
L,301.4,310.7,1675,30.7,92,0,9.300000000000011,51422.5,0.018328358208955224,0.368,9538.49
L,302.5,311.9,1520,44.9,94,0,9.399999999999977,68248.0,0.029539473684210525,0.376,14004.309999999998
L,300.8,310.6,1666,36.2,144,0,9.800000000000011,60309.200000000004,0.021728691476590636,0.576,11243.720000000001
M,299.5,310.8,1507,40.2,156,0,11.300000000000011,60581.4,0.026675514266755143,0.624,12494.160000000002
L,300.7,311.8,1478,41.9,207,0,11.100000000000023,61928.2,0.02834912043301759,0.828,13064.42
M,299.0,308.7,1500,40.2,30,0,9.699999999999989,60300.00000000001,0.0268,0.12,12409.74
H,297.6,308.2,2071,18.5,144,0,10.599999999999966,38313.5,0.008932882665379043,0.576,5701.7
L,301.7,311.0,1700,28.7,19,0,9.300000000000011,48790.0,0.01688235294117647,0.076,8925.699999999999
L,298.2,307.9,1551,34.1,190,0,9.699999999999989,52889.100000000006,0.02198581560283688,0.76,10499.39
L,303.3,311.8,1315,62.0,42,1,8.5,81530.0,0.04714828897338403,0.168,19331.600000000002
M,301.1,311.0,1413,46.6,30,0,9.899999999999977,65845.8,0.03297947629157821,0.12,14492.6
L,301.2,310.9,1597,37.9,164,0,9.699999999999989,60526.299999999996,0.023731997495303695,0.656,11783.109999999999
H,300.9,310.7,1656,30.7,200,0,9.800000000000011,50839.2,0.01853864734299517,0.8,9538.49
L,297.4,309.4,1620,35.4,51,0,12.0,57348.0,0.02185185185185185,0.204,10952.759999999998
L,300.0,310.0,1486,41.8,69,0,10.0,62114.799999999996,0.028129205921938086,0.276,12958.0
M,298.9,310.0,1487,36.6,129,0,11.100000000000023,54424.200000000004,0.0246133154001345,0.516,11346.0
M,303.7,312.4,1642,32.3,206,0,8.699999999999989,53036.6,0.019671132764920825,0.824,10090.519999999999
H,298.8,309.8,1437,48.2,164,0,11.0,69263.40000000001,0.03354210160055672,0.656,14932.36
L,300.5,311.0,1759,28.3,13,0,10.5,49779.700000000004,0.016088686753837407,0.052,8801.300000000001
L,301.2,310.9,1416,53.3,66,0,9.699999999999989,75472.8,0.037641242937853106,0.264,16570.969999999998
L,300.3,309.2,1462,51.4,48,0,8.899999999999977,75146.8,0.03515731874145007,0.192,15892.88
L,297.3,308.6,1586,37.7,155,0,11.300000000000011,59792.200000000004,0.02377049180327869,0.62,11634.220000000001
L,298.5,310.0,1492,41.2,19,0,11.5,61470.4,0.02761394101876676,0.076,12772.0
L,299.1,309.0,1450,43.0,40,0,9.899999999999977,62350.0,0.029655172413793104,0.16,13287.0
M,302.2,311.2,1471,41.9,166,0,9.0,61634.9,0.028484024473147518,0.664,13039.279999999999
M,301.4,310.7,1375,42.0,168,0,9.300000000000011,57750.0,0.030545454545454546,0.672,13049.4
M,298.3,308.9,1363,46.1,5,0,10.599999999999966,62834.3,0.03382245047688921,0.02,14240.289999999999
L,298.6,309.2,2035,19.6,40,0,10.599999999999966,39886.0,0.009631449631449632,0.16,6060.320000000001
L,302.6,311.9,1397,46.9,82,0,9.299999999999955,65519.299999999996,0.03357193987115247,0.328,14628.109999999999
H,297.7,309.7,1440,51.1,191,0,12.0,73584.0,0.035486111111111114,0.764,15825.67
L,298.0,308.3,1544,34.7,213,0,10.300000000000011,53576.8,0.022474093264248707,0.852,10698.010000000002
M,298.2,307.9,1529,36.6,105,0,9.699999999999989,55961.4,0.02393721386527142,0.42,11269.14
L,302.7,312.2,1369,51.8,174,0,9.5,70914.2,0.03783783783783783,0.696,16171.96
H,301.1,311.0,1339,52.8,194,0,9.899999999999977,70699.2,0.039432412247946226,0.776,16420.8
M,301.9,309.7,1533,35.9,204,0,7.800000000000011,55034.7,0.023418134377038487,0.816,11118.23
L,303.6,312.4,1418,46.0,128,0,8.799999999999955,65228.0,0.03244005641748942,0.512,14370.4
L,302.8,312.5,1462,43.4,68,0,9.699999999999989,63450.799999999996,0.029685362517099863,0.272,13562.5
L,303.8,312.9,1819,23.7,16,0,9.099999999999966,43110.299999999996,0.01302913688840022,0.064,7415.73
L,302.0,310.8,1902,23.4,188,0,8.800000000000011,44506.799999999996,0.012302839116719241,0.752,7272.72
M,298.8,309.6,1693,33.3,170,0,10.800000000000011,56376.899999999994,0.019669226225634967,0.68,10309.68
M,300.8,312.6,1588,35.6,114,0,11.800000000000011,56532.8,0.022418136020151136,0.456,11128.560000000001
L,298.4,308.7,1588,35.0,99,0,10.300000000000011,55580.0,0.02204030226700252,0.396,10804.5
L,299.3,309.1,1493,38.0,151,0,9.800000000000011,56734.0,0.025452109845947757,0.604,11745.800000000001
L,300.7,311.2,1457,51.4,61,0,10.5,74889.8,0.03527796842827728,0.244,15995.679999999998
M,298.4,309.2,1414,46.4,128,0,10.800000000000011,65609.59999999999,0.03281471004243281,0.512,14346.88
M,299.4,308.7,1289,60.5,104,0,9.300000000000011,77984.5,0.04693560899922421,0.416,18676.35
M,298.6,309.5,1568,36.7,182,0,10.899999999999977,57545.600000000006,0.023405612244897962,0.728,11358.650000000001
L,302.1,310.6,1459,47.6,93,0,8.5,69448.40000000001,0.032625085675119944,0.372,14784.560000000001
L,299.9,309.2,1761,25.6,115,0,9.300000000000011,45081.600000000006,0.014537194775695629,0.46,7915.52
L,299.3,310.4,1629,32.6,177,0,11.099999999999966,53105.4,0.020012277470841007,0.708,10119.039999999999
L,298.6,309.6,1611,35.7,23,0,11.0,57512.700000000004,0.022160148975791435,0.092,11052.720000000001
M,297.5,308.7,1546,38.0,123,0,11.199999999999989,58748.0,0.02457956015523933,0.492,11730.6
M,301.7,309.9,1533,40.9,106,0,8.199999999999989,62699.7,0.026679712981082845,0.424,12674.909999999998
M,300.8,311.9,1761,29.0,113,0,11.099999999999966,51069.0,0.016467915956842702,0.452,9045.099999999999
H,299.0,310.2,1637,38.0,68,0,11.199999999999989,62206.0,0.023213194868662187,0.272,11787.6
L,301.5,310.1,1541,42.2,52,0,8.600000000000023,65030.200000000004,0.02738481505515899,0.208,13086.220000000001
L,300.4,309.9,1567,36.5,72,0,9.5,57195.5,0.023292916400765796,0.288,11311.349999999999
M,297.2,308.7,1398,38.1,88,0,11.5,53263.8,0.027253218884120172,0.352,11761.47
M,301.6,310.8,1343,49.5,140,0,9.199999999999989,66478.5,0.036857781087118395,0.56,15384.6
H,302.7,311.5,1556,35.0,164,0,8.800000000000011,54460.0,0.02249357326478149,0.656,10902.5
L,303.5,312.1,1326,55.7,114,0,8.600000000000023,73858.2,0.042006033182503774,0.456,17383.97
M,300.6,309.7,1428,42.6,23,0,9.099999999999966,60832.8,0.029831932773109245,0.092,13193.22
L,300.4,309.6,1379,54.5,122,0,9.200000000000045,75155.5,0.03952139231327049,0.488,16873.2
L,298.0,308.8,1610,33.7,212,0,10.800000000000011,54257.00000000001,0.020931677018633542,0.848,10406.560000000001
L,300.3,311.7,1682,27.8,178,0,11.399999999999977,46759.6,0.01652794292508918,0.712,8665.26
L,301.6,310.7,1494,39.5,24,0,9.099999999999966,59013.0,0.02643908969210174,0.096,12272.65
L,299.5,310.0,1349,52.7,92,0,10.5,71092.3,0.03906597479614529,0.368,16337.0
M,300.3,309.6,1509,46.6,95,0,9.300000000000011,70319.40000000001,0.030881378396288933,0.38,14427.360000000002
M,299.6,309.4,1283,62.1,83,0,9.799999999999955,79674.3,0.048402182385035075,0.332,19213.739999999998
L,298.9,310.2,1705,32.5,63,0,11.300000000000011,55412.5,0.01906158357771261,0.252,10081.5
L,301.4,310.4,1639,28.9,94,0,9.0,47367.1,0.017632702867602195,0.376,8970.56
L,302.6,312.0,1674,32.2,70,0,9.399999999999977,53902.8,0.01923536439665472,0.28,10046.400000000001
M,300.5,312.0,1382,54.1,27,0,11.5,74766.2,0.03914616497829233,0.108,16879.2
M,300.8,311.0,1580,36.6,109,0,10.199999999999989,57828.0,0.023164556962025316,0.436,11382.6
L,296.8,307.8,1573,36.4,126,0,11.0,57257.2,0.023140495867768594,0.504,11203.92
L,298.2,308.3,2216,16.8,139,0,10.100000000000023,37228.8,0.007581227436823105,0.556,5179.4400000000005
L,297.0,307.6,1513,42.4,124,0,10.600000000000023,64151.2,0.02802379378717779,0.496,13042.24
L,302.3,311.7,1544,43.2,128,0,9.399999999999977,66700.8,0.027979274611398965,0.512,13465.44
L,298.3,310.0,1507,44.7,73,0,11.699999999999989,67362.90000000001,0.029661579296615795,0.292,13857.0
L,302.5,310.4,1967,20.3,50,0,7.899999999999977,39930.1,0.010320284697508897,0.2,6301.12
M,300.9,310.5,1444,43.2,27,0,9.600000000000023,62380.8,0.029916897506925208,0.108,13413.6
L,297.3,308.1,1642,36.9,206,0,10.800000000000011,60589.799999999996,0.022472594397076735,0.824,11368.890000000001
M,301.4,310.9,1557,39.3,174,0,9.5,61190.1,0.025240847784200382,0.696,12218.369999999999
L,302.5,310.2,1563,34.8,150,0,7.699999999999989,54392.399999999994,0.022264875239923224,0.6,10794.96
L,303.4,311.9,1434,44.6,78,0,8.5,63956.4,0.03110181311018131,0.312,13910.74
M,299.3,308.5,1305,60.6,44,0,9.199999999999989,79083.0,0.046436781609195406,0.176,18695.100000000002
H,301.0,310.9,1916,22.0,42,0,9.899999999999977,42152.0,0.011482254697286013,0.168,6839.799999999999
L,300.0,309.6,1526,46.4,150,0,9.600000000000023,70806.4,0.03040629095674967,0.6,14365.44
L,296.8,307.9,1448,48.8,31,0,11.099999999999966,70662.4,0.03370165745856354,0.124,15025.519999999999
L,298.3,308.5,1416,52.7,151,0,10.199999999999989,74623.2,0.03721751412429379,0.604,16257.95
M,298.5,308.7,1347,48.5,33,0,10.199999999999989,65329.5,0.036005939123979216,0.132,14971.949999999999
M,301.0,309.7,1288,58.4,162,0,8.699999999999989,75219.2,0.0453416149068323,0.648,18086.48
L,299.9,309.2,1624,34.6,105,0,9.300000000000011,56190.4,0.021305418719211825,0.42,10698.32
L,301.8,310.8,1546,43.4,29,0,9.0,67096.4,0.028072445019404917,0.116,13488.72
L,301.5,310.9,2760,8.0,15,1,9.399999999999977,22080.0,0.002898550724637681,0.06,2487.2
M,298.5,309.3,1465,42.4,173,0,10.800000000000011,62116.0,0.0289419795221843,0.692,13114.32
L,298.6,309.6,1715,28.4,90,0,11.0,48706.0,0.016559766763848394,0.36,8792.64
L,300.4,311.4,1936,23.9,131,0,11.0,46270.399999999994,0.012345041322314048,0.524,7442.459999999999
M,300.5,310.0,1580,37.0,181,0,9.5,58460.0,0.02341772151898734,0.724,11470.0
L,302.6,312.2,1520,43.0,208,0,9.599999999999966,65360.0,0.028289473684210528,0.832,13424.6
L,296.5,307.3,1566,37.2,164,0,10.800000000000011,58255.200000000004,0.023754789272030653,0.656,11431.560000000001
L,302.6,311.0,1520,42.8,148,0,8.399999999999977,65055.99999999999,0.028157894736842104,0.592,13310.8
L,302.2,311.5,1744,31.2,172,0,9.300000000000011,54412.799999999996,0.017889908256880735,0.688,9718.8
L,298.4,307.9,1446,45.3,23,0,9.5,65503.799999999996,0.03132780082987552,0.092,13947.869999999999
M,297.5,308.0,1429,45.8,148,0,10.5,65448.2,0.032050384884534634,0.592,14106.4
L,300.6,310.1,1485,49.9,19,0,9.5,74101.5,0.0336026936026936,0.076,15473.990000000002
L,302.0,310.1,1409,50.4,172,0,8.100000000000023,71013.59999999999,0.035770049680624555,0.688,15629.04
M,300.2,309.9,1569,31.2,176,0,9.699999999999989,48952.799999999996,0.01988527724665392,0.704,9668.88
M,300.5,312.0,1263,60.8,146,0,11.5,76790.4,0.04813935075217735,0.584,18969.6
L,300.5,309.8,1367,54.0,129,0,9.300000000000011,73818.0,0.03950256035113387,0.516,16729.2
L,299.8,309.1,1668,30.3,200,0,9.300000000000011,50540.4,0.01816546762589928,0.8,9365.730000000001
M,297.6,308.4,1391,51.9,218,0,10.799999999999955,72192.9,0.03731128684399712,0.872,16005.96
L,297.4,308.4,1426,50.4,70,0,11.0,71870.4,0.03534361851332398,0.28,15543.359999999999
H,298.0,308.0,1520,39.6,51,0,10.0,60192.0,0.02605263157894737,0.204,12196.800000000001
H,297.1,308.2,1527,42.2,199,0,11.099999999999966,64439.4,0.027635887360838246,0.796,13006.04
L,299.9,311.3,1522,45.7,153,0,11.400000000000034,69555.40000000001,0.030026281208935614,0.612,14226.410000000002
L,301.8,311.0,1651,32.5,195,0,9.199999999999989,53657.5,0.01968503937007874,0.78,10107.5
L,300.7,309.8,1406,48.4,151,0,9.100000000000023,68050.4,0.03442389758179232,0.604,14994.32
L,297.7,307.2,1392,43.0,197,0,9.5,59856.0,0.03089080459770115,0.788,13209.6
L,300.5,310.4,1702,33.1,71,0,9.899999999999977,56336.200000000004,0.01944770857814336,0.284,10274.24
H,303.4,312.3,1522,42.1,62,0,8.900000000000034,64076.200000000004,0.02766097240473062,0.248,13147.830000000002
L,299.8,309.2,1760,25.9,63,0,9.399999999999977,45584.0,0.01471590909090909,0.252,8008.279999999999
M,300.7,310.3,1659,29.8,6,0,9.600000000000023,49438.200000000004,0.01796262808921037,0.024,9246.94
L,300.7,311.8,1420,47.0,119,0,11.100000000000023,66740.0,0.03309859154929577,0.476,14654.6
L,302.4,311.3,1503,38.2,120,0,8.900000000000034,57414.600000000006,0.025415834996673322,0.48,11891.660000000002
M,298.1,308.0,2129,18.4,45,0,9.899999999999977,39173.6,0.008642555190230154,0.18,5667.2
L,300.2,311.6,1322,50.9,215,0,11.400000000000034,67289.8,0.03850226928895613,0.86,15860.44
M,299.4,309.1,1440,50.0,134,0,9.700000000000045,72000.0,0.034722222222222224,0.536,15455.000000000002
M,297.9,309.1,1488,37.3,30,0,11.200000000000045,55502.399999999994,0.025067204301075268,0.12,11529.43
H,300.8,310.5,1559,40.1,220,0,9.699999999999989,62515.9,0.025721616420782554,0.88,12451.050000000001
M,298.3,308.8,1391,50.4,13,0,10.5,70106.4,0.03623292595255212,0.052,15563.52
L,298.2,308.0,1538,38.2,59,0,9.800000000000011,58751.600000000006,0.024837451235370612,0.236,11765.6
L,297.2,307.9,1326,75.4,172,1,10.699999999999989,99980.40000000001,0.05686274509803922,0.688,23215.66
L,301.2,310.7,1951,21.3,44,0,9.5,41556.3,0.010917478216299334,0.176,6617.91
M,303.3,311.8,1536,40.6,205,0,8.5,62361.600000000006,0.026432291666666666,0.82,12659.080000000002
H,303.6,312.7,1403,46.2,57,0,9.099999999999966,64818.600000000006,0.03292943692088382,0.228,14446.74
M,297.1,308.1,1506,37.7,210,0,11.0,56776.200000000004,0.025033200531208503,0.84,11615.370000000003
L,297.6,309.3,1543,34.3,8,0,11.699999999999989,52924.899999999994,0.02222942320155541,0.032,10608.99
L,303.7,312.4,1348,51.0,152,0,8.699999999999989,68748.0,0.037833827893175076,0.608,15932.4
L,298.7,309.0,1565,35.1,152,0,10.300000000000011,54931.5,0.022428115015974442,0.608,10845.9
H,297.9,308.4,1637,34.5,191,0,10.5,56476.5,0.021075137446548563,0.764,10639.8
L,298.2,307.7,1459,44.5,89,0,9.5,64925.5,0.03050034270047978,0.356,13692.65
L,299.7,309.2,1411,46.1,173,0,9.5,65047.1,0.03267186392629341,0.692,14254.12
L,299.1,310.6,1796,26.0,90,0,11.5,46696.0,0.014476614699331848,0.36,8075.6
H,302.2,311.8,1330,62.4,31,0,9.600000000000023,82992.0,0.046917293233082705,0.124,19456.32
M,298.2,308.8,1626,40.4,20,0,10.600000000000023,65690.4,0.024846248462484625,0.08,12475.52
L,300.5,310.5,1409,60.9,73,0,10.0,85808.09999999999,0.04322214336408801,0.292,18909.45
L,300.0,309.2,1610,32.1,150,0,9.199999999999989,51681.0,0.019937888198757765,0.6,9925.32
H,299.2,310.1,1542,36.1,5,0,10.900000000000034,55666.200000000004,0.023411154345006485,0.02,11194.61
L,301.8,310.6,1522,43.8,70,0,8.800000000000011,66663.59999999999,0.028777923784494085,0.28,13604.28
L,299.6,310.1,1487,42.9,42,0,10.5,63792.299999999996,0.028850033624747813,0.168,13303.29
H,301.4,310.7,1536,44.4,96,0,9.300000000000011,68198.4,0.028906249999999998,0.384,13795.08
L,301.5,310.7,1686,27.9,135,0,9.199999999999989,47039.399999999994,0.016548042704626335,0.54,8668.529999999999
L,303.1,311.2,1628,35.2,23,0,8.099999999999966,57305.600000000006,0.021621621621621623,0.092,10954.24
L,300.0,311.5,1455,41.7,130,0,11.5,60673.50000000001,0.028659793814432993,0.52,12989.550000000001
M,297.9,307.7,1527,42.8,125,0,9.800000000000011,65355.6,0.02802881466928618,0.5,13169.56
H,302.2,311.1,1628,30.6,105,0,8.900000000000034,49816.8,0.018796068796068797,0.42,9519.660000000002
L,299.4,309.0,1660,28.4,139,0,9.600000000000023,47144.0,0.017108433734939758,0.556,8775.6
L,302.8,312.4,1392,46.2,70,0,9.599999999999966,64310.4,0.0331896551724138,0.28,14432.88
L,298.2,307.8,1521,42.9,60,0,9.600000000000023,65250.9,0.028205128205128206,0.24,13204.62
L,297.7,308.7,1694,29.1,102,0,11.0,49295.4,0.01717827626918536,0.408,8983.17
M,302.9,312.3,1809,25.0,180,0,9.400000000000034,45225.0,0.013819789939192924,0.72,7807.5
M,300.6,310.7,1388,42.9,190,0,10.099999999999966,59545.2,0.030907780979827087,0.76,13329.029999999999
L,300.8,309.6,1498,45.8,47,0,8.800000000000011,68608.4,0.030574098798397863,0.188,14179.68
H,297.3,308.6,1376,53.5,112,0,11.300000000000011,73616.0,0.03888081395348837,0.448,16510.100000000002
L,304.0,313.2,1615,37.8,127,0,9.199999999999989,61046.99999999999,0.023405572755417953,0.508,11838.96
L,301.9,310.8,1525,43.2,62,0,8.900000000000034,65880.0,0.02832786885245902,0.248,13426.560000000001
L,298.1,309.0,1592,33.9,85,0,10.899999999999977,53968.799999999996,0.021293969849246232,0.34,10475.1
L,299.9,311.4,1596,28.9,160,0,11.5,46124.399999999994,0.018107769423558896,0.64,8999.46
M,295.6,306.3,1426,45.5,53,0,10.699999999999989,64883.0,0.03190743338008415,0.212,13936.65
L,298.8,310.6,1602,39.1,211,0,11.800000000000011,62638.200000000004,0.024406991260923844,0.844,12144.460000000001
M,298.5,308.8,1553,34.9,18,0,10.300000000000011,54199.7,0.022472633612363166,0.072,10777.12
L,298.5,308.2,1451,47.5,18,0,9.699999999999989,68922.5,0.03273604410751206,0.072,14639.5
L,302.8,312.3,1473,42.6,232,0,9.5,62749.8,0.028920570264765785,0.928,13303.980000000001
H,300.4,311.4,1427,50.7,122,0,11.0,72348.90000000001,0.03552908199018921,0.488,15787.98
L,302.2,311.6,1416,54.1,48,0,9.400000000000034,76605.6,0.038206214689265536,0.192,16857.56
L,298.2,308.8,1666,31.5,30,0,10.600000000000023,52479.0,0.018907563025210083,0.12,9727.2
M,301.1,310.5,1309,60.7,100,0,9.399999999999977,79456.3,0.04637127578304049,0.4,18847.350000000002
L,300.5,311.6,1444,49.3,92,0,11.100000000000023,71189.2,0.034141274238227146,0.368,15361.880000000001
L,298.8,310.0,2098,19.6,148,0,11.199999999999989,41120.8,0.00934223069590086,0.592,6076.0
H,300.4,311.6,1715,30.8,203,0,11.200000000000045,52822.0,0.017959183673469388,0.812,9597.28
L,299.1,310.2,1425,52.7,154,0,11.099999999999966,75097.5,0.03698245614035088,0.616,16347.54
L,303.7,313.1,1355,49.1,188,0,9.400000000000034,66530.5,0.036236162361623615,0.752,15373.210000000001
M,300.8,311.2,1488,40.1,87,0,10.399999999999977,59668.8,0.026948924731182797,0.348,12479.12
L,299.9,311.4,1627,36.7,118,0,11.5,59710.9,0.02255685310387216,0.472,11428.38
L,301.0,311.0,1402,55.3,98,0,10.0,77530.59999999999,0.03944365192582026,0.392,17198.3
M,301.3,311.4,1838,23.2,215,0,10.099999999999966,42641.6,0.012622415669205658,0.86,7224.48
M,297.5,308.9,1280,48.5,19,0,11.399999999999977,62080.0,0.037890625,0.076,14981.65
M,298.8,308.8,1497,46.8,72,0,10.0,70059.59999999999,0.0312625250501002,0.288,14451.84
L,299.4,309.3,1525,41.5,30,0,9.900000000000034,63287.5,0.02721311475409836,0.12,12835.95
L,300.9,310.4,1788,27.8,90,0,9.5,49706.4,0.015548098434004474,0.36,8629.119999999999
M,299.6,309.0,1736,26.1,146,0,9.399999999999977,45309.600000000006,0.015034562211981567,0.584,8064.900000000001
H,300.0,309.4,1498,38.5,37,0,9.399999999999977,57673.0,0.02570093457943925,0.148,11911.9
L,298.8,310.2,1814,26.8,204,0,11.399999999999977,48615.200000000004,0.014773980154355017,0.816,8313.36
L,298.6,309.4,1440,48.2,136,0,10.799999999999955,69408.0,0.03347222222222222,0.544,14913.08
L,299.8,309.5,1590,28.5,23,0,9.699999999999989,45315.0,0.017924528301886792,0.092,8820.75
H,300.4,309.5,1547,50.7,131,0,9.100000000000023,78432.90000000001,0.03277310924369748,0.524,15691.650000000001
M,298.5,309.4,1521,37.5,94,0,10.899999999999977,57037.5,0.02465483234714004,0.376,11602.5
L,298.4,309.5,2153,15.3,98,1,11.100000000000023,32940.9,0.007106363214119833,0.392,4735.35
L,303.7,312.7,1989,22.4,166,0,9.0,44553.6,0.01126194067370538,0.664,7004.48
H,302.3,311.4,1443,44.1,51,0,9.099999999999966,63636.3,0.030561330561330563,0.204,13732.74
M,304.2,313.4,1411,54.8,44,0,9.199999999999989,77322.8,0.038837703756201276,0.176,17174.319999999996
L,302.3,311.9,1434,51.9,173,0,9.599999999999966,74424.59999999999,0.03619246861924686,0.692,16187.609999999999
L,300.4,311.4,1424,44.6,127,0,11.0,63510.4,0.03132022471910113,0.508,13888.439999999999
L,298.2,307.8,1429,46.9,117,0,9.600000000000023,67020.09999999999,0.03282015395381385,0.468,14435.82
M,297.3,308.4,1665,28.9,17,0,11.099999999999966,48118.5,0.017357357357357356,0.068,8912.759999999998
L,303.4,312.3,1680,30.6,67,0,8.900000000000034,51408.0,0.018214285714285714,0.268,9556.380000000001
L,298.5,309.8,1468,40.9,157,0,11.300000000000011,60041.2,0.027861035422343323,0.628,12670.82
M,300.9,310.2,1533,38.1,137,0,9.300000000000011,58407.3,0.024853228962818004,0.548,11818.62
M,298.7,309.1,1423,49.5,200,0,10.400000000000034,70438.5,0.03478566408995081,0.8,15300.45
H,300.9,311.3,1295,58.9,77,0,10.400000000000034,76275.5,0.04548262548262548,0.308,18335.57
M,297.5,308.6,1472,44.9,198,0,11.100000000000023,66092.8,0.030502717391304345,0.792,13856.140000000001
L,299.4,310.5,1372,46.3,173,0,11.100000000000023,63523.6,0.033746355685131194,0.692,14376.15
M,298.8,309.9,1741,27.7,50,0,11.099999999999966,48225.7,0.01591039632395175,0.2,8584.23
L,303.8,312.9,1573,34.6,14,0,9.099999999999966,54425.8,0.02199618563254927,0.056,10826.34
M,300.9,312.0,1447,41.4,193,0,11.100000000000023,59905.799999999996,0.028610919143054594,0.772,12916.8
L,302.3,311.0,1561,37.2,180,0,8.699999999999989,58069.200000000004,0.023830877642536837,0.72,11569.2
M,301.0,310.6,1698,27.3,14,0,9.600000000000023,46355.4,0.01607773851590106,0.056,8479.380000000001
L,298.9,310.3,1436,39.0,32,0,11.400000000000034,56004.0,0.027158774373259052,0.128,12101.7
L,300.1,310.5,1532,36.0,109,0,10.399999999999977,55152.0,0.02349869451697128,0.436,11178.0
L,299.6,310.2,1627,36.6,17,0,10.599999999999966,59548.200000000004,0.02249539028887523,0.068,11353.32
L,302.5,310.2,1329,50.6,148,1,7.699999999999989,67247.40000000001,0.038073739653875095,0.592,15696.119999999999
L,300.5,311.3,1475,46.3,49,0,10.800000000000011,68292.5,0.031389830508474575,0.196,14413.19
L,300.5,310.5,1646,34.5,63,0,10.0,56787.0,0.020959902794653706,0.252,10712.25
L,299.0,310.0,1509,38.0,168,0,11.0,57342.0,0.025182239893969515,0.672,11780.0
L,301.8,311.2,1334,52.3,68,0,9.399999999999977,69768.2,0.03920539730134932,0.272,16275.759999999998
L,297.4,308.6,1678,32.3,180,0,11.200000000000045,54199.399999999994,0.019249106078665076,0.72,9967.78
M,297.6,308.5,1466,39.7,34,0,10.899999999999977,58200.200000000004,0.02708049113233288,0.136,12247.45
L,299.6,309.0,1413,48.5,153,0,9.399999999999977,68530.5,0.0343241330502477,0.612,14986.5
L,297.9,308.6,2262,15.7,125,0,10.700000000000045,35513.4,0.006940760389036251,0.5,4845.02
L,303.1,312.8,1465,44.1,109,0,9.699999999999989,64606.5,0.030102389078498295,0.436,13794.480000000001
L,303.4,312.2,1656,32.7,195,0,8.800000000000011,54151.200000000004,0.019746376811594205,0.78,10208.94
M,303.4,311.5,1817,24.7,125,0,8.100000000000023,44879.9,0.013593835993395706,0.5,7694.05
L,301.0,311.7,1670,31.3,150,0,10.699999999999989,52271.0,0.01874251497005988,0.6,9756.21
L,298.9,309.8,1616,36.5,110,0,10.900000000000034,58984.0,0.022586633663366336,0.44,11307.7
M,298.1,308.8,2206,16.3,195,0,10.699999999999989,35957.8,0.007388939256572983,0.78,5033.4400000000005
L,302.2,311.5,1346,52.4,157,0,9.300000000000011,70530.4,0.038930163447251115,0.628,16322.6
L,298.2,308.4,1355,49.4,209,0,10.199999999999989,66937.0,0.03645756457564576,0.836,15234.96
H,300.9,309.5,1469,43.4,126,0,8.600000000000023,63754.6,0.029543907420013615,0.504,13432.3
L,298.8,308.1,1472,53.5,28,0,9.300000000000011,78752.0,0.036345108695652176,0.112,16483.350000000002
M,304.1,313.2,2028,18.9,45,0,9.099999999999966,38329.2,0.009319526627218935,0.18,5919.48
L,301.0,310.5,1408,47.0,202,0,9.5,66176.0,0.033380681818181816,0.808,14593.5
L,295.6,306.3,1636,32.7,56,0,10.699999999999989,53497.200000000004,0.019987775061124695,0.224,10016.010000000002
L,297.2,307.9,1580,35.8,140,0,10.699999999999989,56563.99999999999,0.022658227848101262,0.56,11022.819999999998
L,302.4,310.1,1556,32.9,132,0,7.7000000000000455,51192.399999999994,0.0211439588688946,0.528,10202.29
H,298.7,309.8,1422,40.7,85,0,11.100000000000023,57875.4,0.028621659634317863,0.34,12608.86
L,301.0,311.0,1804,25.8,174,0,10.0,46543.200000000004,0.014301552106430155,0.696,8023.8
L,302.7,310.7,1977,20.0,21,0,8.0,39540.0,0.010116337885685382,0.084,6214.0
L,300.0,309.5,1925,21.9,9,0,9.5,42157.5,0.011376623376623375,0.036,6778.049999999999
H,298.8,309.2,1425,53.9,135,0,10.399999999999977,76807.5,0.03782456140350877,0.54,16665.879999999997
M,298.1,308.2,1736,26.8,27,0,10.099999999999966,46524.8,0.01543778801843318,0.108,8259.76
L,299.2,309.0,1515,48.9,228,1,9.800000000000011,74083.5,0.03227722772277228,0.912,15110.1
L,301.2,311.0,1596,37.2,219,0,9.800000000000011,59371.200000000004,0.02330827067669173,0.876,11569.2
L,302.4,311.7,1495,36.8,215,0,9.300000000000011,55015.99999999999,0.024615384615384612,0.86,11470.56
H,301.0,310.0,1212,67.9,30,0,9.0,82294.8,0.05602310231023103,0.12,21049.0
L,300.0,310.2,1675,29.7,64,0,10.199999999999989,49747.5,0.01773134328358209,0.256,9212.939999999999
M,300.2,310.3,1478,38.1,45,0,10.100000000000023,56311.8,0.02577807848443843,0.18,11822.43
L,298.2,308.2,1436,50.2,43,0,10.0,72087.2,0.03495821727019499,0.172,15471.64
L,300.3,309.5,1474,38.7,35,0,9.199999999999989,57043.8,0.026255088195386706,0.14,11977.650000000001
L,300.2,310.1,1649,30.5,43,0,9.900000000000034,50294.5,0.018496058217101274,0.172,9458.050000000001
M,299.3,308.9,1767,24.8,196,0,9.599999999999966,43821.6,0.014035087719298246,0.784,7660.719999999999
L,300.3,311.5,1548,32.2,25,0,11.199999999999989,49845.600000000006,0.020801033591731268,0.1,10030.300000000001
L,300.6,310.4,2007,19.8,116,0,9.799999999999955,39738.6,0.009865470852017938,0.464,6145.92
L,302.4,311.7,1721,26.9,112,0,9.300000000000011,46294.899999999994,0.015630447414294014,0.448,8384.73
M,300.7,310.0,1641,34.6,178,0,9.300000000000011,56778.600000000006,0.02108470444850701,0.712,10726.0
L,301.6,311.1,1680,29.2,111,0,9.5,49056.0,0.01738095238095238,0.444,9084.12
M,300.3,310.0,1409,43.2,9,0,9.699999999999989,60868.8,0.03066004258339248,0.036,13392.0
L,301.5,310.8,1593,34.5,162,0,9.300000000000011,54958.5,0.021657250470809793,0.648,10722.6
L,297.9,308.5,1519,34.3,61,0,10.600000000000023,52101.7,0.02258064516129032,0.244,10581.55
M,300.7,310.7,1343,51.6,211,0,10.0,69298.8,0.03842144452717796,0.844,16032.119999999999
L,303.4,311.9,1771,31.6,202,0,8.5,55963.600000000006,0.017843026538678714,0.808,9856.039999999999
L,298.3,308.0,2886,3.8,57,1,9.699999999999989,10966.8,0.0013167013167013166,0.228,1170.3999999999999
L,299.5,310.0,1379,50.4,85,0,10.5,69501.59999999999,0.0365482233502538,0.34,15624.0
M,303.8,312.9,1594,35.2,69,0,9.099999999999966,56108.8,0.022082810539523212,0.276,11014.08
L,296.8,307.5,1474,42.4,107,0,10.699999999999989,62497.6,0.02876526458616011,0.428,13038.0
L,298.4,309.5,1357,50.1,125,0,11.100000000000023,67985.7,0.03691967575534267,0.5,15505.95
L,300.9,310.6,1538,36.7,3,0,9.700000000000045,56444.600000000006,0.02386215864759428,0.012,11399.020000000002
M,303.3,312.7,1642,33.6,104,0,9.399999999999977,55171.200000000004,0.02046285018270402,0.416,10506.72
L,296.9,307.8,1425,49.1,163,0,10.900000000000034,69967.5,0.03445614035087719,0.652,15112.980000000001
H,298.8,309.9,1439,45.2,40,1,11.099999999999966,65042.8,0.03141070187630299,0.16,14007.48
M,299.7,310.5,1492,39.3,131,0,10.800000000000011,58635.6,0.02634048257372654,0.524,12202.65
L,301.0,311.4,1478,39.5,75,0,10.399999999999977,58381.0,0.02672530446549391,0.3,12300.3
L,302.9,312.2,1571,40.6,139,0,9.300000000000011,63782.600000000006,0.025843411839592618,0.556,12675.32
M,300.7,311.0,1378,41.2,93,0,10.300000000000011,56773.600000000006,0.029898403483309147,0.372,12813.2
M,299.1,308.8,1491,41.0,209,0,9.699999999999989,61131.0,0.02749832327297116,0.836,12660.800000000001
H,303.6,311.7,1476,40.1,85,0,8.099999999999966,59187.6,0.027168021680216804,0.34,12499.17
L,298.6,310.0,1334,48.0,42,0,11.399999999999977,64032.0,0.035982008995502246,0.168,14880.0
M,301.9,311.0,1432,41.5,51,0,9.100000000000023,59428.0,0.028980446927374302,0.204,12906.5
M,297.7,308.8,1388,45.6,190,0,11.100000000000023,63292.8,0.032853025936599424,0.76,14081.28
L,303.5,313.0,1606,34.0,126,0,9.5,54604.0,0.021170610211706103,0.504,10642.0
L,297.0,307.7,1731,28.5,186,0,10.699999999999989,49333.5,0.016464471403812825,0.744,8769.449999999999
L,301.1,310.7,1376,49.1,0,0,9.599999999999966,67561.6,0.03568313953488372,0.0,15255.369999999999
L,300.9,312.4,1364,52.5,125,0,11.5,71610.0,0.03848973607038123,0.5,16401.0
H,297.4,309.3,1365,52.4,76,0,11.900000000000034,71526.0,0.038388278388278387,0.304,16207.32
H,298.8,310.1,1704,30.7,150,0,11.300000000000011,52312.799999999996,0.018016431924882628,0.6,9520.07
M,299.2,308.9,1573,37.4,212,0,9.699999999999989,58830.2,0.023776223776223775,0.848,11552.859999999999
H,299.1,310.6,1332,48.0,148,0,11.5,63936.0,0.036036036036036036,0.592,14908.800000000001
H,300.5,311.6,1506,36.2,10,0,11.100000000000023,54517.200000000004,0.02403718459495352,0.04,11279.920000000002
L,297.4,308.4,1525,38.7,62,0,11.0,59017.50000000001,0.02537704918032787,0.248,11935.08
L,301.1,311.3,1622,35.6,34,0,10.199999999999989,57743.200000000004,0.021948212083847105,0.136,11082.28
L,301.4,310.6,1481,37.6,77,0,9.200000000000045,55685.6,0.02538825118163403,0.308,11678.560000000001
M,297.2,308.5,1611,31.6,197,0,11.300000000000011,50907.600000000006,0.019615145872129112,0.788,9748.6
M,299.5,309.2,1497,40.9,169,0,9.699999999999989,61227.299999999996,0.02732130928523714,0.676,12646.279999999999
L,301.7,310.7,1318,55.0,194,0,9.0,72490.0,0.0417298937784522,0.776,17088.5
H,298.2,307.9,1491,39.7,181,0,9.699999999999989,59192.700000000004,0.026626425217974516,0.724,12223.63
M,298.1,308.7,1547,38.9,0,0,10.599999999999966,60178.299999999996,0.025145442792501613,0.0,12008.429999999998
L,299.1,310.5,1471,38.4,146,0,11.399999999999977,56486.4,0.02610469068660775,0.584,11923.199999999999
L,299.7,309.2,1326,64.8,71,0,9.5,85924.8,0.048868778280542986,0.284,20036.16
L,300.3,311.8,1548,33.0,16,0,11.5,51084.0,0.02131782945736434,0.064,10289.4
L,301.5,310.6,1962,20.2,124,0,9.100000000000023,39632.4,0.010295616717635066,0.496,6274.12
M,302.2,311.3,1375,47.0,98,0,9.100000000000023,64625.0,0.03418181818181818,0.392,14631.1
L,302.0,310.0,1832,22.9,178,0,8.0,41952.799999999996,0.012499999999999999,0.712,7099.0
M,298.7,310.2,1598,33.3,36,0,11.5,53213.399999999994,0.020838548185231537,0.144,10329.659999999998
L,298.4,308.6,1569,34.4,160,0,10.200000000000045,53973.6,0.021924792861695346,0.64,10615.84
M,301.4,310.7,1692,32.3,5,0,9.300000000000011,54651.6,0.01908983451536643,0.02,10035.609999999999
L,301.4,310.4,1301,51.2,112,0,9.0,66611.2,0.0393543428132206,0.448,15892.48
L,297.7,308.8,1515,40.1,82,0,11.100000000000023,60751.5,0.02646864686468647,0.328,12382.880000000001
L,297.8,307.5,1391,48.6,109,0,9.699999999999989,67602.6,0.034938892882818116,0.436,14944.5
L,302.6,310.8,1486,36.4,160,0,8.199999999999989,54090.4,0.02449528936742934,0.64,11313.12
M,300.2,311.6,1608,35.0,212,0,11.400000000000034,56280.0,0.021766169154228857,0.848,10906.0
L,300.4,309.6,1553,43.9,75,0,9.200000000000045,68176.7,0.02826786864133934,0.3,13591.44
L,299.4,309.2,1569,40.8,73,0,9.800000000000011,64015.2,0.0260038240917782,0.292,12615.359999999999
L,302.4,311.2,1404,52.0,57,0,8.800000000000011,73008.0,0.037037037037037035,0.228,16182.4
L,297.9,307.7,1537,37.7,15,0,9.800000000000011,57944.9,0.024528301886792454,0.06,11600.29
M,301.4,310.3,1610,29.1,166,0,8.900000000000034,46851.0,0.018074534161490685,0.664,9029.730000000001
M,301.0,310.8,1533,39.3,194,0,9.800000000000011,60246.899999999994,0.02563600782778865,0.776,12214.439999999999
M,298.6,309.6,1344,59.4,200,0,11.0,79833.59999999999,0.04419642857142857,0.8,18390.24
H,301.3,311.0,1341,59.3,134,0,9.699999999999989,79521.3,0.04422073079791201,0.536,18442.3
L,300.5,311.6,1730,30.2,106,0,11.100000000000023,52246.0,0.01745664739884393,0.424,9410.32
L,298.6,309.9,1556,38.6,36,0,11.299999999999955,60061.600000000006,0.02480719794344473,0.144,11962.14
L,301.7,310.2,1686,28.9,59,0,8.5,48725.399999999994,0.017141162514827994,0.236,8964.779999999999
H,301.9,310.8,1455,42.7,85,0,8.900000000000034,62128.50000000001,0.029347079037800688,0.34,13271.160000000002
M,300.9,310.9,1727,30.1,102,0,10.0,51982.700000000004,0.017429067747539086,0.408,9358.09
L,299.6,310.8,1393,49.9,78,0,11.199999999999989,69510.7,0.035821966977745874,0.312,15508.92
M,298.8,310.0,1529,38.5,77,0,11.199999999999989,58866.5,0.025179856115107913,0.308,11935.0
M,302.7,311.8,1728,30.0,12,0,9.100000000000023,51840.0,0.017361111111111112,0.048,9354.0
L,302.3,311.2,1549,40.6,66,0,8.899999999999977,62889.4,0.02621045836023241,0.264,12634.72
L,298.8,309.1,1489,49.1,128,0,10.300000000000011,73109.90000000001,0.03297515110812626,0.512,15176.810000000001
L,297.9,307.7,1492,43.7,59,0,9.800000000000011,65200.4,0.029289544235924937,0.236,13446.49
L,301.2,310.0,1618,37.6,32,0,8.800000000000011,60836.8,0.02323856613102596,0.128,11656.0
M,298.2,309.4,1693,34.4,73,0,11.199999999999989,58239.2,0.020318960425280565,0.292,10643.359999999999
H,299.7,309.2,1468,49.6,132,0,9.5,72812.8,0.033787465940054495,0.528,15336.32
H,297.5,308.4,1587,36.1,98,0,10.899999999999977,57290.700000000004,0.022747321991178324,0.392,11133.24
L,298.3,308.8,1645,30.4,33,0,10.5,50008.0,0.018480243161094225,0.132,9387.52
M,297.4,308.6,1604,32.8,85,0,11.200000000000045,52611.2,0.020448877805486283,0.34,10122.08
M,300.3,311.7,1447,36.8,0,0,11.399999999999977,53249.6,0.02543192812715964,0.0,11470.56
L,297.6,309.0,1487,45.4,64,0,11.399999999999977,67509.8,0.030531271015467383,0.256,14028.6
L,302.8,310.6,1671,30.5,201,0,7.800000000000011,50965.5,0.018252543387193298,0.804,9473.300000000001
L,299.2,308.5,1387,51.1,98,0,9.300000000000011,70875.7,0.0368421052631579,0.392,15764.35
L,297.7,307.6,1844,21.9,61,0,9.900000000000034,40383.6,0.011876355748373101,0.244,6736.4400000000005
L,300.3,309.2,1807,26.4,169,0,8.899999999999977,47704.799999999996,0.014609850581073601,0.676,8162.879999999999
L,300.6,310.9,1344,46.7,133,0,10.299999999999955,62764.8,0.03474702380952381,0.532,14519.03
L,301.7,309.8,1491,39.3,114,0,8.100000000000023,58596.299999999996,0.026358148893360158,0.456,12175.14
H,296.6,307.4,1333,50.2,177,0,10.799999999999955,66916.6,0.03765941485371343,0.708,15431.48
L,297.6,308.3,1742,27.7,13,0,10.699999999999989,48253.4,0.015901262916188288,0.052,8539.91
M,302.4,310.1,1520,36.6,97,0,7.7000000000000455,55632.0,0.024078947368421054,0.388,11349.660000000002
H,302.2,310.0,1468,43.6,38,0,7.800000000000011,64004.8,0.029700272479564034,0.152,13516.0
M,296.3,307.4,1335,50.5,48,0,11.099999999999966,67417.5,0.037827715355805244,0.192,15523.699999999999
M,300.4,309.6,1614,30.3,161,0,9.200000000000045,48904.200000000004,0.018773234200743494,0.644,9380.880000000001
M,297.7,307.2,1405,43.7,2,0,9.5,61398.50000000001,0.03110320284697509,0.008,13424.640000000001
L,300.8,311.4,1316,57.6,43,0,10.599999999999966,75801.6,0.04376899696048632,0.172,17936.64
L,302.7,310.4,1542,35.7,38,0,7.699999999999989,55049.4,0.023151750972762647,0.152,11081.28
L,298.1,307.6,1498,42.9,171,0,9.5,64264.2,0.02863818424566088,0.684,13196.04
L,300.8,311.7,1578,31.4,219,0,10.899999999999977,49549.2,0.019898605830164763,0.876,9787.38
M,300.5,309.7,1389,43.3,9,0,9.199999999999989,60143.7,0.031173506119510436,0.036,13410.009999999998
L,297.5,308.7,1761,26.2,164,0,11.199999999999989,46138.2,0.014877910278250993,0.656,8087.94
L,297.0,307.9,1296,69.1,153,1,10.899999999999977,89553.59999999999,0.053317901234567894,0.612,21275.889999999996
L,300.1,311.4,1418,47.7,73,0,11.299999999999955,67638.6,0.03363892806770099,0.292,14853.78
L,301.3,310.1,1355,53.6,193,0,8.800000000000011,72628.0,0.03955719557195572,0.772,16621.36
M,299.6,310.1,1357,48.7,96,0,10.5,66085.90000000001,0.03588798820928519,0.384,15101.870000000003
M,303.0,311.1,1526,37.3,176,0,8.100000000000023,56919.799999999996,0.024442988204456093,0.704,11604.03
L,299.0,308.7,1396,48.6,0,0,9.699999999999989,67845.6,0.034813753581661895,0.0,15002.82
L,302.7,312.1,1728,24.4,146,0,9.400000000000034,42163.2,0.01412037037037037,0.584,7615.24
L,301.4,311.3,1397,42.3,48,0,9.900000000000034,59093.1,0.030279169649248386,0.192,13167.99
M,299.3,308.7,1420,50.3,208,0,9.399999999999977,71426.0,0.035422535211267606,0.832,15527.609999999999
M,301.2,310.9,1359,50.8,118,0,9.699999999999989,69037.2,0.03738042678440029,0.472,15793.719999999998
M,298.9,310.0,1561,45.3,58,0,11.100000000000023,70713.29999999999,0.029019859064702114,0.232,14043.0
M,298.5,308.0,1519,37.3,29,0,9.5,56658.7,0.024555628703094138,0.116,11488.4
L,300.7,310.5,1536,47.4,192,0,9.800000000000011,72806.4,0.030859374999999998,0.768,14717.699999999999
L,301.4,310.8,1740,29.2,110,0,9.400000000000034,50808.0,0.016781609195402298,0.44,9075.36
L,298.4,309.4,1461,46.3,121,0,11.0,67644.3,0.03169062286105407,0.484,14325.219999999998
M,303.5,312.9,1530,34.5,110,0,9.399999999999977,52785.0,0.022549019607843137,0.44,10795.05
L,300.9,310.5,1599,40.5,57,0,9.600000000000023,64759.5,0.025328330206378986,0.228,12575.25
L,298.2,308.0,1499,44.1,166,0,9.800000000000011,66105.90000000001,0.02941961307538359,0.664,13582.800000000001
L,300.6,311.6,1455,48.0,203,0,11.0,69840.0,0.032989690721649485,0.812,14956.800000000001
L,300.5,311.5,1708,31.2,57,0,11.0,53289.6,0.01826697892271663,0.228,9718.8
L,303.2,312.6,1601,35.3,148,0,9.400000000000034,56515.299999999996,0.022048719550281072,0.592,11034.78
L,300.3,310.4,1672,29.2,39,0,10.099999999999966,48822.4,0.017464114832535883,0.156,9063.679999999998
M,299.7,309.2,1412,45.3,205,0,9.5,63963.6,0.032082152974504244,0.82,14006.759999999998
M,300.5,311.9,1730,27.5,209,0,11.399999999999977,47575.0,0.015895953757225433,0.836,8577.25
L,298.6,308.2,1705,26.3,177,0,9.599999999999966,44841.5,0.015425219941348973,0.708,8105.66
M,297.5,309.4,1482,39.3,112,0,11.899999999999977,58242.6,0.02651821862348178,0.448,12159.419999999998
H,301.2,310.7,1747,27.3,35,0,9.5,47693.1,0.01562678878076703,0.14,8482.11
H,301.6,310.5,1786,27.1,35,0,8.899999999999977,48400.600000000006,0.01517357222844345,0.14,8414.550000000001
L,299.7,311.2,1835,23.7,183,0,11.5,43489.5,0.012915531335149864,0.732,7375.44
L,297.0,307.8,1396,50.0,96,0,10.800000000000011,69800.0,0.03581661891117478,0.384,15390.0
L,300.0,310.2,1760,26.9,193,0,10.199999999999989,47344.0,0.015284090909090909,0.772,8344.38
L,300.8,311.7,1655,32.2,12,0,10.899999999999977,53291.00000000001,0.019456193353474323,0.048,10036.74
L,302.0,310.5,1263,60.6,90,1,8.5,76537.8,0.04798099762470309,0.36,18816.3
H,297.0,308.1,1517,41.4,222,0,11.100000000000023,62803.799999999996,0.027290705339485827,0.888,12755.34
M,299.2,308.6,1631,35.4,64,0,9.400000000000034,57737.399999999994,0.021704475781729,0.256,10924.44
L,301.7,310.2,1311,57.4,40,1,8.5,75251.4,0.043783371472158654,0.16,17805.48
L,299.0,308.8,1405,55.2,103,0,9.800000000000011,77556.0,0.03928825622775801,0.412,17045.760000000002
L,301.1,311.2,1555,35.3,172,0,10.099999999999966,54891.49999999999,0.022700964630225078,0.688,10985.359999999999
M,301.5,310.7,1454,39.4,17,0,9.199999999999989,57287.6,0.027097661623108664,0.068,12241.58
L,301.8,310.3,1765,27.3,29,0,8.5,48184.5,0.01546742209631728,0.116,8471.19
L,297.7,308.9,1715,27.2,193,0,11.199999999999989,46648.0,0.0158600583090379,0.772,8402.08
L,298.1,307.7,1705,29.1,109,0,9.599999999999966,49615.5,0.017067448680351906,0.436,8954.07
L,300.9,310.4,2021,18.8,30,0,9.5,37994.8,0.009302325581395349,0.12,5835.5199999999995
H,302.8,311.0,1436,43.5,47,0,8.199999999999989,62466.0,0.030292479108635098,0.188,13528.5
L,297.8,308.3,1435,50.1,189,0,10.5,71893.5,0.03491289198606272,0.756,15445.830000000002
M,301.0,310.4,1665,30.9,177,0,9.399999999999977,51448.5,0.018558558558558556,0.708,9591.359999999999
M,299.0,310.3,1689,29.7,101,0,11.300000000000011,50163.299999999996,0.01758436944937833,0.404,9215.91
L,301.0,310.9,1813,28.5,197,0,9.899999999999977,51670.5,0.015719801434087147,0.788,8860.65
M,300.9,309.4,1724,25.6,119,0,8.5,44134.4,0.014849187935034803,0.476,7920.639999999999
M,302.9,311.0,1402,40.7,52,0,8.100000000000023,57061.4,0.029029957203994296,0.208,12657.7
L,299.9,311.3,1429,58.2,103,0,11.400000000000034,83167.8,0.040727781665500354,0.412,18117.66
L,297.9,307.9,1426,43.6,89,0,10.0,62173.6,0.030575035063113605,0.356,13424.439999999999
M,299.7,309.6,1477,42.7,163,0,9.900000000000034,63067.9,0.028909952606635075,0.652,13219.920000000002
L,297.4,308.1,1474,39.4,20,0,10.700000000000045,58075.6,0.026729986431478968,0.08,12139.140000000001
L,301.6,311.0,1431,42.6,158,0,9.399999999999977,60960.6,0.02976939203354298,0.632,13248.6
H,299.8,310.6,1423,44.6,116,0,10.800000000000011,63465.8,0.03134223471539002,0.464,13852.760000000002
M,303.5,312.4,1606,30.1,98,0,8.899999999999977,48340.600000000006,0.018742216687422167,0.392,9403.24
M,297.8,309.4,1226,58.7,129,0,11.599999999999966,71966.2,0.047879282218597066,0.516,18161.78
L,302.6,310.5,1450,43.2,68,0,7.899999999999977,62640.00000000001,0.029793103448275866,0.272,13413.6
M,302.6,310.2,2676,10.8,84,1,7.599999999999966,28900.800000000003,0.004035874439461884,0.336,3350.1600000000003
L,301.3,310.9,1566,33.1,82,0,9.599999999999966,51834.600000000006,0.021136653895274585,0.328,10290.789999999999
M,302.3,311.5,1674,30.0,12,0,9.199999999999989,50220.0,0.017921146953405017,0.048,9345.0
L,303.4,312.6,1462,37.5,118,0,9.200000000000045,54825.0,0.025649794801641587,0.472,11722.5
M,298.9,310.5,1525,38.5,27,0,11.600000000000023,58712.5,0.025245901639344263,0.108,11954.25
M,300.3,310.2,1442,39.5,4,0,9.899999999999977,56959.0,0.027392510402219142,0.016,12252.9
L,298.5,310.0,1435,42.5,25,0,11.5,60987.5,0.029616724738675958,0.1,13175.0
M,303.7,313.0,1303,54.4,2,0,9.300000000000011,70883.2,0.04174980813507291,0.008,17027.2
L,302.0,310.5,1635,39.8,99,0,8.5,65072.99999999999,0.02434250764525994,0.396,12357.9
L,300.9,312.0,1493,38.7,217,0,11.100000000000023,57779.100000000006,0.02592096450100469,0.868,12074.400000000001
L,300.8,312.1,1505,41.3,173,0,11.300000000000011,62156.49999999999,0.027441860465116277,0.692,12889.73
M,298.7,309.5,1500,38.8,116,0,10.800000000000011,58199.99999999999,0.025866666666666666,0.464,12008.599999999999
M,304.0,313.1,1450,42.8,101,0,9.100000000000023,62059.99999999999,0.029517241379310343,0.404,13400.68
M,297.6,309.0,1427,45.6,179,0,11.399999999999977,65071.200000000004,0.031955150665732304,0.716,14090.4
L,301.5,310.8,1512,38.9,9,0,9.300000000000011,58816.799999999996,0.025727513227513227,0.036,12090.12
M,301.2,310.9,1424,45.2,68,0,9.699999999999989,64364.8,0.031741573033707865,0.272,14052.68
L,298.8,310.5,1464,46.4,207,0,11.699999999999989,67929.59999999999,0.03169398907103825,0.828,14407.199999999999
L,297.2,308.0,1705,26.0,200,0,10.800000000000011,44330.0,0.015249266862170088,0.8,8008.0
L,299.2,308.9,1342,50.8,195,0,9.699999999999989,68173.59999999999,0.03785394932935916,0.78,15692.119999999997
L,300.4,309.3,1525,39.6,202,0,8.900000000000034,60390.0,0.025967213114754098,0.808,12248.28
M,300.8,310.3,1270,61.0,54,0,9.5,77470.0,0.048031496062992125,0.216,18928.3
L,300.7,309.6,1810,26.0,195,0,8.900000000000034,47060.0,0.014364640883977901,0.78,8049.6
L,299.6,310.7,1922,23.3,205,1,11.099999999999966,44782.6,0.012122788761706556,0.82,7239.31
L,300.4,309.6,1386,56.9,170,0,9.200000000000045,78863.4,0.04105339105339105,0.68,17616.24
M,299.5,309.4,1387,56.2,32,0,9.899999999999977,77949.40000000001,0.04051910598413843,0.128,17388.28
L,297.5,308.4,1604,38.1,106,0,10.899999999999977,61112.4,0.023753117206982543,0.424,11750.039999999999
M,298.6,309.9,1517,34.0,215,0,11.299999999999955,51578.0,0.02241265655899802,0.86,10536.599999999999
M,301.8,311.0,1393,49.5,168,0,9.199999999999989,68953.5,0.03553481694185212,0.672,15394.5
M,298.9,308.2,1328,49.2,11,0,9.300000000000011,65337.600000000006,0.03704819277108434,0.044,15163.44
L,303.7,312.8,1543,38.3,61,0,9.100000000000023,59096.899999999994,0.024821775761503562,0.244,11980.24
L,303.9,313.0,1408,47.5,76,0,9.100000000000023,66880.0,0.033735795454545456,0.304,14867.5
M,302.5,310.4,1580,35.6,176,0,7.899999999999977,56248.0,0.022531645569620253,0.704,11050.24
L,299.8,309.3,1386,49.4,116,0,9.5,68468.4,0.03564213564213564,0.464,15279.42
M,303.3,311.8,1583,33.3,72,0,8.5,52713.899999999994,0.021036007580543272,0.288,10382.939999999999
L,302.3,311.2,1297,62.5,109,0,8.899999999999977,81062.5,0.04818812644564379,0.436,19450.0
L,300.1,309.4,1858,23.6,26,0,9.299999999999955,43848.8,0.012701829924650162,0.104,7301.84
L,302.3,311.6,1665,34.3,139,0,9.300000000000011,57109.49999999999,0.020600600600600597,0.556,10687.88
L,298.0,307.8,1453,37.7,119,0,9.800000000000011,54778.100000000006,0.025946317962835516,0.476,11604.060000000001
L,298.0,308.9,1508,37.1,92,0,10.899999999999977,55946.8,0.02460212201591512,0.368,11460.189999999999
L,297.1,308.5,1323,44.4,207,1,11.399999999999977,58741.2,0.033560090702947847,0.828,13697.4
L,301.5,310.9,1600,39.0,160,0,9.399999999999977,62400.0,0.024375,0.64,12125.099999999999
L,299.8,310.0,1361,53.8,167,0,10.199999999999989,73221.8,0.03952975753122704,0.668,16678.0
M,303.3,312.5,1674,32.7,76,0,9.199999999999989,54739.8,0.019534050179211473,0.304,10218.75
L,298.5,308.0,1404,48.1,32,0,9.5,67532.40000000001,0.03425925925925926,0.128,14814.800000000001
L,298.1,308.9,2136,15.9,78,0,10.799999999999955,33962.4,0.007443820224719101,0.312,4911.509999999999
L,300.3,310.3,1362,60.3,206,1,10.0,82128.59999999999,0.04427312775330396,0.824,18711.09
L,301.0,310.4,1476,43.6,173,0,9.399999999999977,64353.6,0.02953929539295393,0.692,13533.439999999999
L,302.8,312.3,1366,49.1,221,0,9.5,67070.6,0.03594436310395315,0.884,15333.93
M,298.6,309.1,1487,43.2,206,0,10.5,64238.4,0.029051782111634165,0.824,13353.120000000003
L,297.1,308.4,1304,53.5,153,0,11.299999999999955,69764.0,0.04102760736196319,0.612,16499.399999999998
L,300.5,310.5,1515,36.6,54,0,10.0,55449.0,0.02415841584158416,0.216,11364.300000000001
M,298.5,309.2,1449,46.4,83,0,10.699999999999989,67233.59999999999,0.03202208419599724,0.332,14346.88
L,302.9,311.2,1634,36.9,71,0,8.300000000000011,60294.6,0.022582619339045287,0.284,11483.279999999999
L,303.1,312.4,1407,41.2,107,0,9.299999999999955,57968.4,0.02928216062544421,0.428,12870.88
L,303.4,312.7,1589,34.0,116,0,9.300000000000011,54026.0,0.021397105097545627,0.464,10631.8
L,297.8,307.8,1573,37.9,33,0,10.0,59616.7,0.024094087730451366,0.132,11665.62
L,297.5,308.7,1454,45.0,19,0,11.199999999999989,65430.0,0.030949105914718018,0.076,13891.5
L,300.8,310.2,1514,40.0,155,0,9.399999999999977,60560.0,0.026420079260237782,0.62,12408.0
L,297.7,309.0,1874,24.4,28,0,11.300000000000011,45725.6,0.013020277481323372,0.112,7539.599999999999
L,303.2,312.4,1663,33.7,71,0,9.199999999999989,56043.100000000006,0.02026458208057727,0.284,10527.880000000001
L,297.7,309.2,1365,58.6,170,0,11.5,79989.0,0.042930402930402935,0.68,18119.12
L,297.1,308.1,1754,30.3,206,0,11.0,53146.200000000004,0.01727480045610034,0.824,9335.43
L,301.1,311.6,1488,43.4,5,0,10.5,64579.2,0.029166666666666667,0.02,13523.44
L,298.1,308.3,1331,63.0,13,0,10.199999999999989,83853.0,0.0473328324567994,0.052,19422.9
M,296.9,307.8,1544,40.3,150,0,10.900000000000034,62223.2,0.02610103626943005,0.6,12404.34
M,299.1,310.6,1397,49.5,165,0,11.5,69151.5,0.03543307086614173,0.66,15374.7
L,301.0,311.5,1559,31.8,195,0,10.5,49576.200000000004,0.020397690827453498,0.78,9905.7
L,297.4,308.6,1439,51.9,188,0,11.200000000000045,74684.09999999999,0.03606671299513551,0.752,16016.34
M,302.1,311.5,1635,31.6,23,0,9.399999999999977,51666.0,0.019327217125382264,0.092,9843.4
L,300.0,310.2,1486,36.4,66,0,10.199999999999989,54090.4,0.02449528936742934,0.264,11291.279999999999
L,298.0,307.7,1435,45.6,184,0,9.699999999999989,65436.0,0.03177700348432056,0.736,14031.12
L,302.3,310.7,1402,50.9,157,0,8.399999999999977,71361.8,0.03630527817403709,0.628,15814.63
H,301.4,311.1,1445,41.4,144,0,9.700000000000045,59823.0,0.028650519031141866,0.576,12879.54
M,300.0,311.3,1629,32.1,55,0,11.300000000000011,52290.9,0.01970534069981584,0.22,9992.730000000001
M,300.6,310.6,1403,50.4,64,0,10.0,70711.2,0.03592302209550962,0.256,15654.240000000002
M,297.6,308.5,1552,40.9,90,0,10.899999999999977,63476.799999999996,0.026353092783505155,0.36,12617.65
L,297.4,309.0,1324,56.9,173,0,11.600000000000023,75335.59999999999,0.04297583081570997,0.692,17582.1
M,302.5,311.4,1636,35.0,157,0,8.899999999999977,57260.0,0.021393643031784843,0.628,10899.0
M,300.0,310.2,1393,51.2,190,0,10.199999999999989,71321.6,0.03675520459440058,0.76,15882.24
M,301.7,310.8,1594,32.4,204,0,9.100000000000023,51645.6,0.020326223337515683,0.816,10069.92
M,297.1,308.4,1502,37.3,181,0,11.299999999999955,56024.6,0.024833555259653792,0.724,11503.319999999998
L,300.5,309.5,1379,55.6,2,0,9.0,76672.40000000001,0.04031907179115301,0.008,17208.2
L,303.7,313.1,1683,28.4,46,0,9.400000000000034,47797.2,0.016874628639334522,0.184,8892.04
M,299.7,310.5,1490,41.2,126,0,10.800000000000011,61388.00000000001,0.0276510067114094,0.504,12792.6
L,298.7,309.9,1651,29.5,42,0,11.199999999999989,48704.5,0.017867958812840704,0.168,9142.05
M,302.4,311.0,1580,36.5,64,0,8.600000000000023,57670.0,0.023101265822784812,0.256,11351.5
H,297.8,307.3,1555,35.8,190,0,9.5,55668.99999999999,0.02302250803858521,0.76,11001.34
L,300.7,311.0,1596,36.9,174,0,10.300000000000011,58892.399999999994,0.023120300751879697,0.696,11475.9
H,298.8,309.8,1510,44.2,35,0,11.0,66742.0,0.02927152317880795,0.14,13693.160000000002
L,299.1,310.1,1367,45.6,44,0,11.0,62335.200000000004,0.03335771762984638,0.176,14140.560000000001
L,297.5,308.5,1375,55.6,128,0,11.0,76450.0,0.04043636363636364,0.512,17152.600000000002
M,302.5,310.5,1918,21.6,131,0,8.0,41428.8,0.011261730969760167,0.524,6706.8
L,297.1,308.4,1693,29.5,100,0,11.299999999999955,49943.5,0.017424689899586534,0.4,9097.8
M,301.8,310.9,1358,52.3,56,0,9.099999999999966,71023.4,0.03851251840942562,0.224,16260.069999999998
L,302.4,310.4,1865,23.9,129,0,8.0,44573.5,0.012815013404825737,0.516,7418.559999999999
H,304.1,313.2,1590,43.4,52,0,9.099999999999966,69006.0,0.027295597484276728,0.208,13592.88
L,299.9,309.5,1451,39.4,18,0,9.600000000000023,57169.4,0.02715368711233632,0.072,12194.3
M,302.5,311.5,1358,52.7,139,0,9.0,71566.6,0.038807069219440354,0.556,16416.05
M,298.1,308.9,1335,50.4,110,0,10.799999999999955,67284.0,0.03775280898876404,0.44,15568.559999999998
H,298.8,310.5,1294,55.8,202,0,11.699999999999989,72205.2,0.04312210200927357,0.808,17325.899999999998
M,300.5,311.1,1296,61.3,202,1,10.600000000000023,79444.8,0.04729938271604938,0.808,19070.43
M,302.5,312.0,1436,43.5,184,0,9.5,62466.0,0.030292479108635098,0.736,13572.0
L,300.6,310.3,1794,24.4,211,0,9.699999999999989,43773.6,0.013600891861761426,0.844,7571.32
M,303.6,311.9,1617,36.0,95,0,8.299999999999955,58212.0,0.022263450834879406,0.38,11228.4
L,302.8,311.1,1456,36.1,89,0,8.300000000000011,52561.6,0.024793956043956046,0.356,11230.710000000001
L,300.5,309.8,1939,21.4,164,0,9.300000000000011,41494.6,0.011036616812790096,0.656,6629.72
L,299.9,311.3,1535,38.1,160,0,11.400000000000034,58483.5,0.02482084690553746,0.64,11860.53
H,296.4,307.3,1540,37.4,75,0,10.900000000000034,57596.0,0.024285714285714285,0.3,11493.02
L,297.3,308.3,1590,35.5,59,0,11.0,56445.0,0.02232704402515723,0.236,10944.65
H,300.6,309.4,1691,28.0,36,0,8.799999999999955,47348.0,0.01655824955647546,0.144,8663.199999999999
L,297.6,308.6,1744,28.5,42,0,11.0,49704.0,0.016341743119266054,0.168,8795.1
H,299.4,309.3,1743,28.2,0,0,9.900000000000034,49152.6,0.016179001721170396,0.0,8722.26
L,300.2,311.7,1493,48.3,167,0,11.5,72111.9,0.03235097119892833,0.668,15055.109999999999
L,302.6,312.3,1512,34.2,44,0,9.699999999999989,51710.4,0.022619047619047622,0.176,10680.660000000002
M,297.5,308.5,1496,42.2,22,0,11.0,63131.200000000004,0.02820855614973262,0.088,13018.7
L,296.9,307.8,1557,38.1,135,0,10.900000000000034,59321.700000000004,0.02447013487475915,0.54,11727.18
L,303.2,311.4,1349,51.1,9,1,8.199999999999989,68933.90000000001,0.03787991104521868,0.036,15912.539999999999
M,301.2,310.0,1625,31.6,173,0,8.800000000000011,51350.0,0.019446153846153846,0.692,9796.0
M,300.2,309.7,1413,43.0,137,0,9.5,60759.0,0.03043170559094126,0.548,13317.1
H,300.3,311.6,1339,53.4,123,0,11.300000000000011,71502.59999999999,0.03988050784167289,0.492,16639.440000000002
H,301.9,311.0,1672,29.9,13,0,9.100000000000023,49992.799999999996,0.017882775119617222,0.052,9298.9
M,297.5,308.3,1622,37.2,103,0,10.800000000000011,60338.4,0.022934648581997535,0.412,11468.760000000002
M,302.3,310.7,1559,33.9,119,0,8.399999999999977,52850.1,0.021744708146247595,0.476,10532.73
L,300.5,309.3,1465,46.0,89,0,8.800000000000011,67390.0,0.031399317406143344,0.356,14227.800000000001
M,301.8,309.6,1436,49.0,214,0,7.800000000000011,70364.0,0.034122562674094706,0.856,15170.400000000001
L,301.7,310.6,1513,41.1,64,0,8.900000000000034,62184.3,0.0271645736946464,0.256,12765.660000000002
M,301.2,309.9,1456,50.8,15,0,8.699999999999989,73964.8,0.03489010989010989,0.06,15742.919999999998
L,298.9,308.7,1438,51.7,64,0,9.800000000000011,74344.6,0.03595271210013908,0.256,15959.79
M,301.3,310.0,1593,30.8,210,0,8.699999999999989,49064.4,0.01933458882611425,0.84,9548.0
L,300.9,310.8,1571,39.9,51,0,9.900000000000034,62682.899999999994,0.025397835773392743,0.204,12400.92
M,302.2,311.7,1653,31.4,2,0,9.5,51904.2,0.018995765275257107,0.008,9787.38
L,297.4,308.6,1446,48.1,88,0,11.200000000000045,69552.6,0.03326417704011065,0.352,14843.660000000002
M,297.4,308.6,1657,33.1,156,0,11.200000000000045,54846.700000000004,0.019975859987929993,0.624,10214.660000000002
L,302.8,310.6,2016,19.9,199,0,7.800000000000011,40118.399999999994,0.009871031746031746,0.796,6180.94
L,298.8,310.2,1504,41.0,51,0,11.399999999999977,61664.0,0.02726063829787234,0.204,12718.199999999999
H,298.5,309.4,2011,21.0,59,0,10.899999999999977,42231.0,0.0104425658876181,0.236,6497.4
L,299.0,308.6,1734,32.4,161,0,9.600000000000023,56181.6,0.018685121107266434,0.644,9998.64
L,302.6,310.5,1748,28.2,2,0,7.899999999999977,49293.6,0.016132723112128145,0.008,8756.1
L,302.9,312.2,1367,55.1,50,0,9.300000000000011,75321.7,0.040307242136064375,0.2,17202.22
M,298.1,307.9,1377,55.1,42,0,9.799999999999955,75872.7,0.04001452432824982,0.168,16965.29
M,298.1,307.9,1303,53.9,52,0,9.799999999999955,70231.7,0.04136607828089025,0.208,16595.809999999998
L,298.4,308.5,1490,37.9,110,0,10.100000000000023,56471.0,0.025436241610738253,0.44,11692.15
L,303.3,311.4,1510,37.3,36,0,8.099999999999966,56322.99999999999,0.024701986754966886,0.144,11615.219999999998
H,302.4,311.2,1506,40.8,204,0,8.800000000000011,61444.799999999996,0.027091633466135457,0.816,12696.96
L,299.0,310.2,1432,42.2,87,0,11.199999999999989,60430.4,0.029469273743016763,0.348,13090.44
L,295.9,306.7,1547,40.9,107,0,10.800000000000011,63272.299999999996,0.026438267614738203,0.428,12544.029999999999
H,297.5,309.3,1459,49.7,201,0,11.800000000000011,72512.3,0.03406442769019877,0.804,15372.210000000001
L,297.3,308.3,1519,37.7,45,0,11.0,57266.3,0.024818959842001317,0.18,11622.910000000002
M,301.3,310.4,2093,18.7,190,0,9.099999999999966,39139.1,0.008934543717152412,0.76,5804.48
L,297.3,308.1,1763,28.4,54,0,10.800000000000011,50069.2,0.016108905275099263,0.216,8750.04
L,299.1,308.8,1502,38.3,88,0,9.699999999999989,57526.6,0.025499334221038613,0.352,11827.039999999999
L,303.3,312.6,1623,34.6,102,0,9.300000000000011,56155.8,0.021318545902649415,0.408,10815.960000000001
L,301.5,310.5,1644,34.9,186,0,9.0,57375.6,0.021228710462287102,0.744,10836.449999999999
L,298.1,307.9,1665,32.0,7,0,9.799999999999955,53280.0,0.01921921921921922,0.028,9852.8
L,298.1,307.8,1761,28.2,76,0,9.699999999999989,49660.2,0.016013628620102215,0.304,8679.960000000001
H,303.4,312.3,1769,27.9,40,0,8.900000000000034,49355.1,0.015771622385528546,0.16,8713.17
L,300.3,309.6,1468,44.7,179,0,9.300000000000011,65619.6,0.030449591280653953,0.716,13839.120000000003
L,297.1,308.4,1488,42.5,146,0,11.299999999999955,63240.0,0.028561827956989246,0.584,13106.999999999998
L,299.4,308.9,1583,34.1,176,0,9.5,53980.3,0.021541377132027795,0.704,10533.49
M,302.1,310.6,1421,52.0,95,0,8.5,73892.0,0.036593947923997186,0.38,16151.2
L,300.6,310.4,1457,47.7,120,0,9.799999999999955,69498.90000000001,0.03273850377487989,0.48,14806.08
L,299.5,310.8,1283,52.4,112,0,11.300000000000011,67229.2,0.04084177708495713,0.448,16285.92
L,299.6,310.8,1507,42.4,108,0,11.199999999999989,63896.799999999996,0.02813536828135368,0.432,13177.92
L,299.4,309.2,1556,35.7,75,0,9.800000000000011,55549.200000000004,0.022943444730077124,0.3,11038.44
L,300.5,309.7,1560,30.2,139,0,9.199999999999989,47112.0,0.019358974358974358,0.556,9352.939999999999
H,300.5,310.0,1495,47.4,184,0,9.5,70863.0,0.03170568561872909,0.736,14694.0
M,300.5,311.6,1577,36.5,4,0,11.100000000000023,57560.5,0.023145212428662017,0.016,11373.400000000001
L,302.5,311.5,1493,35.1,131,0,9.0,52404.3,0.023509711989283325,0.524,10933.65
M,299.3,309.2,1586,37.9,129,0,9.899999999999977,60109.399999999994,0.023896595208070616,0.516,11718.679999999998
H,304.0,313.1,1472,45.5,166,0,9.100000000000023,66976.0,0.03091032608695652,0.664,14246.050000000001
L,303.7,312.2,1619,34.9,92,0,8.5,56503.1,0.021556516368128473,0.368,10895.779999999999
M,302.2,310.8,1408,46.8,49,0,8.600000000000023,65894.4,0.03323863636363636,0.196,14545.44
L,302.6,310.5,1596,32.8,193,0,7.899999999999977,52348.799999999996,0.020551378446115286,0.772,10184.4
M,304.1,313.3,1480,38.4,72,0,9.199999999999989,56832.0,0.025945945945945945,0.288,12030.72
M,297.4,308.4,1675,29.5,59,0,11.0,49412.5,0.01761194029850746,0.236,9097.8
L,297.9,307.7,1517,44.4,67,0,9.800000000000011,67354.8,0.029268292682926828,0.268,13661.88
M,300.3,311.9,1677,30.8,48,0,11.599999999999966,51651.6,0.018366129994036973,0.192,9606.519999999999
L,300.7,310.7,1442,43.2,49,0,10.0,62294.4,0.02995839112343967,0.196,13422.24
L,298.0,307.6,1450,48.7,138,0,9.600000000000023,70615.0,0.03358620689655173,0.552,14980.120000000003
L,296.7,307.9,1690,29.6,119,0,11.199999999999989,50024.0,0.017514792899408285,0.476,9113.84
L,299.0,308.9,1622,31.9,42,0,9.899999999999977,51741.799999999996,0.01966707768187423,0.168,9853.909999999998
L,300.0,309.0,1709,32.1,79,0,9.0,54858.9,0.018782913984786424,0.316,9918.9
L,297.8,308.4,1612,32.1,183,0,10.599999999999966,51745.200000000004,0.019913151364764268,0.732,9899.64
L,300.2,310.1,1523,42.3,25,0,9.900000000000034,64422.899999999994,0.027774130006565985,0.1,13117.23
L,302.2,311.4,1609,32.1,41,0,9.199999999999989,51648.9,0.0199502796768179,0.164,9995.94
L,297.3,308.3,1396,45.9,64,0,11.0,64076.4,0.03287965616045845,0.256,14150.97
L,297.9,309.0,1450,46.8,118,0,11.100000000000023,67860.0,0.032275862068965516,0.472,14461.199999999999
M,301.7,310.7,1627,31.3,78,0,9.0,50925.1,0.01923786109403811,0.312,9724.91
L,297.4,309.2,1437,40.4,117,0,11.800000000000011,58054.799999999996,0.028114126652748782,0.468,12491.679999999998
M,300.9,310.7,1420,43.0,133,0,9.800000000000011,61060.0,0.03028169014084507,0.532,13360.1
L,303.6,311.8,1222,66.8,148,1,8.199999999999989,81629.59999999999,0.054664484451718495,0.592,20828.24
L,297.6,309.2,1611,33.1,155,0,11.599999999999966,53324.100000000006,0.02054624456859094,0.62,10234.52
L,297.5,308.6,1671,29.4,136,0,11.100000000000023,49127.399999999994,0.017594254937163375,0.544,9072.84
H,301.0,310.4,1512,44.9,86,0,9.399999999999977,67888.8,0.029695767195767196,0.344,13936.96
M,302.7,312.1,1378,46.9,176,0,9.400000000000034,64628.2,0.034034833091436865,0.704,14637.49
L,303.8,312.8,1503,40.0,154,0,9.0,60120.0,0.02661343978709248,0.616,12512.0
M,303.9,313.2,1350,47.2,2,0,9.300000000000011,63720.00000000001,0.034962962962962967,0.008,14783.04
L,302.5,311.1,1499,38.8,135,0,8.600000000000023,58161.2,0.025883922615076715,0.54,12070.68
H,300.6,311.7,1500,36.7,17,0,11.099999999999966,55050.00000000001,0.024466666666666668,0.068,11439.390000000001
L,302.0,310.5,1651,30.9,146,0,8.5,51015.899999999994,0.018715929739551787,0.584,9594.449999999999
L,298.1,308.2,1485,40.7,57,0,10.099999999999966,60439.50000000001,0.027407407407407408,0.228,12543.74
M,303.3,312.1,1693,30.0,80,0,8.800000000000011,50790.0,0.01772002362669817,0.32,9363.0
M,302.4,311.1,1366,54.4,0,0,8.700000000000045,74310.4,0.03982430453879941,0.0,16923.84
L,302.9,312.2,1513,37.8,92,0,9.300000000000011,57191.399999999994,0.024983476536682085,0.368,11801.159999999998
L,300.7,310.4,1234,51.7,160,0,9.699999999999989,63797.8,0.04189627228525122,0.64,16047.68
H,298.3,308.0,1637,30.8,2,0,9.699999999999989,50419.6,0.018814905314599877,0.008,9486.4
L,302.0,310.4,1448,43.4,167,0,8.399999999999977,62843.2,0.029972375690607733,0.668,13471.359999999999
L,297.5,308.6,1585,37.6,2,0,11.100000000000023,59596.0,0.023722397476340695,0.008,11603.36
L,300.8,311.7,1490,46.4,217,0,10.899999999999977,69136.0,0.031140939597315436,0.868,14462.88
L,301.9,310.4,1884,23.4,163,0,8.5,44085.6,0.012420382165605095,0.652,7263.359999999999
H,303.5,311.5,1629,33.5,73,0,8.0,54571.5,0.02056476365868631,0.292,10435.25
L,297.4,308.6,1532,38.7,136,0,11.200000000000045,59288.4,0.02526109660574413,0.544,11942.820000000002
L,298.9,310.1,1587,30.2,162,0,11.200000000000045,47927.4,0.019029615626969122,0.648,9365.02
M,298.4,308.7,1584,31.7,117,0,10.300000000000011,50212.799999999996,0.020012626262626263,0.468,9785.789999999999
L,300.0,309.2,1444,43.6,123,0,9.199999999999989,62958.4,0.030193905817174516,0.492,13481.12
H,297.9,309.2,1577,34.7,5,0,11.300000000000011,54721.9,0.02200380469245403,0.02,10729.24
L,300.4,310.1,1614,33.5,191,0,9.700000000000045,54069.0,0.020755885997521685,0.764,10388.35
H,300.6,309.4,1555,37.9,24,0,8.799999999999955,58934.5,0.02437299035369775,0.096,11726.259999999998
M,298.5,309.6,1509,47.3,2,0,11.100000000000023,71375.7,0.03134526176275679,0.008,14644.08
L,298.9,310.0,1452,48.9,185,0,11.100000000000023,71002.8,0.03367768595041322,0.74,15159.0
M,297.5,308.5,1662,30.3,26,0,11.0,50358.6,0.01823104693140794,0.104,9347.550000000001
M,301.7,311.0,1311,55.8,39,0,9.300000000000011,73153.8,0.042562929061784896,0.156,17353.8
M,300.8,311.2,1434,39.1,82,0,10.399999999999977,56069.4,0.027266387726638773,0.328,12167.92
H,300.0,309.6,1629,32.3,89,0,9.600000000000023,52616.7,0.019828115408225905,0.356,10000.08
M,300.5,311.6,1456,51.1,193,0,11.100000000000023,74401.6,0.035096153846153846,0.772,15922.760000000002
L,298.2,307.8,1388,48.6,76,0,9.600000000000023,67456.8,0.03501440922190202,0.304,14959.080000000002
L,297.5,308.6,1596,36.0,141,0,11.100000000000023,57456.0,0.022556390977443608,0.564,11109.6
L,301.1,310.8,1724,27.5,101,0,9.699999999999989,47410.0,0.015951276102088168,0.404,8547.0
M,300.4,311.8,1553,33.1,209,1,11.400000000000034,51404.3,0.021313586606567934,0.836,10320.58
H,300.6,310.5,1454,51.2,58,0,9.899999999999977,74444.8,0.035213204951856945,0.232,15897.6
L,298.3,309.9,1463,43.9,116,0,11.599999999999966,64225.7,0.030006835269993162,0.464,13604.609999999999
M,298.5,308.0,1363,49.2,149,0,9.5,67059.6,0.03609684519442407,0.596,15153.6
L,301.8,311.0,1771,27.2,162,0,9.199999999999989,48171.2,0.015358554488989271,0.648,8459.199999999999
L,301.9,311.0,1642,33.1,126,0,9.100000000000023,54350.200000000004,0.020158343483556638,0.504,10294.1
M,297.6,308.7,1475,46.6,54,0,11.099999999999966,68735.0,0.031593220338983055,0.216,14385.42
L,301.5,310.9,1318,50.6,11,0,9.399999999999977,66690.8,0.03839150227617603,0.044,15731.539999999999
L,300.4,310.8,1396,49.3,142,0,10.400000000000034,68822.8,0.035315186246418336,0.568,15322.44
L,300.4,311.2,1673,28.9,171,0,10.800000000000011,48349.7,0.01727435744172146,0.684,8993.679999999998
L,299.0,310.2,1533,43.5,159,0,11.199999999999989,66685.5,0.02837573385518591,0.636,13493.699999999999
M,298.7,309.8,1570,42.1,200,0,11.100000000000023,66097.0,0.02681528662420382,0.8,13042.580000000002
L,303.3,311.3,1592,33.7,14,0,8.0,53650.4,0.021168341708542714,0.056,10490.810000000001
L,299.7,310.8,1589,36.0,190,0,11.100000000000023,57204.0,0.022655758338577723,0.76,11188.800000000001
M,303.8,312.6,1527,41.9,159,0,8.800000000000011,63981.299999999996,0.027439423706614275,0.636,13097.94
L,297.9,307.7,1593,34.9,83,0,9.800000000000011,55595.7,0.021908349026993092,0.332,10738.73
H,299.2,308.4,1388,53.2,59,0,9.199999999999989,73841.6,0.038328530259365994,0.236,16406.88
M,302.6,310.5,1420,56.4,57,0,7.899999999999977,80088.0,0.03971830985915493,0.228,17512.2
L,302.2,311.6,1545,35.9,152,0,9.400000000000034,55465.5,0.023236245954692557,0.608,11186.44
L,300.0,309.1,1465,40.6,9,0,9.100000000000023,59479.0,0.027713310580204778,0.036,12549.460000000001
H,298.7,309.8,1582,33.4,121,0,11.100000000000023,52838.799999999996,0.021112515802781288,0.484,10347.32
M,298.8,309.8,1534,37.0,47,0,11.0,56758.0,0.024119947848761408,0.188,11462.6
M,302.2,311.0,1476,47.4,161,0,8.800000000000011,69962.4,0.03211382113821138,0.644,14741.4
L,299.1,310.3,1619,31.1,242,0,11.199999999999989,50350.9,0.019209388511426808,0.968,9650.33
M,298.0,309.0,1393,55.9,79,0,11.0,77868.7,0.040129217516152185,0.316,17273.1
L,300.9,310.9,1601,34.0,181,0,10.0,54434.0,0.021236727045596503,0.724,10570.599999999999
L,299.9,309.8,1716,28.2,117,0,9.900000000000034,48391.2,0.016433566433566433,0.468,8736.36
L,303.5,312.6,1602,34.2,108,0,9.100000000000023,54788.4,0.021348314606741574,0.432,10690.920000000002
L,298.5,308.8,1670,29.6,13,0,10.300000000000011,49432.0,0.017724550898203593,0.052,9140.480000000001
M,299.6,308.9,1685,27.8,161,0,9.299999999999955,46843.0,0.016498516320474776,0.644,8587.42
H,297.9,309.1,1435,44.7,8,0,11.200000000000045,64144.50000000001,0.031149825783972126,0.032,13816.770000000002
L,302.2,311.2,1928,23.1,2,0,9.0,44536.8,0.011981327800829876,0.008,7188.72
L,300.4,311.4,1662,29.3,129,0,11.0,48696.6,0.01762936221419976,0.516,9124.02
L,298.9,308.2,1828,23.8,26,0,9.300000000000011,43506.4,0.013019693654266959,0.104,7335.16
L,299.1,310.4,1657,31.0,129,0,11.299999999999955,51367.0,0.018708509354254676,0.516,9622.4
L,302.5,310.2,1586,32.2,64,0,7.699999999999989,51069.200000000004,0.020302648171500633,0.256,9988.44
M,300.0,309.3,2293,16.3,170,0,9.300000000000011,37375.9,0.007108591365023987,0.68,5041.59
L,297.2,308.7,1501,38.5,86,0,11.5,57788.5,0.025649566955363093,0.344,11884.949999999999
L,302.6,311.6,1638,29.6,160,0,9.0,48484.8,0.018070818070818073,0.64,9223.36
M,300.0,311.4,1791,24.1,213,0,11.399999999999977,43163.100000000006,0.013456169737576773,0.852,7504.74
M,300.4,310.8,1491,35.9,148,0,10.400000000000034,53526.9,0.024077800134138162,0.592,11157.72
L,298.5,309.6,1585,32.2,89,0,11.100000000000023,51037.00000000001,0.020315457413249215,0.356,9969.12
M,298.8,309.8,1477,46.7,59,0,11.0,68975.90000000001,0.03161814488828707,0.236,14467.660000000002
L,300.5,309.5,1795,27.7,117,0,9.0,49721.5,0.01543175487465181,0.468,8573.15
M,298.0,308.5,1585,33.0,24,0,10.5,52305.0,0.02082018927444795,0.096,10180.5
L,297.2,308.6,1774,23.0,30,0,11.400000000000034,40802.0,0.012965050732807215,0.12,7097.8
L,300.2,311.4,1425,44.2,84,0,11.199999999999989,62985.00000000001,0.031017543859649124,0.336,13763.88
L,300.8,310.7,1525,39.4,175,0,9.899999999999977,60085.0,0.02583606557377049,0.7,12241.58
L,302.6,312.1,1439,52.3,35,0,9.5,75259.7,0.036344683808200134,0.14,16322.83
M,301.7,310.6,1876,22.1,99,0,8.900000000000034,41459.600000000006,0.01178038379530917,0.396,6864.260000000001
H,300.1,309.6,1463,45.1,113,0,9.5,65981.3,0.030827067669172932,0.452,13962.960000000001
H,300.7,309.6,1390,48.5,7,0,8.900000000000034,67415.0,0.034892086330935254,0.028,15015.6
L,300.7,312.3,1898,24.0,60,0,11.600000000000023,45552.0,0.012644889357218124,0.24,7495.200000000001
H,297.8,308.4,1550,38.2,185,0,10.599999999999966,59210.00000000001,0.024645161290322584,0.74,11780.88
L,301.8,311.0,1606,33.3,4,0,9.199999999999989,53479.799999999996,0.020734744707347444,0.016,10356.3
M,300.6,310.8,1389,48.1,88,0,10.199999999999989,66810.90000000001,0.03462922966162707,0.352,14949.480000000001
M,297.0,307.9,1414,46.2,165,0,10.899999999999977,65326.8,0.032673267326732675,0.66,14224.98
M,297.5,308.7,1697,28.1,107,0,11.199999999999989,47685.700000000004,0.016558632881555686,0.428,8674.47
L,297.4,308.2,1402,49.7,41,0,10.800000000000011,69679.40000000001,0.03544935805991441,0.164,15317.54
L,300.7,310.5,1960,21.0,194,0,9.800000000000011,41160.0,0.010714285714285714,0.776,6520.5
M,303.0,311.2,1614,35.7,207,0,8.199999999999989,57619.8,0.022118959107806695,0.828,11109.84
M,301.4,310.5,1495,52.5,201,0,9.100000000000023,78487.5,0.03511705685618729,0.804,16301.25
L,300.1,311.4,1484,43.1,13,0,11.299999999999955,63960.4,0.02904312668463612,0.052,13421.34
L,302.5,310.3,1446,44.0,146,0,7.800000000000011,63624.0,0.030428769017980636,0.584,13653.2
M,297.3,309.0,1556,39.5,168,0,11.699999999999989,61462.0,0.02538560411311054,0.672,12205.5
M,299.7,308.9,1551,35.4,82,0,9.199999999999989,54905.399999999994,0.022823984526112184,0.328,10935.06
L,301.3,310.6,1560,36.8,113,0,9.300000000000011,57407.99999999999,0.023589743589743587,0.452,11430.08
M,301.9,309.6,1439,41.7,201,0,7.7000000000000455,60006.3,0.028978457261987493,0.804,12910.320000000002
M,302.3,311.3,1625,33.1,137,0,9.0,53787.5,0.02036923076923077,0.548,10304.03
H,302.7,310.4,1305,55.2,20,1,7.699999999999989,72036.0,0.042298850574712644,0.08,17134.079999999998
M,300.8,312.4,1811,25.1,136,0,11.599999999999966,45456.100000000006,0.013859745996686913,0.544,7841.24
M,298.3,309.1,1404,47.0,15,0,10.800000000000011,65988.0,0.03347578347578348,0.06,14527.7
M,297.7,308.8,1350,57.0,105,0,11.100000000000023,76950.0,0.042222222222222223,0.42,17601.600000000002
L,300.3,311.8,1413,46.0,182,0,11.5,64998.0,0.03255484784147204,0.728,14342.800000000001
M,303.3,312.4,1505,38.9,68,0,9.099999999999966,58544.5,0.02584717607973422,0.272,12152.359999999999
L,298.1,307.9,1698,33.3,40,0,9.799999999999955,56543.399999999994,0.0196113074204947,0.16,10253.069999999998
L,298.0,309.0,1679,32.4,90,0,11.0,54399.6,0.019297200714711138,0.36,10011.6
H,300.6,311.7,1427,44.6,87,0,11.099999999999966,63644.200000000004,0.031254379817799584,0.348,13901.82
M,302.4,310.5,1500,36.7,164,0,8.100000000000023,55050.00000000001,0.024466666666666668,0.656,11395.35
L,298.2,308.1,1306,58.3,35,0,9.900000000000034,76139.8,0.04464012251148545,0.14,17962.23
M,299.6,311.1,1649,33.8,133,0,11.5,55736.2,0.0204972710733778,0.532,10515.18
L,297.4,309.2,1428,38.8,26,0,11.800000000000011,55406.399999999994,0.027170868347338933,0.104,11996.96
M,302.3,311.1,1338,53.3,63,0,8.800000000000011,71315.4,0.0398355754857997,0.252,16581.63
L,303.8,313.1,1869,25.8,211,0,9.300000000000011,48220.200000000004,0.013804173354735152,0.844,8077.9800000000005
M,303.9,313.3,1567,35.0,168,0,9.400000000000034,54845.0,0.022335673261008295,0.672,10965.5
L,300.8,310.7,1461,42.8,173,0,9.899999999999977,62530.799999999996,0.029295003422313483,0.692,13297.96
L,298.8,309.9,1629,31.9,49,0,11.099999999999966,51965.1,0.01958256599140577,0.196,9885.81
L,300.0,309.5,1506,38.8,87,0,9.5,58432.799999999996,0.02576361221779548,0.348,12008.599999999999
L,300.1,311.4,1604,35.0,191,0,11.299999999999955,56140.0,0.021820448877805487,0.764,10899.0
L,301.3,310.6,1451,47.5,42,0,9.300000000000011,68922.5,0.03273604410751206,0.168,14753.500000000002
M,301.8,310.1,2372,13.9,205,1,8.300000000000011,32970.8,0.005860033726812816,0.82,4310.39
L,299.0,308.6,1946,22.3,102,0,9.600000000000023,43395.8,0.011459403905447071,0.408,6881.780000000001
H,298.9,310.1,1366,62.7,161,0,11.200000000000045,85648.2,0.045900439238653,0.644,19443.270000000004
L,298.0,309.1,1473,44.3,124,0,11.100000000000023,65253.899999999994,0.030074677528852678,0.496,13693.130000000001
L,300.4,310.6,1384,48.7,24,0,10.200000000000045,67400.8,0.0351878612716763,0.096,15126.220000000001
M,301.3,311.0,1495,40.8,148,0,9.699999999999989,60995.99999999999,0.02729096989966555,0.592,12688.8
M,297.6,309.3,1464,46.2,218,0,11.699999999999989,67636.8,0.03155737704918033,0.872,14289.660000000002
H,303.6,312.4,1436,45.6,9,0,8.799999999999955,65481.6,0.03175487465181059,0.036,14245.439999999999
L,301.4,310.8,1543,36.9,97,0,9.400000000000034,56936.7,0.02391445236552171,0.388,11468.52
H,300.1,311.6,1674,29.6,85,0,11.5,49550.4,0.017682198327359618,0.34,9223.36
L,302.8,312.4,1523,39.7,239,0,9.599999999999966,60463.100000000006,0.02606697307944846,0.956,12402.28
M,301.6,310.8,1664,32.0,58,0,9.199999999999989,53248.0,0.019230769230769232,0.232,9945.6
L,298.9,310.1,1510,38.0,52,0,11.200000000000045,57380.0,0.025165562913907286,0.208,11783.800000000001
L,298.2,309.0,1341,43.8,171,0,10.800000000000011,58735.799999999996,0.032662192393736016,0.684,13534.199999999999
L,297.9,308.9,1393,40.6,45,0,11.0,56555.8,0.02914572864321608,0.18,12541.34
L,298.5,309.3,1570,40.1,131,0,10.800000000000011,62957.0,0.02554140127388535,0.524,12402.93
M,301.5,310.5,1412,44.1,184,0,9.0,62269.200000000004,0.03123229461756374,0.736,13693.050000000001
L,298.6,309.8,1505,45.7,144,0,11.199999999999989,68778.5,0.03036544850498339,0.576,14157.86
M,298.4,309.5,1344,45.3,122,0,11.100000000000023,60883.2,0.03370535714285714,0.488,14020.349999999999
L,297.4,308.1,1348,57.4,66,0,10.700000000000045,77375.2,0.04258160237388724,0.264,17684.940000000002
M,298.6,309.8,1430,43.1,80,0,11.199999999999989,61633.0,0.030139860139860142,0.32,13352.380000000001
M,302.5,312.1,1454,47.6,37,0,9.600000000000023,69210.40000000001,0.03273727647867951,0.148,14855.960000000001
L,300.4,311.3,1639,34.6,24,0,10.900000000000034,56709.4,0.021110433190970106,0.096,10770.980000000001
L,298.3,307.9,1502,42.0,103,0,9.599999999999966,63084.0,0.02796271637816245,0.412,12931.8
L,303.3,311.3,1389,53.9,39,0,8.0,74867.09999999999,0.038804895608351334,0.156,16779.07
L,299.6,309.2,1713,26.5,167,0,9.599999999999966,45394.5,0.015469935785172213,0.668,8193.8
L,299.7,309.4,1445,42.9,55,0,9.699999999999989,61990.5,0.029688581314878892,0.22,13273.259999999998
L,297.0,307.7,1502,39.4,126,0,10.699999999999989,59178.799999999996,0.026231691078561915,0.504,12123.38
L,298.8,308.5,1490,35.0,29,0,9.699999999999989,52150.0,0.02348993288590604,0.116,10797.5
M,302.7,312.1,1564,32.1,188,0,9.400000000000034,50204.4,0.020524296675191817,0.752,10018.410000000002
M,299.0,310.0,1486,34.6,91,0,11.0,51415.6,0.023283983849259757,0.364,10726.0
L,301.5,310.5,1556,39.1,48,0,9.0,60839.600000000006,0.02512853470437018,0.192,12140.550000000001
M,299.1,308.6,1491,38.5,166,0,9.5,57403.5,0.025821596244131457,0.664,11881.1
H,300.7,312.1,1490,43.1,159,0,11.400000000000034,64219.0,0.028926174496644298,0.636,13451.510000000002
L,297.0,307.9,1436,47.7,191,0,10.899999999999977,68497.2,0.033217270194986076,0.764,14686.83
L,298.8,309.3,1357,47.1,176,0,10.5,63914.700000000004,0.03470891672807664,0.704,14568.03
L,297.5,308.2,1327,56.5,189,0,10.699999999999989,74975.5,0.042577241899020346,0.756,17413.3
M,298.7,309.0,1843,25.8,130,0,10.300000000000011,47549.4,0.01399891481280521,0.52,7972.2
M,302.3,310.9,1710,30.4,218,1,8.599999999999966,51984.0,0.017777777777777778,0.872,9451.359999999999
L,302.7,312.4,1433,44.2,17,0,9.699999999999989,63338.600000000006,0.030844382414515006,0.068,13808.08
L,300.8,312.4,1825,23.8,127,0,11.599999999999966,43435.0,0.01304109589041096,0.508,7435.12
M,301.9,311.1,1380,51.6,184,0,9.200000000000045,71208.0,0.03739130434782609,0.736,16052.760000000002
L,300.4,309.7,1740,31.1,113,0,9.300000000000011,54114.0,0.017873563218390804,0.452,9631.67
L,298.3,308.0,1361,56.9,81,0,9.699999999999989,77440.9,0.04180749448934607,0.324,17525.2
L,300.7,310.6,1654,34.2,89,0,9.900000000000034,56566.8,0.02067714631197098,0.356,10622.520000000002
H,299.3,309.0,1425,40.6,123,0,9.699999999999989,57855.0,0.02849122807017544,0.492,12545.4
M,303.5,312.3,1593,35.2,29,0,8.800000000000011,56073.600000000006,0.022096672944130574,0.116,10992.960000000001
L,300.5,309.5,1542,38.5,108,0,9.0,59367.0,0.02496757457846952,0.432,11915.75
M,297.9,307.7,1364,46.8,89,0,9.800000000000011,63835.2,0.0343108504398827,0.356,14400.359999999999
M,296.9,307.8,1828,24.6,91,0,10.900000000000034,44968.8,0.013457330415754924,0.364,7571.880000000001
M,299.8,311.2,1706,29.2,148,0,11.399999999999977,49815.2,0.01711606096131301,0.592,9087.039999999999
L,297.5,309.2,1426,44.8,24,0,11.699999999999989,63884.799999999996,0.031416549789621315,0.096,13852.159999999998
L,298.3,308.0,1242,62.0,98,0,9.699999999999989,77004.0,0.0499194847020934,0.392,19096.0
L,297.8,307.6,1446,51.4,105,0,9.800000000000011,74324.4,0.035546334716459196,0.42,15810.640000000001
M,299.6,310.9,1630,29.8,206,0,11.299999999999955,48574.0,0.018282208588957054,0.824,9264.82
H,303.7,311.9,1332,52.7,66,1,8.199999999999989,70196.40000000001,0.039564564564564565,0.264,16437.13
L,300.4,309.5,1711,29.2,215,0,9.100000000000023,49961.2,0.01706604324956166,0.86,9037.4
M,302.2,310.6,1570,34.6,163,0,8.400000000000034,54322.0,0.022038216560509555,0.652,10746.760000000002
L,300.7,311.1,2437,13.8,163,0,10.400000000000034,33630.6,0.005662700041034059,0.652,4293.18
L,297.4,308.2,1419,50.0,52,0,10.800000000000011,70950.0,0.035236081747709654,0.208,15410.0
M,300.8,311.1,1583,32.1,116,0,10.300000000000011,50814.3,0.020277953253316487,0.464,9986.310000000001
M,300.3,311.8,1607,33.7,199,0,11.5,54155.9,0.020970752955818298,0.796,10507.660000000002
L,298.2,308.7,1407,45.1,49,0,10.5,63455.700000000004,0.03205401563610519,0.196,13922.37
L,304.0,313.0,1407,42.1,5,0,9.0,59234.700000000004,0.02992181947405828,0.02,13177.300000000001
H,299.2,310.5,1329,48.9,30,0,11.300000000000011,64988.1,0.036794582392776526,0.12,15183.449999999999
L,301.6,310.7,1429,43.6,176,0,9.099999999999966,62304.4,0.03051084674597621,0.704,13546.52
L,303.8,312.5,1523,47.0,152,0,8.699999999999989,71581.0,0.030860144451739988,0.608,14687.5
L,300.8,311.3,1462,41.4,75,0,10.5,60526.799999999996,0.02831737346101231,0.3,12887.82
L,303.3,312.2,1457,40.7,48,0,8.899999999999977,59299.9,0.027934111187371314,0.192,12706.54
L,297.6,308.5,1574,37.1,121,0,10.899999999999977,58395.4,0.023570520965692503,0.484,11445.35
L,302.4,311.1,1565,42.8,163,0,8.700000000000045,66982.0,0.027348242811501597,0.652,13315.08
L,298.3,308.5,1539,36.1,168,0,10.199999999999989,55557.9,0.02345679012345679,0.672,11136.85
L,297.7,309.1,1563,39.3,56,0,11.400000000000034,61425.899999999994,0.025143953934740882,0.224,12147.63
L,302.0,310.6,1361,46.7,182,0,8.600000000000023,63558.700000000004,0.034313005143277,0.728,14505.020000000002
L,298.5,309.6,1462,45.1,115,0,11.100000000000023,65936.2,0.03084815321477428,0.46,13962.960000000001
L,301.0,312.3,1445,36.4,105,0,11.300000000000011,52598.0,0.02519031141868512,0.42,11367.72
M,296.9,307.4,1521,37.9,27,0,10.5,57645.9,0.024917817225509533,0.108,11650.46
M,297.6,308.8,1683,31.6,79,0,11.199999999999989,53182.8,0.018775995246583483,0.316,9758.08
L,298.9,310.1,1442,48.0,181,0,11.200000000000045,69216.0,0.033287101248266296,0.724,14884.800000000001
L,298.6,309.8,1496,37.7,134,0,11.199999999999989,56399.200000000004,0.02520053475935829,0.536,11679.460000000001
M,301.4,311.2,1434,47.6,52,0,9.800000000000011,68258.40000000001,0.033193863319386334,0.208,14813.12
M,302.5,311.9,1414,51.6,205,0,9.399999999999977,72962.40000000001,0.036492220650636495,0.82,16094.039999999999
L,301.5,310.4,1543,34.0,55,0,8.899999999999977,52462.0,0.0220349967595593,0.22,10553.599999999999
M,303.8,312.5,2344,15.2,146,0,8.699999999999989,35628.799999999996,0.006484641638225256,0.584,4750.0
H,300.4,310.1,1484,38.0,198,0,9.700000000000045,56392.0,0.025606469002695417,0.792,11783.800000000001
L,302.8,312.5,1694,28.4,66,0,9.699999999999989,48109.6,0.01676505312868949,0.264,8875.0
L,301.9,311.3,1366,55.6,57,0,9.400000000000034,75949.6,0.040702781844802347,0.228,17308.280000000002
M,303.6,311.8,1659,34.7,94,0,8.199999999999989,57567.3,0.020916214587100666,0.376,10819.460000000001
L,300.6,309.6,1682,30.7,78,0,9.0,51637.4,0.018252080856123662,0.312,9504.720000000001
M,298.9,309.3,1632,32.5,55,0,10.400000000000034,53040.0,0.01991421568627451,0.22,10052.25
L,302.4,312.0,1545,36.4,12,0,9.600000000000023,56238.0,0.023559870550161812,0.048,11356.8
L,297.6,308.9,1449,47.7,209,0,11.299999999999955,69117.3,0.0329192546583851,0.836,14734.53
H,296.3,307.2,1424,42.0,196,0,10.899999999999977,59808.0,0.02949438202247191,0.784,12902.4
L,299.4,309.0,1404,47.3,86,0,9.600000000000023,66409.2,0.03368945868945869,0.344,14615.699999999999
L,302.2,311.5,1616,34.0,19,0,9.300000000000011,54944.0,0.02103960396039604,0.076,10591.0
M,303.3,311.3,1566,46.1,41,0,8.0,72192.6,0.02943805874840358,0.164,14350.93
H,297.8,309.0,1410,48.8,23,0,11.199999999999989,68808.0,0.03460992907801418,0.092,15079.199999999999
L,300.1,310.5,1394,44.3,121,0,10.399999999999977,61754.2,0.03177905308464849,0.484,13755.15
L,296.9,307.8,1571,35.0,102,0,10.900000000000034,54985.0,0.022278803309993635,0.408,10773.0
M,299.6,309.1,1366,55.2,95,0,9.5,75403.2,0.0404099560761347,0.38,17062.320000000003
L,300.3,311.7,1333,55.2,18,0,11.399999999999977,73581.6,0.041410352588147036,0.072,17205.84
L,299.8,309.4,1467,46.2,219,0,9.599999999999966,67775.40000000001,0.031492842535787324,0.876,14294.28
L,299.3,308.8,1603,33.9,203,0,9.5,54341.7,0.02114784778540237,0.812,10468.32
L,302.4,311.8,1465,40.2,143,0,9.400000000000034,58893.00000000001,0.027440273037542665,0.572,12534.36
L,300.3,311.7,1545,43.5,160,0,11.399999999999977,67207.5,0.02815533980582524,0.64,13558.949999999999
M,297.1,307.9,1980,20.3,159,0,10.799999999999955,40194.0,0.010252525252525253,0.636,6250.37
M,300.1,310.1,1402,46.6,10,0,10.0,65333.200000000004,0.03323823109843081,0.04,14450.660000000002
L,296.5,307.4,1523,40.7,85,0,10.899999999999977,61986.100000000006,0.026723571897570585,0.34,12511.18
L,297.7,308.8,1616,34.2,114,0,11.100000000000023,55267.200000000004,0.021163366336633665,0.456,10560.960000000001
L,299.6,308.9,1422,53.2,120,0,9.299999999999955,75650.40000000001,0.03741209563994374,0.48,16433.48
L,298.4,309.3,1549,40.8,139,0,10.900000000000034,63199.2,0.026339573918657197,0.556,12619.439999999999
M,302.2,311.2,1561,34.9,106,0,9.0,54478.899999999994,0.02235746316463805,0.424,10860.88
L,295.5,306.1,1650,32.8,67,0,10.600000000000023,54119.99999999999,0.019878787878787878,0.268,10040.08
M,298.9,309.9,1357,54.5,121,0,11.0,73956.5,0.04016212232866617,0.484,16889.55
H,301.2,309.9,1362,50.7,25,0,8.699999999999989,69053.40000000001,0.03722466960352423,0.1,15711.93
L,297.5,308.8,1603,36.7,184,0,11.300000000000011,58830.100000000006,0.022894572676232065,0.736,11332.960000000001
M,302.7,312.2,1585,35.5,167,0,9.5,56267.5,0.022397476340694007,0.668,11083.1
L,299.5,310.8,1374,48.3,154,0,11.300000000000011,66364.2,0.03515283842794759,0.616,15011.64
L,298.3,308.4,1329,49.2,166,0,10.099999999999966,65386.8,0.03702031602708804,0.664,15173.28
L,298.8,309.9,1550,38.8,53,0,11.099999999999966,60139.99999999999,0.025032258064516127,0.212,12024.119999999999
M,299.6,310.8,1603,35.4,202,0,11.199999999999989,56746.2,0.022083593262632564,0.808,11002.32
L,301.6,310.9,1492,45.2,155,0,9.299999999999955,67438.40000000001,0.03029490616621984,0.62,14052.68
L,302.6,310.3,1642,33.2,82,0,7.699999999999989,54514.4,0.020219244823386117,0.328,10301.960000000001
M,298.5,309.5,1535,39.8,87,0,11.0,61092.99999999999,0.02592833876221498,0.348,12318.099999999999
L,300.0,309.9,1608,33.4,76,0,9.899999999999977,53707.2,0.020771144278606966,0.304,10350.659999999998
L,303.5,312.4,1574,32.7,175,0,8.899999999999977,51469.8,0.02077509529860229,0.7,10215.48
L,301.2,311.4,1757,28.0,6,0,10.199999999999989,49196.0,0.01593625498007968,0.024,8719.199999999999
L,302.3,310.8,1377,47.3,22,1,8.5,65132.1,0.03435003631082062,0.088,14700.84
L,299.3,310.2,1495,49.2,16,0,10.899999999999977,73554.0,0.03290969899665552,0.064,15261.84
L,297.9,307.7,1353,50.7,13,0,9.800000000000011,68597.1,0.03747228381374723,0.052,15600.39
L,300.0,311.2,1418,47.3,60,0,11.199999999999989,67071.4,0.03335684062059238,0.24,14719.759999999998
H,300.5,309.5,1635,34.2,62,0,9.0,55917.00000000001,0.02091743119266055,0.248,10584.900000000001
M,303.4,312.6,2706,9.8,65,1,9.200000000000045,26518.800000000003,0.0036215816703621586,0.26,3063.4800000000005
L,302.1,310.7,1465,40.7,13,0,8.599999999999966,59625.50000000001,0.02778156996587031,0.052,12645.49
L,302.1,311.5,1727,27.7,50,0,9.399999999999977,47837.9,0.01603937463810075,0.2,8628.55
L,303.6,312.0,1309,52.9,86,1,8.399999999999977,69246.09999999999,0.040412528647822764,0.344,16504.8
L,301.1,310.1,1417,46.9,35,0,9.0,66457.3,0.033098094565984476,0.14,14543.69
M,302.3,310.9,1581,36.1,109,0,8.599999999999966,57074.100000000006,0.022833649588867806,0.436,11223.49
M,303.1,311.0,1510,47.6,16,0,7.899999999999977,71876.0,0.03152317880794702,0.064,14803.6
M,302.4,311.0,1464,44.2,106,0,8.600000000000023,64708.8,0.030191256830601094,0.424,13746.2
M,297.7,308.1,1469,48.8,183,0,10.400000000000034,71687.2,0.033219877467665075,0.732,15035.28
M,299.8,309.6,1331,50.2,98,0,9.800000000000011,66816.2,0.03771600300525921,0.392,15541.920000000002
L,295.6,306.2,1426,48.6,124,0,10.599999999999966,69303.6,0.03408134642356241,0.496,14881.32
L,297.3,308.3,1333,55.2,11,0,11.0,73581.6,0.041410352588147036,0.044,17018.16
M,302.6,310.4,1532,36.1,77,0,7.7999999999999545,55305.200000000004,0.023563968668407313,0.308,11205.44
L,300.6,312.0,1670,29.4,134,0,11.399999999999977,49098.0,0.017604790419161676,0.536,9172.8
L,302.5,311.4,1674,27.0,223,0,8.899999999999977,45198.0,0.016129032258064516,0.892,8407.8
M,303.8,313.2,1732,29.6,147,0,9.399999999999977,51267.200000000004,0.017090069284064667,0.588,9270.72
L,300.1,309.1,1478,46.9,116,0,9.0,69318.2,0.03173207036535859,0.464,14496.79
L,298.4,309.3,1716,28.4,66,0,10.900000000000034,48734.399999999994,0.01655011655011655,0.264,8784.119999999999
L,303.2,311.2,1439,43.9,30,0,8.0,63172.1,0.030507296733842944,0.12,13661.679999999998
L,298.9,309.8,1287,61.9,216,1,10.900000000000034,79665.3,0.04809634809634809,0.864,19176.62
L,298.1,307.8,1432,49.8,198,0,9.699999999999989,71313.59999999999,0.03477653631284916,0.792,15328.44
M,298.5,309.7,1552,34.0,205,0,11.199999999999989,52768.0,0.02190721649484536,0.82,10529.8
M,298.1,307.9,1463,47.3,206,0,9.799999999999955,69199.9,0.03233082706766917,0.824,14563.669999999998
L,302.3,311.7,1793,25.3,200,0,9.399999999999977,45362.9,0.01411042944785276,0.8,7886.01
L,298.0,307.8,1716,26.6,9,0,9.800000000000011,45645.600000000006,0.015501165501165502,0.036,8187.4800000000005
L,298.9,310.0,1515,42.9,170,0,11.100000000000023,64993.5,0.028316831683168314,0.68,13299.0
L,296.5,307.3,1579,34.5,166,0,10.800000000000011,54475.5,0.021849271690943636,0.664,10601.85
L,303.2,312.6,1281,57.0,144,0,9.400000000000034,73017.0,0.04449648711943794,0.576,17818.2
L,298.4,309.5,1376,50.4,202,0,11.100000000000023,69350.4,0.03662790697674419,0.808,15598.8
L,302.0,310.5,1370,44.4,85,1,8.5,60828.0,0.03240875912408759,0.34,13786.199999999999
L,302.2,311.5,1481,40.4,93,0,9.300000000000011,59832.4,0.027278865631330182,0.372,12584.6
L,299.6,310.7,1393,52.1,110,0,11.099999999999966,72575.3,0.03740129217516152,0.44,16187.47
M,298.9,308.6,1469,34.2,93,0,9.700000000000045,50239.8,0.02328114363512594,0.372,10554.12
L,300.5,309.9,1443,48.3,122,0,9.399999999999977,69696.9,0.03347193347193347,0.488,14968.169999999998
L,300.9,310.4,1454,43.1,43,0,9.5,62667.4,0.029642365887207704,0.172,13378.24
L,299.1,308.5,1676,31.0,69,0,9.399999999999977,51956.0,0.018496420047732696,0.276,9563.5
M,300.4,311.7,1511,33.0,200,0,11.300000000000011,49863.0,0.02183984116479153,0.8,10286.1
L,301.0,312.1,1405,46.1,79,0,11.100000000000023,64770.5,0.03281138790035587,0.316,14387.810000000001
L,298.9,308.2,1510,43.5,46,0,9.300000000000011,65685.0,0.02880794701986755,0.184,13406.699999999999
M,297.6,308.4,1398,48.9,63,0,10.799999999999955,68362.2,0.034978540772532186,0.252,15080.759999999998
L,301.2,311.0,1612,32.9,129,0,9.800000000000011,53034.799999999996,0.02040942928039702,0.516,10231.9
M,300.6,309.7,1934,22.8,15,0,9.099999999999966,44095.200000000004,0.011789038262668045,0.06,7061.16
L,299.3,310.7,1495,39.2,144,0,11.399999999999977,58604.00000000001,0.02622073578595318,0.576,12179.44
L,300.9,310.7,1523,35.8,205,0,9.800000000000011,54523.399999999994,0.023506237688772157,0.82,11123.06
L,302.2,311.9,1596,38.0,156,0,9.699999999999989,60648.0,0.023809523809523808,0.624,11852.199999999999
L,299.3,310.5,1529,41.3,17,0,11.199999999999989,63147.7,0.02701111837802485,0.068,12823.65
L,300.0,311.4,1655,29.6,30,0,11.399999999999977,48988.0,0.017885196374622356,0.12,9217.44
M,302.3,311.4,1479,45.6,59,0,9.099999999999966,67442.40000000001,0.030831643002028397,0.236,14199.84
L,298.8,309.1,1368,50.8,115,0,10.300000000000011,69494.4,0.0371345029239766,0.46,15702.28
L,298.8,309.9,1351,47.2,73,0,11.099999999999966,63767.200000000004,0.03493708364174686,0.292,14627.28
L,300.1,310.0,1511,41.7,186,0,9.899999999999977,63008.700000000004,0.027597617471872934,0.744,12927.0
L,297.0,307.9,1529,42.2,157,0,10.899999999999977,64523.8,0.0275997383911053,0.628,12993.38
H,297.7,307.3,1249,62.8,47,0,9.600000000000023,78437.2,0.050280224179343476,0.188,19298.44
L,297.3,308.1,1615,35.4,217,1,10.800000000000011,57171.0,0.021919504643962848,0.868,10906.74
L,303.5,312.9,1332,52.9,66,0,9.399999999999977,70462.8,0.039714714714714716,0.264,16552.41
M,300.2,309.8,1466,45.7,41,0,9.600000000000023,66996.2,0.031173260572987724,0.164,14157.86
L,297.4,308.6,1680,32.8,200,0,11.200000000000045,55103.99999999999,0.019523809523809523,0.8,10122.08
M,298.2,307.8,1566,33.8,100,0,9.600000000000023,52930.799999999996,0.021583652618135375,0.4,10403.64
M,302.4,310.1,1577,35.8,136,0,7.7000000000000455,56456.6,0.022701331642358907,0.544,11101.58
M,299.3,308.8,1442,49.0,165,0,9.5,70658.0,0.03398058252427184,0.66,15131.2
L,304.2,313.3,1464,45.9,48,0,9.100000000000023,67197.59999999999,0.03135245901639344,0.192,14380.47
L,300.5,311.9,1511,41.8,205,0,11.399999999999977,63159.799999999996,0.027663798808735936,0.82,13037.419999999998
L,298.5,308.4,1513,33.6,172,0,9.899999999999977,50836.8,0.022207534699272967,0.688,10362.24
M,299.2,308.3,1364,51.8,104,0,9.100000000000023,70655.2,0.03797653958944281,0.416,15969.94
L,300.6,309.4,1549,43.4,233,0,8.799999999999955,67226.59999999999,0.02801807617817947,0.932,13427.96
L,301.1,310.1,1666,27.2,40,0,9.0,45315.2,0.016326530612244896,0.16,8434.720000000001
L,300.5,310.8,1354,51.8,157,0,10.300000000000011,70137.2,0.038257016248153614,0.628,16099.44
M,301.9,310.6,1475,47.8,179,0,8.700000000000045,70505.0,0.032406779661016946,0.716,14846.68
L,299.7,310.2,1633,36.5,24,0,10.5,59604.5,0.022351500306184935,0.096,11322.3
M,297.6,308.8,1357,49.7,104,0,11.199999999999989,67442.90000000001,0.03662490788504053,0.416,15347.36
H,299.7,310.8,1418,46.6,197,0,11.100000000000023,66078.8,0.03286318758815233,0.788,14483.28
L,298.8,308.6,1268,55.8,155,0,9.800000000000011,70754.4,0.044006309148264984,0.62,17219.88
M,303.4,311.5,1483,43.0,117,0,8.100000000000023,63769.0,0.02899527983816588,0.468,13394.5
L,303.1,311.1,1420,55.8,113,0,8.0,79236.0,0.03929577464788732,0.452,17359.38
H,295.7,306.2,1458,49.8,151,0,10.5,72608.4,0.034156378600823045,0.604,15248.759999999998
H,302.5,311.8,2370,14.7,198,0,9.300000000000011,34839.0,0.00620253164556962,0.792,4583.46
L,298.3,309.4,1570,35.6,138,0,11.099999999999966,55892.0,0.02267515923566879,0.552,11014.64
M,295.5,306.0,1423,45.3,205,0,10.5,64461.899999999994,0.031834153197470134,0.82,13861.8
L,298.8,308.6,1599,33.0,101,0,9.800000000000011,52767.0,0.020637898686679174,0.404,10183.800000000001
L,300.7,311.9,1476,42.0,196,0,11.199999999999989,61992.0,0.028455284552845527,0.784,13099.8
L,299.1,308.3,1426,40.1,60,0,9.199999999999989,57182.6,0.02812061711079944,0.24,12362.830000000002
M,302.2,311.2,1663,29.6,115,0,9.0,49224.8,0.017799158147925438,0.46,9211.52
M,300.7,312.4,1371,61.7,102,0,11.699999999999989,84590.7,0.0450036469730124,0.408,19275.079999999998
L,298.5,309.6,1419,41.5,105,0,11.100000000000023,58888.5,0.029245947850599013,0.42,12848.400000000001
M,300.6,310.7,1566,38.2,187,0,10.099999999999966,59821.200000000004,0.0243933588761175,0.748,11868.74
L,298.6,309.8,2271,16.2,218,1,11.199999999999989,36790.2,0.0071334214002642,0.872,5018.76
M,303.8,312.5,1448,44.3,195,0,8.699999999999989,64146.399999999994,0.0305939226519337,0.78,13843.75
M,301.4,310.6,1630,30.3,2,0,9.200000000000045,49389.0,0.018588957055214725,0.008,9411.18
H,302.1,310.1,1615,29.9,176,0,8.0,48288.5,0.01851393188854489,0.704,9271.99
L,300.3,309.9,1621,34.1,36,0,9.599999999999966,55276.100000000006,0.021036397285626156,0.144,10567.59
L,300.7,309.5,1251,59.9,120,0,8.800000000000011,74934.9,0.04788169464428457,0.48,18539.05
L,298.9,310.1,1466,43.4,50,0,11.200000000000045,63624.4,0.0296043656207367,0.2,13458.34
M,300.7,310.7,1347,46.5,183,0,10.0,62635.5,0.034521158129175944,0.732,14447.55
L,302.7,312.1,1688,32.0,155,0,9.400000000000034,54016.0,0.018957345971563982,0.62,9987.2
L,297.3,308.5,1514,44.5,177,0,11.199999999999989,67373.0,0.029392338177014532,0.708,13728.25
L,297.8,308.4,1622,38.3,134,0,10.599999999999966,62122.6,0.023612823674475952,0.536,11811.719999999998
L,297.8,308.8,1579,32.9,70,0,11.0,51949.1,0.02083597213426219,0.28,10159.52
L,300.7,310.1,1565,40.2,81,0,9.400000000000034,62913.00000000001,0.025686900958466454,0.324,12466.020000000002
H,299.5,309.4,1386,44.4,154,0,9.899999999999977,61538.4,0.032034632034632034,0.616,13737.359999999999
M,303.7,312.7,1612,36.3,200,0,9.0,58515.6,0.022518610421836227,0.8,11351.009999999998
L,300.1,311.3,1547,40.0,201,0,11.199999999999989,61880.0,0.025856496444731737,0.804,12452.0
M,301.6,310.7,1457,47.8,7,0,9.099999999999966,69644.59999999999,0.032807137954701436,0.028,14851.46
M,302.1,310.0,1531,38.0,161,0,7.899999999999977,58178.0,0.024820378837361202,0.644,11780.0
L,298.5,308.6,1522,36.9,53,0,10.100000000000023,56161.799999999996,0.024244415243101183,0.212,11387.34
L,298.7,309.9,1464,38.0,74,0,11.199999999999989,55632.0,0.025956284153005466,0.296,11776.199999999999
M,300.5,309.7,1685,29.4,140,0,9.199999999999989,49539.0,0.01744807121661721,0.56,9105.179999999998
M,303.7,312.8,1634,33.8,63,0,9.100000000000023,55229.2,0.020685434516523864,0.252,10572.64
H,301.3,310.8,1434,39.5,18,0,9.5,56643.0,0.027545327754532774,0.072,12276.6
L,298.7,309.1,1607,32.7,2,0,10.400000000000034,52548.9,0.02034847542003734,0.008,10107.570000000002
H,303.4,311.8,1693,28.3,175,0,8.400000000000034,47911.9,0.016715888954518608,0.7,8823.94
M,299.2,308.5,1474,47.2,132,0,9.300000000000011,69572.8,0.032021709633649934,0.528,14561.2
L,300.3,309.9,1527,41.4,2,0,9.599999999999966,63217.799999999996,0.02711198428290766,0.008,12829.859999999999
L,300.0,311.4,1634,31.9,0,0,11.399999999999977,52124.6,0.01952264381884945,0.0,9933.659999999998
M,298.5,309.3,1615,31.8,23,0,10.800000000000011,51357.0,0.019690402476780187,0.092,9835.74
M,299.0,308.9,1526,41.1,20,0,9.899999999999977,62718.6,0.026933158584534732,0.08,12695.789999999999
M,296.9,308.0,1497,44.8,57,0,11.100000000000023,67065.59999999999,0.029926519706078823,0.228,13798.4
M,301.9,310.9,1317,51.9,40,0,9.0,68352.3,0.03940774487471526,0.16,16135.71
L,299.8,309.0,1567,36.1,95,0,9.199999999999989,56568.700000000004,0.02303765156349713,0.38,11154.9
L,302.8,310.9,1312,52.2,40,1,8.099999999999966,68486.40000000001,0.03978658536585366,0.16,16228.98
L,300.6,312.0,1406,55.1,136,0,11.399999999999977,77470.6,0.03918918918918919,0.544,17191.2
L,299.0,309.4,1693,30.1,84,0,10.399999999999977,50959.3,0.0177790903721205,0.336,9312.94
L,301.3,310.6,1376,47.6,45,0,9.300000000000011,65497.6,0.034593023255813954,0.18,14784.560000000001
L,301.3,310.4,1501,41.6,192,0,9.099999999999966,62441.6,0.02771485676215856,0.768,12912.64
L,297.5,309.1,1515,35.1,213,0,11.600000000000023,53176.5,0.023168316831683168,0.852,10849.410000000002
M,301.6,310.8,1548,34.2,143,0,9.199999999999989,52941.600000000006,0.022093023255813957,0.572,10629.36
L,301.3,310.3,1560,36.3,129,0,9.0,56627.99999999999,0.023269230769230768,0.516,11263.89
M,297.0,308.1,1507,43.1,51,0,11.100000000000023,64951.700000000004,0.028599867285998674,0.204,13279.11
L,302.4,310.4,1456,47.6,127,0,8.0,69305.6,0.032692307692307694,0.508,14775.039999999999
L,297.0,307.8,1316,61.2,200,1,10.800000000000011,80539.2,0.04650455927051672,0.8,18837.36
L,300.1,311.5,1549,34.7,189,0,11.399999999999977,53750.3,0.022401549386701098,0.756,10809.050000000001
L,297.1,308.0,1348,58.0,162,0,10.899999999999977,78184.0,0.04302670623145401,0.648,17864.0
H,297.6,308.3,1400,44.3,43,0,10.699999999999989,62019.99999999999,0.03164285714285714,0.172,13657.69
L,300.7,311.2,1486,46.8,56,0,10.5,69544.8,0.03149394347240915,0.224,14564.159999999998
L,298.1,308.7,1671,28.8,41,0,10.599999999999966,48124.8,0.01723518850987433,0.164,8890.56
L,302.2,311.4,1430,43.1,29,0,9.199999999999989,61633.0,0.030139860139860142,0.116,13421.34
L,297.8,307.4,1418,41.2,155,0,9.599999999999966,58421.600000000006,0.02905500705218618,0.62,12664.88
L,297.3,308.4,1491,46.5,29,0,11.099999999999966,69331.5,0.03118712273641851,0.116,14340.599999999999
M,302.1,311.5,1341,50.8,99,0,9.399999999999977,68122.8,0.037882177479492914,0.396,15824.199999999999
M,298.9,309.8,1363,50.6,115,0,10.900000000000034,68967.8,0.037123991195891416,0.46,15675.880000000001
L,300.5,311.7,1409,54.7,104,0,11.199999999999989,77072.3,0.03882185947480483,0.416,17049.99
L,301.3,310.0,1506,40.8,11,0,8.699999999999989,61444.799999999996,0.027091633466135457,0.044,12648.0
L,300.9,310.4,1541,39.1,17,0,9.5,60253.100000000006,0.02537313432835821,0.068,12136.64
M,298.7,308.5,1360,52.9,69,0,9.800000000000011,71944.0,0.03889705882352941,0.276,16319.65
M,300.2,309.4,1329,53.6,186,0,9.199999999999989,71234.40000000001,0.04033107599699022,0.744,16583.84
L,297.4,308.4,1582,37.2,68,0,11.0,58850.4,0.02351453855878635,0.272,11472.48
L,298.7,309.8,1365,50.5,111,0,11.100000000000023,68932.5,0.036996336996337,0.444,15644.900000000001
M,297.3,308.3,1459,59.6,207,1,11.0,86956.40000000001,0.040849897189856064,0.828,18374.68
M,302.8,312.3,1416,42.7,241,0,9.5,60463.200000000004,0.03015536723163842,0.964,13335.210000000001
L,297.4,309.2,1698,29.4,119,0,11.800000000000011,49921.2,0.017314487632508833,0.476,9090.48
L,299.8,311.2,1564,40.0,172,0,11.399999999999977,62560.0,0.02557544757033248,0.688,12448.0
M,302.6,311.4,1757,29.5,151,0,8.799999999999955,51831.5,0.016789982925441094,0.604,9186.3
H,298.3,309.3,1529,41.7,5,0,11.0,63759.3,0.027272727272727275,0.02,12897.810000000001
M,297.9,307.9,1336,54.4,82,0,10.0,72678.4,0.0407185628742515,0.328,16749.76
M,302.3,311.3,1444,43.1,115,0,9.0,62236.4,0.02984764542936288,0.46,13417.03
L,297.8,307.8,1383,56.5,98,0,10.0,78139.5,0.040853217642805494,0.392,17390.7
M,300.9,310.7,1362,51.6,212,0,9.800000000000011,70279.2,0.03788546255506608,0.848,16032.119999999999
M,297.8,308.4,1579,36.6,152,0,10.599999999999966,57791.4,0.02317922735908803,0.608,11287.44
M,299.8,311.0,1948,20.0,185,0,11.199999999999989,38960.0,0.01026694045174538,0.74,6220.0
L,300.0,309.0,2174,16.9,112,0,9.0,36740.6,0.0077736890524379015,0.448,5222.099999999999
H,300.2,309.3,1342,48.7,68,0,9.100000000000023,65355.4,0.036289120715350225,0.272,15062.910000000002
M,298.1,308.0,1374,48.8,156,0,9.899999999999977,67051.2,0.03551673944687045,0.624,15030.4
M,298.0,308.6,1376,55.7,214,0,10.600000000000023,76643.2,0.0404796511627907,0.856,17189.02
L,300.7,311.7,1499,38.4,205,0,11.0,57561.6,0.02561707805203469,0.82,11969.279999999999
M,299.0,309.0,1804,26.8,17,0,10.0,48347.200000000004,0.014855875831485588,0.068,8281.2
L,302.4,310.4,1666,29.7,125,0,8.0,49480.2,0.017827130852340937,0.5,9218.88
L,300.9,310.8,1701,30.4,55,0,9.900000000000034,51710.399999999994,0.017871840094062317,0.22,9448.32
L,298.7,309.9,1621,34.1,130,0,11.199999999999989,55276.100000000006,0.021036397285626156,0.52,10567.59
L,302.0,309.8,1532,39.4,2,0,7.800000000000011,60360.799999999996,0.025718015665796342,0.008,12206.12
M,297.4,308.5,1465,55.9,153,0,11.100000000000023,81893.5,0.038156996587030714,0.612,17245.149999999998
L,298.2,308.3,1568,36.0,92,0,10.100000000000023,56448.0,0.02295918367346939,0.368,11098.800000000001
M,300.6,309.5,1492,34.0,144,0,8.899999999999977,50728.0,0.022788203753351208,0.576,10523.0
H,295.6,306.0,1396,52.4,0,0,10.399999999999977,73150.4,0.03753581661891117,0.0,16034.4
M,299.7,309.1,1603,38.5,170,0,9.400000000000034,61715.5,0.024017467248908297,0.68,11900.35
M,299.5,309.0,1701,28.6,98,0,9.5,48648.600000000006,0.01681363903586126,0.392,8837.4
H,299.8,309.3,1595,32.1,183,0,9.5,51199.5,0.020125391849529783,0.732,9928.53
H,302.6,310.4,1614,36.0,74,0,7.7999999999999545,58104.0,0.022304832713754646,0.296,11174.4
L,302.0,310.5,2197,15.8,133,0,8.5,34712.6,0.007191624943104233,0.532,4905.900000000001
H,299.0,310.1,2053,19.7,137,0,11.100000000000023,40444.1,0.009595713589868484,0.548,6108.97
L,301.8,310.6,1403,46.8,151,0,8.800000000000011,65660.4,0.033357091945830364,0.604,14536.08
L,297.3,308.2,1754,29.4,123,0,10.899999999999977,51567.6,0.016761687571265678,0.492,9061.08
M,297.5,309.2,1804,27.4,215,0,11.699999999999989,49429.6,0.015188470066518847,0.86,8472.08
L,297.7,308.5,1501,41.4,201,0,10.800000000000011,62141.4,0.027581612258494335,0.804,12771.9
L,301.9,310.7,1370,50.3,20,0,8.800000000000011,68911.0,0.03671532846715328,0.08,15628.21
H,295.6,306.1,1623,30.9,210,0,10.5,50150.7,0.019038817005545286,0.84,9458.49
L,300.7,309.5,1541,37.2,48,0,8.800000000000011,57325.200000000004,0.024140168721609345,0.192,11513.400000000001
M,301.5,310.6,1424,47.0,26,0,9.100000000000023,66928.0,0.03300561797752809,0.104,14598.2
M,301.5,310.6,1403,47.4,34,0,9.100000000000023,66502.2,0.03378474697077691,0.136,14722.44
L,304.0,313.0,2012,21.1,115,0,9.0,42453.200000000004,0.010487077534791254,0.46,6604.3
M,302.0,310.5,1639,32.9,94,0,8.5,53923.1,0.020073215375228798,0.376,10215.449999999999
L,297.6,308.7,1365,50.6,143,0,11.099999999999966,69069.0,0.037069597069597074,0.572,15620.22
L,299.8,309.5,1739,27.5,128,0,9.699999999999989,47822.5,0.015813686026451983,0.512,8511.25
L,303.2,311.2,1427,45.6,25,0,8.0,65071.200000000004,0.031955150665732304,0.1,14190.72
L,301.3,310.0,1665,31.4,0,0,8.699999999999989,52281.0,0.018858858858858858,0.0,9734.0
L,303.1,311.4,1829,24.5,159,0,8.299999999999955,44810.5,0.013395297977036633,0.636,7629.299999999999
L,298.6,309.3,1677,31.2,180,0,10.699999999999989,52322.4,0.018604651162790697,0.72,9650.16
H,298.9,308.7,1500,41.6,187,0,9.800000000000011,62400.0,0.027733333333333336,0.748,12841.92
M,304.1,313.3,1494,39.0,49,0,9.199999999999989,58266.0,0.02610441767068273,0.196,12218.7
M,303.6,312.1,1967,20.9,2,0,8.5,41110.299999999996,0.010625317742755465,0.008,6522.89
M,299.3,309.1,1703,31.3,120,0,9.800000000000011,53303.9,0.01837933059307105,0.48,9674.830000000002
L,302.1,311.2,1519,39.3,155,0,9.099999999999966,59696.7,0.025872284397630018,0.62,12230.159999999998
L,302.0,310.8,1383,50.3,231,1,8.800000000000011,69564.9,0.0363702096890817,0.924,15633.24
M,302.2,311.2,1347,49.8,94,0,9.0,67080.59999999999,0.03697104677060133,0.376,15497.759999999998
M,302.0,311.2,1418,49.5,17,0,9.199999999999989,70191.0,0.034908321579689705,0.068,15404.4
M,298.1,308.8,1811,25.4,147,0,10.699999999999989,45999.399999999994,0.014025400331308668,0.588,7843.5199999999995
L,299.4,309.1,1645,28.6,57,0,9.700000000000045,47047.0,0.01738601823708207,0.228,8840.26
M,302.4,311.9,1439,36.6,212,0,9.5,52667.4,0.025434329395413482,0.848,11415.539999999999
L,299.0,310.1,1470,40.3,83,0,11.100000000000023,59240.99999999999,0.027414965986394556,0.332,12497.03
L,298.5,309.5,1561,34.8,35,0,11.0,54322.799999999996,0.022293401665598973,0.14,10770.599999999999
H,301.2,310.6,1457,50.5,114,0,9.400000000000034,73578.5,0.034660260809883325,0.456,15685.300000000001
L,295.7,306.3,1915,22.4,79,0,10.600000000000023,42896.0,0.011697127937336814,0.316,6861.12
L,299.1,308.3,1431,52.3,38,0,9.199999999999989,74841.3,0.03654786862334032,0.152,16124.09
L,299.1,310.3,1619,35.2,240,0,11.199999999999989,56988.8,0.02174181593576282,0.96,10922.560000000001
L,300.0,310.5,1517,42.2,186,0,10.5,64017.4,0.02781806196440343,0.744,13103.1
L,300.5,311.6,1385,54.8,173,0,11.100000000000023,75898.0,0.039566787003610104,0.692,17075.68
L,298.2,308.4,1379,43.1,65,0,10.199999999999989,59434.9,0.031254532269760694,0.26,13292.039999999999
M,297.0,308.0,1408,47.9,54,0,11.0,67443.2,0.03401988636363636,0.216,14753.199999999999
L,304.0,312.9,1363,62.5,200,1,8.899999999999977,85187.5,0.045854732208363905,0.8,19556.25
L,298.9,310.1,1401,44.4,76,0,11.200000000000045,62204.4,0.031691648822269804,0.304,13768.44
L,299.7,309.1,1715,27.8,192,0,9.400000000000034,47677.0,0.01620991253644315,0.768,8592.980000000001
M,300.8,309.7,1519,39.7,16,0,8.899999999999977,60304.3,0.026135615536537198,0.064,12295.09
M,300.0,310.2,1443,58.7,68,0,10.199999999999989,84704.1,0.040679140679140684,0.272,18208.74
H,300.4,309.6,1416,43.3,66,0,9.200000000000045,61312.799999999996,0.030579096045197738,0.264,13405.68
L,299.7,309.6,1419,45.1,170,0,9.900000000000034,63996.9,0.03178294573643411,0.68,13962.960000000001
L,298.9,310.3,1583,32.6,230,0,11.400000000000034,51605.8,0.020593809222994315,0.92,10115.78
M,299.3,308.8,1648,28.4,188,0,9.5,46803.2,0.017233009708737864,0.752,8769.92
M,302.2,311.5,1863,25.7,85,0,9.300000000000011,47879.1,0.01379495437466452,0.34,8005.55
L,299.7,310.9,1477,40.4,83,0,11.199999999999989,59670.799999999996,0.02735274204468517,0.332,12560.359999999999
L,299.2,309.0,1615,33.7,193,0,9.800000000000011,54425.50000000001,0.02086687306501548,0.772,10413.300000000001
M,297.3,308.1,1709,30.6,196,0,10.800000000000011,52295.4,0.017905207723815098,0.784,9427.86
M,301.5,310.5,1600,32.8,205,0,9.0,52479.99999999999,0.020499999999999997,0.82,10184.4
L,300.9,310.0,1671,26.8,199,0,9.100000000000023,44782.8,0.01603830041891083,0.796,8308.0
L,299.5,309.1,1476,47.8,223,0,9.600000000000023,70552.8,0.03238482384823848,0.892,14774.98
L,298.1,307.5,1391,57.4,161,0,9.399999999999977,79843.4,0.04126527677929547,0.644,17650.5
L,301.2,309.9,1687,29.7,30,0,8.699999999999989,50103.9,0.017605216360403082,0.12,9204.029999999999
L,301.1,311.2,1564,37.0,165,0,10.099999999999966,57868.0,0.023657289002557546,0.66,11514.4
L,299.1,310.5,1739,27.4,72,0,11.399999999999977,47648.6,0.015756181713628522,0.288,8507.699999999999
L,298.7,308.5,1483,42.5,46,0,9.800000000000011,63027.5,0.028658125421443022,0.184,13111.25
M,298.8,309.8,1551,36.6,15,0,11.0,56766.600000000006,0.023597678916827854,0.06,11338.68
L,300.7,309.7,1598,33.7,149,0,9.0,53852.600000000006,0.021088861076345434,0.596,10436.890000000001
M,298.9,309.8,2450,13.9,89,0,10.900000000000034,34055.0,0.005673469387755102,0.356,4306.22
L,300.1,309.6,1642,34.5,53,0,9.5,56649.0,0.021010962241169304,0.212,10681.2
L,300.6,310.6,1514,39.5,87,0,10.0,59803.0,0.02608982826948481,0.348,12268.7
M,298.9,310.6,1720,25.3,197,0,11.700000000000045,43516.0,0.014709302325581396,0.788,7858.180000000001
L,299.1,308.9,1467,47.2,218,0,9.799999999999955,69242.40000000001,0.0321745057941377,0.872,14580.08
H,300.6,309.6,1888,20.5,133,0,9.0,38704.0,0.010858050847457628,0.532,6346.8
L,300.4,309.8,1314,63.1,146,0,9.400000000000034,82913.40000000001,0.04802130898021309,0.584,19548.38
L,300.9,312.1,1474,42.4,171,0,11.200000000000045,62497.6,0.02876526458616011,0.684,13233.04
L,298.9,309.1,1369,44.4,198,0,10.200000000000045,60783.6,0.032432432432432434,0.792,13724.04
M,298.9,309.0,1924,22.6,193,0,10.100000000000023,43482.4,0.011746361746361747,0.772,6983.400000000001
L,302.4,311.1,1520,42.2,143,0,8.700000000000045,64144.00000000001,0.027763157894736844,0.572,13128.420000000002
L,297.9,307.6,1589,37.8,120,0,9.700000000000045,60064.2,0.023788546255506606,0.48,11627.28
L,300.0,311.2,1629,31.7,62,0,11.199999999999989,51639.299999999996,0.019459791282995704,0.248,9865.039999999999
L,299.2,308.5,1340,50.0,144,0,9.300000000000011,67000.0,0.03731343283582089,0.576,15425.0
L,298.6,309.6,1387,57.6,50,0,11.0,79891.2,0.041528478731074264,0.2,17832.960000000003
L,304.0,313.0,2354,15.0,117,0,9.0,35310.0,0.006372132540356839,0.468,4695.0
L,297.9,309.1,1504,43.0,4,0,11.200000000000045,64672.0,0.028590425531914893,0.016,13291.300000000001
L,300.8,310.0,1468,52.7,178,0,9.199999999999989,77363.6,0.035899182561307905,0.712,16337.0
L,297.6,308.6,1526,42.1,57,0,11.0,64244.6,0.02758846657929227,0.228,12992.060000000001
M,297.2,308.3,1429,42.0,6,0,11.100000000000023,60018.0,0.02939118264520644,0.024,12948.6
L,297.9,308.8,1613,31.4,57,0,10.900000000000034,50648.2,0.019466831990080594,0.228,9696.32
L,303.0,311.3,1365,56.2,146,1,8.300000000000011,76713.0,0.04117216117216117,0.584,17495.06
L,302.2,311.5,1725,34.0,170,0,9.300000000000011,58650.0,0.01971014492753623,0.68,10591.0
L,301.5,310.7,1423,44.0,222,0,9.199999999999989,62612.0,0.030920590302178495,0.888,13670.8
M,301.0,311.5,1530,43.9,165,0,10.5,67167.0,0.02869281045751634,0.66,13674.85
L,303.0,311.2,1494,37.0,67,0,8.199999999999989,55278.0,0.024765729585006693,0.268,11514.4
L,299.0,308.6,1378,47.8,163,0,9.600000000000023,65868.4,0.03468795355587808,0.652,14751.08
L,301.9,310.4,1708,24.8,17,0,8.5,42358.4,0.014519906323185013,0.068,7697.92
L,298.9,308.6,1522,46.4,2,0,9.700000000000045,70620.8,0.030486202365308804,0.008,14319.04
M,298.4,309.2,1597,33.5,116,0,10.800000000000011,53499.5,0.020976831559173452,0.464,10358.199999999999
L,303.8,312.7,1461,38.2,188,0,8.899999999999977,55810.200000000004,0.026146475017111568,0.752,11945.140000000001
L,297.7,309.6,1529,35.2,153,0,11.900000000000034,53820.8,0.02302158273381295,0.612,10897.920000000002
L,303.6,312.7,1418,44.1,118,0,9.099999999999966,62533.8,0.031100141043723554,0.472,13790.07
M,297.6,308.5,1360,48.6,77,0,10.899999999999977,66096.0,0.03573529411764706,0.308,14993.1
M,301.7,310.3,1787,26.7,33,0,8.600000000000023,47712.9,0.01494124230554001,0.132,8285.01
L,297.9,307.6,1430,52.4,178,0,9.700000000000045,74932.0,0.03664335664335664,0.712,16118.240000000002
M,300.8,310.6,1669,28.4,79,0,9.800000000000011,47399.6,0.017016177351707608,0.316,8821.04
L,302.2,311.1,1447,52.1,174,0,8.900000000000034,75388.7,0.03600552868002765,0.696,16208.310000000001
M,300.5,309.9,1994,19.8,189,0,9.399999999999977,39481.200000000004,0.009929789368104314,0.756,6136.0199999999995
H,298.5,308.7,1450,43.9,28,0,10.199999999999989,63655.0,0.030275862068965518,0.112,13551.929999999998
M,298.7,309.9,1654,29.1,195,0,11.199999999999989,48131.4,0.017593712212817414,0.78,9018.09
L,296.8,308.0,1391,54.4,17,0,11.199999999999989,75670.4,0.03910855499640546,0.068,16755.2
L,301.1,310.2,1455,55.3,9,0,9.099999999999966,80461.5,0.03800687285223368,0.036,17154.059999999998
L,301.8,310.5,1593,34.9,139,0,8.699999999999989,55595.7,0.021908349026993092,0.556,10836.449999999999
H,300.6,310.5,1519,37.0,91,0,9.899999999999977,56203.0,0.024358130348913758,0.364,11488.5
L,302.0,311.0,1563,36.2,8,0,9.0,56580.600000000006,0.023160588611644276,0.032,11258.2
L,297.8,309.7,1341,49.2,208,0,11.899999999999977,65977.2,0.03668903803131991,0.832,15237.24
L,298.8,309.8,1509,36.2,57,0,11.0,54625.8,0.023989396951623592,0.228,11214.760000000002
L,297.5,308.8,1587,34.9,166,0,11.300000000000011,55386.299999999996,0.021991178323881536,0.664,10777.12
M,297.8,307.4,1488,36.1,57,0,9.599999999999966,53716.8,0.024260752688172044,0.228,11097.14
M,298.2,309.0,1446,45.8,80,0,10.800000000000011,66226.8,0.031673582295988933,0.32,14152.199999999999
L,300.9,310.8,1493,45.8,57,0,9.900000000000034,68379.4,0.030676490288010713,0.228,14234.64
L,297.3,308.6,1273,59.8,182,0,11.300000000000011,76125.4,0.04697564807541241,0.728,18454.28
L,300.7,310.5,1448,38.2,218,0,9.800000000000011,55313.600000000006,0.02638121546961326,0.872,11861.1
L,298.8,310.0,1389,49.6,149,0,11.199999999999989,68894.40000000001,0.03570914326853852,0.596,15376.0
L,297.4,309.2,1459,37.9,191,0,11.800000000000011,55296.1,0.025976696367374912,0.764,11718.679999999998
L,298.9,309.0,1410,65.7,191,1,10.100000000000023,92637.0,0.046595744680851064,0.764,20301.3
L,302.5,311.8,1335,52.7,135,0,9.300000000000011,70354.5,0.03947565543071161,0.54,16431.86
M,298.2,307.8,1583,36.6,185,0,9.600000000000023,57937.8,0.02312065698041693,0.74,11265.480000000001
L,298.2,308.2,1446,38.2,61,0,10.0,55237.200000000004,0.02641770401106501,0.244,11773.24
M,304.2,313.5,1437,47.2,102,0,9.300000000000011,67826.40000000001,0.032846207376478774,0.408,14797.2
L,300.4,311.2,1436,56.8,173,0,10.800000000000011,81564.8,0.03955431754874652,0.692,17676.16
L,300.0,309.1,1882,23.8,84,0,9.100000000000023,44791.6,0.012646121147715197,0.336,7356.580000000001
L,300.9,310.2,1382,50.4,131,0,9.300000000000011,69652.8,0.03646888567293777,0.524,15634.079999999998
L,302.6,312.0,1781,28.5,196,0,9.399999999999977,50758.5,0.016002245929253228,0.784,8892.0
L,299.2,308.4,1465,35.0,201,0,9.199999999999989,51275.0,0.023890784982935155,0.804,10794.0
L,301.8,310.6,1192,68.9,135,0,8.800000000000011,82128.8,0.0578020134228188,0.54,21400.340000000004
L,297.3,308.7,1467,36.8,216,0,11.399999999999977,53985.6,0.025085207907293794,0.864,11360.159999999998
H,299.7,309.6,1433,49.6,129,0,9.900000000000034,71076.8,0.034612700628053036,0.516,15356.160000000002
M,296.6,307.4,1544,42.3,170,0,10.799999999999955,65311.2,0.027396373056994817,0.68,13003.019999999999
L,301.0,311.4,1573,37.6,103,0,10.399999999999977,59144.8,0.023903369357914813,0.412,11708.64
L,297.4,308.6,1411,46.3,138,0,11.200000000000045,65329.299999999996,0.0328136073706591,0.552,14288.18
M,297.4,308.7,1382,49.9,151,0,11.300000000000011,68961.8,0.03610709117221418,0.604,15404.13
L,298.7,309.5,1673,30.8,141,0,10.800000000000011,51528.4,0.018410041841004185,0.564,9532.6
L,304.2,313.5,1438,50.1,100,0,9.300000000000011,72043.8,0.034840055632823365,0.4,15706.35
L,300.5,309.3,1373,48.8,211,0,8.800000000000011,67002.4,0.03554260742898761,0.844,15093.84
L,302.4,311.1,1484,45.9,169,0,8.700000000000045,68115.59999999999,0.030929919137466306,0.676,14279.49
L,298.1,308.6,1527,40.2,16,0,10.5,61385.4,0.02632612966601179,0.064,12405.720000000001
M,298.7,309.2,1437,45.7,195,0,10.5,65670.90000000001,0.031802366040361865,0.78,14130.44
L,303.5,312.4,1340,44.5,76,0,8.899999999999977,59630.0,0.0332089552238806,0.304,13901.8
L,300.3,311.4,1759,24.8,34,0,11.099999999999966,43623.200000000004,0.014098919840818647,0.136,7722.719999999999
L,299.8,309.4,1408,45.6,156,0,9.599999999999966,64204.8,0.03238636363636364,0.624,14108.64
L,299.2,308.5,1378,50.4,220,1,9.300000000000011,69451.2,0.03657474600870827,0.88,15548.4
M,299.1,308.8,1725,26.6,172,0,9.699999999999989,45885.0,0.015420289855072464,0.688,8214.08
L,298.9,308.9,1453,40.8,11,0,10.0,59282.399999999994,0.02807983482450103,0.044,12603.119999999999
H,299.1,309.9,1443,40.3,0,0,10.799999999999955,58152.899999999994,0.027927927927927927,0.0,12488.969999999998
L,295.8,306.6,1644,35.2,115,0,10.800000000000011,57868.8,0.021411192214111925,0.46,10792.320000000002
M,298.4,308.5,1576,27.4,55,0,10.100000000000023,43182.399999999994,0.017385786802030456,0.22,8452.9
L,302.1,310.8,1596,37.1,43,0,8.699999999999989,59211.600000000006,0.02324561403508772,0.172,11530.68
M,300.8,312.2,1664,25.7,150,0,11.399999999999977,42764.799999999996,0.015444711538461537,0.6,8023.539999999999
H,298.4,308.7,1344,52.9,130,0,10.300000000000011,71097.59999999999,0.03936011904761905,0.52,16330.23
L,297.7,307.5,1379,43.3,111,0,9.800000000000011,59710.7,0.031399564902102974,0.444,13314.75
L,298.3,308.9,1348,55.5,102,0,10.599999999999966,74814.0,0.041172106824925815,0.408,17143.949999999997
L,300.9,311.0,1432,48.1,59,0,10.100000000000023,68879.2,0.03358938547486034,0.236,14959.1
L,299.2,308.9,1526,37.9,177,0,9.699999999999989,57835.4,0.024836173001310614,0.708,11707.31
L,300.8,312.3,1435,44.8,134,0,11.5,64287.99999999999,0.031219512195121948,0.536,13991.039999999999
M,303.4,311.7,1515,44.2,168,0,8.300000000000011,66963.0,0.029174917491749178,0.672,13777.140000000001
L,301.9,309.6,1410,49.0,223,0,7.7000000000000455,69090.0,0.03475177304964539,0.892,15170.400000000001
M,298.2,308.7,1361,44.2,0,0,10.5,60156.200000000004,0.032476120499632624,0.0,13644.54
L,298.7,310.2,1436,47.5,32,0,11.5,68210.0,0.03307799442896936,0.128,14734.5
M,302.4,311.4,1534,40.1,41,0,9.0,61513.4,0.026140808344198175,0.164,12487.14
L,300.6,310.7,1543,39.6,60,0,10.099999999999966,61102.8,0.025664290343486714,0.24,12303.72
L,297.4,308.3,1395,48.7,21,0,10.900000000000034,67936.5,0.03491039426523298,0.084,15014.210000000001
L,302.7,310.5,1551,35.9,6,0,7.800000000000011,55680.899999999994,0.02314635718891038,0.024,11146.949999999999
M,303.4,312.8,1518,38.7,103,0,9.400000000000034,58746.600000000006,0.02549407114624506,0.412,12105.36
L,298.3,307.9,1551,33.8,72,0,9.599999999999966,52423.799999999996,0.02179239200515796,0.288,10407.019999999999
M,298.1,307.8,1514,43.5,78,0,9.699999999999989,65859.0,0.028731836195508585,0.312,13389.300000000001
M,300.5,312.0,1985,19.3,143,0,11.5,38310.5,0.009722921914357682,0.572,6021.6
H,298.0,308.1,1440,43.7,37,0,10.100000000000023,62928.00000000001,0.030347222222222223,0.148,13463.970000000001
M,302.0,311.3,1530,36.4,27,0,9.300000000000011,55692.0,0.023790849673202615,0.108,11331.32
M,298.4,309.1,1576,38.8,167,0,10.700000000000045,61148.799999999996,0.024619289340101522,0.668,11993.08
L,297.4,308.3,1801,26.9,11,0,10.900000000000034,48446.899999999994,0.014936146585230427,0.044,8293.27
L,298.4,308.8,1352,56.7,24,0,10.400000000000034,76658.40000000001,0.04193786982248521,0.096,17508.960000000003
H,303.9,312.7,1401,50.0,129,0,8.800000000000011,70050.0,0.03568879371877231,0.516,15635.0
L,300.7,310.2,1639,31.4,48,0,9.5,51464.6,0.01915802318486882,0.192,9740.279999999999
L,299.6,310.8,1498,46.9,116,0,11.199999999999989,70256.2,0.03130841121495327,0.464,14576.52
L,298.2,307.9,1785,23.4,181,0,9.699999999999989,41769.0,0.01310924369747899,0.724,7204.859999999999
M,300.7,309.6,1388,51.1,160,0,8.900000000000034,70926.8,0.03681556195965418,0.64,15820.560000000001
L,299.2,308.4,1475,38.7,22,0,9.199999999999989,57082.50000000001,0.02623728813559322,0.088,11935.08
M,298.9,310.0,1520,35.6,48,0,11.100000000000023,54112.0,0.023421052631578947,0.192,11036.0
L,300.9,310.7,1517,41.7,210,0,9.800000000000011,63258.9,0.02748846407382993,0.84,12956.19
L,301.4,311.0,1701,28.4,127,0,9.600000000000023,48308.399999999994,0.016696061140505584,0.508,8832.4
L,301.7,310.7,1641,31.9,192,0,9.0,52347.899999999994,0.0194393662400975,0.768,9911.33
L,299.3,308.7,1393,54.2,80,0,9.399999999999977,75500.6,0.038908829863603736,0.32,16731.54
H,298.1,309.0,1438,41.4,60,0,10.899999999999977,59533.2,0.02878998609179416,0.24,12792.6
H,299.1,310.1,1429,42.9,96,0,11.0,61304.1,0.03002099370188943,0.384,13303.29
H,301.5,310.5,1538,44.3,43,0,9.0,68133.4,0.028803641092327695,0.172,13755.15
H,297.3,308.3,1506,37.0,54,0,11.0,55722.0,0.024568393094289508,0.216,11407.1
M,298.3,309.6,1469,54.8,191,0,11.300000000000011,80501.2,0.037304288631722256,0.764,16966.08
L,297.9,307.8,1373,50.2,130,0,9.900000000000034,68924.6,0.036562272396212674,0.52,15451.560000000001
M,298.1,308.7,1527,43.0,56,0,10.599999999999966,65661.0,0.028159790438768827,0.224,13274.1
M,296.8,307.5,1470,45.9,132,0,10.699999999999989,67473.0,0.031224489795918367,0.528,14114.25
L,300.7,311.0,1462,41.9,126,0,10.300000000000011,61257.799999999996,0.0286593707250342,0.504,13030.9
M,297.8,307.4,1752,26.1,52,0,9.599999999999966,45727.200000000004,0.014897260273972604,0.208,8023.139999999999
L,297.6,309.1,1394,50.0,62,0,11.5,69700.0,0.035868005738880916,0.248,15455.000000000002
L,298.6,309.9,1593,37.4,47,0,11.299999999999955,59578.2,0.023477715003138732,0.188,11590.259999999998
M,298.0,307.8,1492,40.2,197,0,9.800000000000011,59978.4,0.026943699731903487,0.788,12373.560000000001
M,298.7,309.7,1629,27.9,136,0,11.0,45449.1,0.01712707182320442,0.544,8640.63
L,302.7,310.7,1597,41.9,15,0,8.0,66914.3,0.02623669380087664,0.06,13018.33
L,298.8,308.4,1473,41.1,128,0,9.599999999999966,60540.3,0.027902240325865583,0.512,12675.24
M,299.2,308.8,1503,37.4,109,0,9.600000000000023,56212.2,0.02488356620093147,0.436,11549.12
M,299.6,310.9,1474,39.7,64,0,11.299999999999955,58517.8,0.026933514246947083,0.256,12342.73
L,300.8,310.3,1538,36.1,198,0,9.5,55521.8,0.023472041612483747,0.792,11201.830000000002
M,298.4,309.2,1399,45.2,125,0,10.800000000000011,63234.8,0.03230879199428163,0.5,13975.84
M,297.3,308.3,1501,38.2,2,0,11.0,57338.200000000004,0.025449700199866757,0.008,11777.060000000001
M,299.3,308.7,1459,35.6,87,0,9.399999999999977,51940.4,0.024400274160383824,0.348,10989.72
L,300.2,309.5,1729,28.4,131,0,9.300000000000011,49103.6,0.01642567958357432,0.524,8789.8
L,297.3,308.2,1754,26.8,125,0,10.899999999999977,47007.200000000004,0.015279361459521095,0.5,8259.76
L,299.0,310.0,1672,33.2,144,0,11.0,55510.4,0.01985645933014354,0.576,10292.0
M,298.3,309.4,1816,22.6,138,0,11.099999999999966,41041.600000000006,0.012444933920704846,0.552,6992.44
L,298.3,307.6,1942,20.6,176,0,9.300000000000011,40005.200000000004,0.010607621009268795,0.704,6336.560000000001
L,297.5,308.6,1352,52.6,12,0,11.100000000000023,71115.2,0.038905325443786984,0.048,16232.360000000002
L,299.1,310.4,1550,43.9,79,0,11.299999999999955,68045.0,0.02832258064516129,0.316,13626.559999999998
M,302.2,311.7,1576,34.0,28,0,9.5,53584.0,0.021573604060913704,0.112,10597.8
H,302.5,310.4,1422,41.9,156,0,7.899999999999977,59581.799999999996,0.029465541490857946,0.624,13005.759999999998
L,304.2,313.4,1639,32.7,63,0,9.199999999999989,53595.3,0.01995118974984747,0.252,10248.18
L,300.6,311.9,1372,60.1,212,1,11.299999999999955,82457.2,0.04380466472303207,0.848,18745.19
M,301.7,310.5,1458,41.4,153,0,8.800000000000011,60361.2,0.028395061728395062,0.612,12854.699999999999
L,298.1,308.9,1313,50.6,108,0,10.799999999999955,66437.8,0.03853769992383854,0.432,15630.34
L,297.8,307.8,1597,38.2,11,0,10.0,61005.4,0.023919849718221666,0.044,11757.960000000001
L,300.9,310.9,1477,41.5,100,0,10.0,61295.5,0.028097494922139473,0.4,12902.349999999999
L,300.3,309.4,1470,33.5,148,0,9.099999999999966,49245.0,0.022789115646258504,0.592,10364.9
M,303.8,312.6,1684,29.3,167,0,8.800000000000011,49341.200000000004,0.017399049881235154,0.668,9159.18
L,298.8,309.7,1336,50.3,44,0,10.899999999999977,67200.8,0.03764970059880239,0.176,15577.909999999998
L,302.2,311.5,1413,43.5,83,0,9.300000000000011,61465.5,0.03078556263269639,0.332,13550.25
L,300.4,309.9,1435,54.8,70,0,9.5,78638.0,0.03818815331010453,0.28,16982.519999999997
H,302.6,310.3,1721,27.4,79,0,7.699999999999989,47155.399999999994,0.015920976176641486,0.316,8502.22
L,299.7,311.2,1352,52.1,176,0,11.5,70439.2,0.03853550295857988,0.704,16213.52
M,303.7,312.9,1511,41.0,33,0,9.199999999999989,61951.0,0.027134348113831898,0.132,12828.9
L,297.5,308.6,1694,27.1,36,0,11.100000000000023,45907.4,0.015997638724911452,0.144,8363.060000000001
L,302.3,310.1,1513,40.4,22,0,7.800000000000011,61125.2,0.02670191672174488,0.088,12528.04
M,298.0,307.8,1483,50.9,26,0,9.800000000000011,75484.7,0.034322319622387056,0.104,15667.02
L,302.3,310.2,1394,55.4,57,0,7.899999999999977,77227.59999999999,0.03974175035868006,0.228,17185.079999999998
L,301.5,310.5,1435,44.6,135,0,9.0,64001.0,0.0310801393728223,0.54,13848.300000000001
L,304.2,313.4,1740,28.2,78,0,9.199999999999989,49068.0,0.016206896551724137,0.312,8837.88
L,296.9,307.9,1626,29.9,177,0,11.0,48617.399999999994,0.01838868388683887,0.708,9206.21
L,303.4,312.8,1449,43.9,94,0,9.400000000000034,63611.1,0.030296756383712903,0.376,13731.92
L,299.1,310.4,1527,44.0,149,0,11.299999999999955,67188.0,0.028814669286182055,0.596,13657.599999999999
L,298.1,307.8,1379,49.1,135,0,9.699999999999989,67708.90000000001,0.03560551124002901,0.54,15112.980000000001
L,296.4,307.4,1512,36.8,46,0,11.0,55641.6,0.024338624338624337,0.184,11312.319999999998
M,296.8,307.4,1455,49.9,102,0,10.599999999999966,72604.5,0.03429553264604811,0.408,15339.259999999998
M,301.6,311.2,1415,46.5,82,0,9.599999999999966,65797.5,0.03286219081272085,0.328,14470.8
L,300.0,311.5,1666,32.0,128,0,11.5,53312.0,0.01920768307322929,0.512,9968.0
L,302.2,311.2,1630,36.0,169,0,9.0,58680.0,0.022085889570552148,0.676,11203.199999999999
L,297.8,307.5,1631,29.9,144,0,9.699999999999989,48766.899999999994,0.018332311465358676,0.576,9194.25
L,297.3,307.8,1385,44.4,169,0,10.5,61494.0,0.032057761732851985,0.676,13666.32
M,300.1,309.1,1731,30.4,92,0,9.0,52622.399999999994,0.01756210283073368,0.368,9396.64
M,301.0,309.6,1397,48.0,135,0,8.600000000000023,67056.0,0.03435934144595562,0.54,14860.800000000001
M,297.1,308.1,1352,44.4,0,0,11.0,60028.799999999996,0.03284023668639053,0.0,13679.640000000001
L,297.3,308.7,1592,34.4,158,0,11.399999999999977,54764.799999999996,0.021608040201005024,0.632,10619.279999999999
M,296.1,307.2,1619,29.7,17,0,11.099999999999966,48084.299999999996,0.018344657195799877,0.068,9123.84
L,301.4,311.0,1470,40.6,86,0,9.600000000000023,59682.0,0.02761904761904762,0.344,12626.6
L,300.6,309.8,1629,37.6,162,0,9.199999999999989,61250.4,0.023081645181092694,0.648,11648.480000000001
L,301.6,310.4,1561,35.3,156,0,8.799999999999955,55103.299999999996,0.02261370916079436,0.624,10957.119999999999
H,298.8,309.8,1911,21.6,126,0,11.0,41277.600000000006,0.01130298273155416,0.504,6691.68
M,298.7,309.6,1382,48.1,186,0,10.900000000000034,66474.2,0.034804630969609264,0.744,14891.760000000002
L,301.5,310.6,1357,42.1,212,0,9.100000000000023,57129.700000000004,0.031024318349299928,0.848,13076.260000000002
L,300.6,309.4,1471,44.1,244,0,8.799999999999955,64871.1,0.029979605710401088,0.976,13644.539999999999
L,298.6,309.9,1461,45.7,49,0,11.299999999999955,66767.7,0.03127994524298426,0.196,14162.43
L,303.7,312.7,1468,43.3,168,0,9.0,63564.399999999994,0.029495912806539508,0.672,13539.909999999998
L,299.1,310.6,1602,39.7,144,0,11.5,63599.4,0.02478152309612984,0.576,12330.820000000002
L,302.0,310.4,1591,29.8,105,0,8.399999999999977,47411.8,0.018730358265241987,0.42,9249.92
H,296.9,308.0,1318,53.5,88,0,11.100000000000023,70513.0,0.04059180576631259,0.352,16478.0
M,300.8,309.9,1444,46.0,180,0,9.099999999999966,66424.0,0.03185595567867036,0.72,14255.4
M,304.1,313.2,1427,46.9,123,0,9.099999999999966,66926.3,0.032866152768044846,0.492,14689.08
M,303.3,311.8,1489,49.4,64,0,8.5,73556.59999999999,0.03317662860980524,0.256,15402.92
L,301.8,311.3,1551,35.8,61,0,9.5,55525.799999999996,0.02308188265635074,0.244,11144.539999999999
L,300.8,310.6,1577,37.9,227,1,9.800000000000011,59768.299999999996,0.02403297400126823,0.908,11771.74
M,297.7,309.5,2027,19.8,39,0,11.800000000000011,40134.6,0.009768130241736556,0.156,6128.1
L,299.3,308.6,1384,53.6,218,1,9.300000000000011,74182.40000000001,0.03872832369942197,0.872,16540.960000000003
L,300.9,310.9,1755,27.9,148,0,10.0,48964.5,0.015897435897435898,0.592,8674.109999999999
L,299.3,308.5,1409,44.8,91,0,9.199999999999989,63123.2,0.03179559971611071,0.364,13820.8
L,298.0,308.6,1481,42.5,54,0,10.600000000000023,62942.5,0.028696826468602294,0.216,13115.500000000002
L,298.8,309.8,1599,33.6,131,0,11.0,53726.4,0.02101313320825516,0.524,10409.28
L,300.7,309.6,1505,34.9,7,0,8.900000000000034,52524.5,0.023189368770764118,0.028,10805.04
L,298.1,307.6,1364,53.8,129,0,9.5,73383.2,0.03944281524926686,0.516,16548.88
H,302.4,310.1,1597,28.9,179,0,7.7000000000000455,46153.299999999996,0.018096430807764557,0.716,8961.89
M,299.4,310.0,1512,43.2,47,0,10.600000000000023,65318.4,0.028571428571428574,0.188,13392.0
M,298.8,308.6,1486,41.9,92,0,9.800000000000011,62263.4,0.02819650067294751,0.368,12930.34
L,302.5,311.6,1400,54.0,196,0,9.100000000000023,75600.0,0.03857142857142857,0.784,16826.4
L,300.3,310.3,1704,29.5,0,0,10.0,50268.0,0.017312206572769953,0.0,9153.85
L,302.4,311.4,1564,35.0,122,0,9.0,54740.0,0.02237851662404092,0.488,10899.0
L,297.6,309.4,1326,49.8,199,0,11.799999999999955,66034.8,0.03755656108597285,0.796,15408.119999999997
L,297.4,308.4,1434,39.9,2,0,11.0,57216.6,0.027824267782426776,0.008,12305.159999999998
L,300.4,309.8,1395,48.1,201,0,9.400000000000034,67099.5,0.034480286738351254,0.804,14901.380000000001
L,299.9,309.5,1772,23.5,167,0,9.600000000000023,41642.0,0.013261851015801355,0.668,7273.25
L,302.1,310.1,1753,28.9,176,0,8.0,50661.7,0.01648602395892755,0.704,8961.89
L,303.0,312.7,2024,19.9,102,0,9.699999999999989,40277.6,0.009832015810276679,0.408,6222.73
L,302.0,311.2,1845,27.3,45,0,9.199999999999989,50368.5,0.014796747967479675,0.18,8495.76
M,299.0,310.2,1628,35.8,64,0,11.199999999999989,58282.399999999994,0.02199017199017199,0.256,11105.159999999998
M,300.2,309.5,1564,33.4,183,0,9.300000000000011,52237.6,0.02135549872122762,0.732,10337.3
L,300.7,310.3,1533,35.6,198,0,9.600000000000023,54574.8,0.023222439660795825,0.792,11046.68
L,300.4,310.0,1282,66.1,40,0,9.600000000000023,84740.2,0.051560062402496096,0.16,20491.0
M,299.6,309.2,1867,23.4,225,1,9.599999999999966,43687.799999999996,0.01253347616497054,0.9,7235.28
L,298.4,308.6,1591,36.7,122,0,10.200000000000045,58389.700000000004,0.023067253299811442,0.488,11325.620000000003
L,303.8,312.5,1368,52.6,123,0,8.699999999999989,71956.8,0.03845029239766082,0.492,16437.5
L,300.9,310.7,1352,46.4,212,0,9.800000000000011,62732.799999999996,0.03431952662721893,0.848,14416.48
L,298.9,309.9,1373,52.1,108,0,11.0,71533.3,0.03794610342316096,0.432,16145.789999999999
L,302.5,310.4,1427,46.8,179,0,7.899999999999977,66783.59999999999,0.032796075683251574,0.716,14526.719999999998
H,304.0,312.9,1495,46.6,0,0,8.899999999999977,69667.0,0.031170568561872912,0.0,14581.14
M,302.6,310.4,1451,43.1,35,0,7.7999999999999545,62538.1,0.029703652653342523,0.14,13378.24
M,304.2,313.6,1512,33.4,146,0,9.400000000000034,50500.799999999996,0.02208994708994709,0.584,10474.24
L,298.9,309.9,1526,35.4,96,0,11.0,54020.4,0.023197903014416776,0.384,10970.46
L,297.9,307.7,1590,34.6,57,0,9.800000000000011,55014.0,0.021761006289308178,0.228,10646.42
H,302.5,311.1,1850,23.3,203,0,8.600000000000023,43105.0,0.012594594594594595,0.812,7248.630000000001
L,303.5,312.0,1756,29.7,28,0,8.5,52153.2,0.016913439635535307,0.112,9266.4
M,304.3,313.6,1489,40.3,196,0,9.300000000000011,60006.7,0.027065144392209535,0.784,12638.08
M,302.7,312.2,1439,42.5,164,0,9.5,61157.5,0.029534398888116747,0.656,13268.5
M,303.9,313.1,1343,61.4,14,0,9.200000000000045,82460.2,0.04571854058078928,0.056,19224.34
L,299.2,309.1,1345,60.7,191,1,9.900000000000034,81641.5,0.045130111524163574,0.764,18762.370000000003
M,299.5,309.2,1314,61.8,45,0,9.699999999999989,81205.2,0.047031963470319633,0.18,19108.559999999998
M,300.4,311.9,1335,58.3,9,0,11.5,77830.5,0.043670411985018726,0.036,18183.769999999997
L,304.3,313.5,1464,36.7,194,0,9.199999999999989,53728.8,0.025068306010928965,0.776,11505.45
H,302.3,311.4,1372,46.0,86,0,9.099999999999966,63112.0,0.033527696793002916,0.344,14324.4
L,304.4,313.7,1607,33.5,5,0,9.300000000000011,53834.5,0.020846297448662104,0.02,10508.949999999999
L,304.2,313.4,1740,23.7,86,0,9.199999999999989,41238.0,0.013620689655172413,0.344,7427.579999999999
L,298.2,308.4,1666,34.6,74,0,10.199999999999989,57643.600000000006,0.020768307322929173,0.296,10670.64
L,298.5,308.2,1301,66.3,42,1,9.699999999999989,86256.3,0.05096079938508839,0.168,20433.66
L,300.7,310.3,1458,40.0,207,0,9.600000000000023,58320.0,0.027434842249657063,0.828,12412.0
M,301.5,310.1,1468,40.8,32,0,8.600000000000023,59894.399999999994,0.027792915531335147,0.128,12652.08
L,296.3,307.4,1760,28.4,56,0,11.099999999999966,49984.0,0.016136363636363636,0.224,8730.159999999998
M,296.5,307.4,1350,55.6,69,0,10.899999999999977,75060.0,0.041185185185185186,0.276,17091.44
H,297.6,309.6,1669,32.1,155,0,12.0,53574.9,0.019233073696824445,0.62,9938.160000000002
H,301.0,311.3,1597,39.2,66,0,10.300000000000011,62602.4,0.024546023794614905,0.264,12202.960000000001
L,298.7,310.0,1637,31.8,42,0,11.300000000000011,52056.6,0.0194257788637752,0.168,9858.0
M,298.1,308.2,1342,48.1,54,0,10.099999999999966,64550.200000000004,0.03584202682563339,0.216,14824.42
M,301.5,310.8,1628,36.4,167,0,9.300000000000011,59259.2,0.02235872235872236,0.668,11313.12
M,300.9,310.4,1375,44.7,87,0,9.5,61462.50000000001,0.03250909090909091,0.348,13874.88
L,300.8,312.0,1382,49.3,177,0,11.199999999999989,68132.59999999999,0.03567293777134587,0.708,15381.599999999999
L,298.4,309.6,1655,30.2,146,0,11.200000000000045,49981.0,0.01824773413897281,0.584,9349.92
L,298.2,308.9,1444,53.1,83,0,10.699999999999989,76676.40000000001,0.03677285318559557,0.332,16402.59
M,300.8,309.5,1481,44.5,49,0,8.699999999999989,65904.5,0.030047265361242404,0.196,13772.75
H,298.2,308.8,1470,43.3,61,0,10.600000000000023,63650.99999999999,0.029455782312925168,0.244,13371.039999999999
L,298.6,308.4,1397,46.4,36,0,9.799999999999955,64820.799999999996,0.033214030064423763,0.144,14309.759999999998
L,297.5,309.4,1503,40.6,144,0,11.899999999999977,61021.8,0.02701264138389887,0.576,12561.64
M,298.6,309.4,1464,36.9,179,0,10.799999999999955,54021.6,0.025204918032786884,0.716,11416.859999999999
L,299.3,309.2,1511,37.2,129,0,9.899999999999977,56209.200000000004,0.024619457313037725,0.516,11502.24
M,299.4,310.8,1628,40.2,111,0,11.400000000000034,65445.600000000006,0.024692874692874695,0.444,12494.160000000002
H,298.2,309.0,1562,37.7,36,0,10.800000000000011,58887.4,0.02413572343149808,0.144,11649.300000000001
L,298.8,309.1,1393,52.6,167,0,10.300000000000011,73271.8,0.037760229720028717,0.668,16258.660000000002
L,299.0,310.1,1416,45.9,47,0,11.100000000000023,64994.4,0.03241525423728814,0.188,14233.59
L,301.4,311.1,1494,41.9,142,0,9.700000000000045,62598.6,0.028045515394912984,0.568,13035.09
L,297.9,307.8,1665,33.9,102,0,9.900000000000034,56443.5,0.02036036036036036,0.408,10434.42
H,300.7,310.6,1505,40.6,179,0,9.900000000000034,61103.0,0.026976744186046512,0.716,12610.36
L,299.0,309.5,1861,23.3,73,0,10.5,43361.3,0.012520150456743687,0.292,7211.35
M,303.4,311.9,1510,42.2,36,0,8.5,63722.00000000001,0.02794701986754967,0.144,13162.18
L,296.6,307.6,1809,25.1,86,0,11.0,45405.9,0.013875069098949696,0.344,7720.760000000001
L,298.1,308.5,1665,29.6,20,0,10.399999999999977,49284.0,0.017777777777777778,0.08,9131.6
M,303.6,312.7,1699,31.5,105,0,9.099999999999966,53518.5,0.018540317834020013,0.42,9850.05
H,304.0,313.1,1388,53.2,91,0,9.100000000000023,73841.6,0.038328530259365994,0.364,16656.920000000002
M,298.6,308.3,1589,34.1,174,0,9.699999999999989,54184.9,0.021460037759597234,0.696,10513.03
H,297.6,308.4,1703,31.4,205,0,10.799999999999955,53474.2,0.018438050499119202,0.82,9683.759999999998
M,300.0,311.4,1692,29.0,216,1,11.399999999999977,49068.0,0.017139479905437353,0.864,9030.599999999999
H,300.2,311.6,1496,41.1,60,0,11.400000000000034,61485.6,0.02747326203208556,0.24,12806.760000000002
M,297.7,308.1,2189,15.6,186,0,10.400000000000034,34148.4,0.007126541799908634,0.744,4806.360000000001
M,301.8,310.8,1365,48.2,199,0,9.0,65793.0,0.03531135531135531,0.796,14980.560000000001
L,300.1,310.6,1809,24.3,97,0,10.5,43958.700000000004,0.013432835820895522,0.388,7547.580000000001
L,299.7,309.3,1434,38.5,127,0,9.600000000000023,55209.0,0.02684797768479777,0.508,11908.050000000001
L,299.9,309.4,1467,41.2,20,0,9.5,60440.4,0.02808452624403545,0.08,12747.28
M,296.8,307.8,1694,33.0,115,0,11.0,55902.0,0.01948051948051948,0.46,10157.4
L,300.5,311.7,1445,44.8,83,0,11.199999999999989,64735.99999999999,0.031003460207612455,0.332,13964.159999999998
L,300.0,311.3,1703,30.4,85,0,11.300000000000011,51771.2,0.017850851438637697,0.34,9463.52
L,300.2,311.6,1372,49.2,195,0,11.400000000000034,67502.40000000001,0.0358600583090379,0.78,15330.720000000001
L,298.8,308.6,1872,22.5,82,0,9.800000000000011,42120.0,0.01201923076923077,0.328,6943.500000000001
L,299.8,309.5,1495,39.6,10,0,9.699999999999989,59202.0,0.026488294314381274,0.04,12256.2
L,298.5,308.7,1609,35.3,117,0,10.199999999999989,56797.7,0.021939092604101925,0.468,10897.109999999999
L,301.0,310.8,1975,19.7,17,0,9.800000000000011,38907.5,0.009974683544303796,0.068,6122.76
L,302.1,310.5,1389,49.6,169,0,8.399999999999977,68894.40000000001,0.03570914326853852,0.676,15400.800000000001
M,302.3,311.4,1345,47.6,67,0,9.099999999999966,64022.0,0.03539033457249071,0.268,14822.64
M,298.5,309.6,1572,33.0,127,0,11.100000000000023,51876.0,0.02099236641221374,0.508,10216.800000000001
L,300.7,311.0,1377,49.9,124,0,10.300000000000011,68712.3,0.03623819898329702,0.496,15518.9
L,300.3,310.3,1345,46.3,50,0,10.0,62273.49999999999,0.034423791821561335,0.2,14366.89
M,296.9,307.8,1477,37.2,160,0,10.900000000000034,54944.4,0.025186188219363578,0.64,11450.160000000002
H,301.3,310.6,1527,44.0,114,0,9.300000000000011,67188.0,0.028814669286182055,0.456,13666.400000000001
L,302.4,310.3,1520,31.6,121,0,7.900000000000034,48032.0,0.020789473684210528,0.484,9805.480000000001
L,300.9,312.2,1811,23.2,72,0,11.300000000000011,42015.2,0.012810601877415792,0.288,7243.04
L,304.2,313.3,1410,51.6,47,0,9.100000000000023,72756.0,0.03659574468085106,0.188,16166.28
M,302.0,311.5,1366,52.3,54,0,9.5,71441.8,0.038286969253294285,0.216,16291.449999999999
M,298.0,309.0,1562,39.2,155,0,11.0,61230.4,0.02509603072983355,0.62,12112.800000000001
H,297.2,308.0,1435,43.0,202,0,10.800000000000011,61705.0,0.029965156794425088,0.808,13244.0
L,300.4,311.8,1601,36.1,0,0,11.400000000000034,57796.100000000006,0.02254840724547158,0.0,11255.980000000001
L,299.0,308.6,1653,31.7,100,0,9.600000000000023,52400.1,0.019177253478523896,0.4,9782.62
L,300.1,310.5,1494,44.2,117,0,10.399999999999977,66034.8,0.02958500669344043,0.468,13724.1
L,301.3,310.6,1521,36.3,166,0,9.300000000000011,55212.299999999996,0.023865877712031556,0.664,11274.78
L,297.3,308.7,1549,36.1,218,0,11.399999999999977,55918.9,0.02330535829567463,0.872,11144.07
M,303.5,312.6,1405,51.6,62,0,9.100000000000023,72498.0,0.036725978647686834,0.248,16130.160000000002
M,299.7,309.2,1597,32.9,135,0,9.5,52541.299999999996,0.020601127113337506,0.54,10172.679999999998
L,299.7,309.1,1417,50.1,187,0,9.400000000000034,70991.7,0.035356386732533523,0.748,15485.910000000002
M,297.3,308.7,1466,38.4,27,0,11.399999999999977,56294.4,0.026193724420190995,0.108,11854.08
L,297.8,308.8,1548,36.9,64,0,11.0,57121.2,0.02383720930232558,0.256,11394.72
L,300.7,310.8,1563,33.8,104,0,10.100000000000023,52829.399999999994,0.021625079974408188,0.416,10505.039999999999
H,299.3,309.1,1552,40.7,120,0,9.800000000000011,63166.4,0.026224226804123712,0.48,12580.370000000003
L,297.1,308.1,1633,33.3,192,0,11.0,54378.899999999994,0.020391916717697488,0.768,10259.73
L,302.8,312.2,1682,30.9,58,0,9.399999999999977,51973.799999999996,0.018370986920332937,0.232,9646.98
H,301.5,310.5,1551,34.3,166,0,9.0,53199.299999999996,0.022114764667956154,0.664,10650.15
L,295.6,306.0,1370,52.4,115,0,10.399999999999977,71788.0,0.038248175182481754,0.46,16034.4
L,297.6,309.6,1501,49.8,222,1,12.0,74749.8,0.03317788141239174,0.888,15418.08
L,297.9,307.6,1503,40.7,124,0,9.700000000000045,61172.100000000006,0.0270791749833666,0.496,12519.320000000002
L,300.5,309.3,1574,33.5,101,0,8.800000000000011,52729.0,0.021283354510800507,0.404,10361.550000000001
L,300.4,311.3,1608,35.1,114,0,10.900000000000034,56440.8,0.021828358208955224,0.456,10926.630000000001
H,298.0,309.2,1520,37.9,89,0,11.199999999999989,57608.0,0.024934210526315788,0.356,11718.679999999998
H,303.6,312.6,1498,40.2,155,0,9.0,60219.600000000006,0.02683578104138852,0.62,12566.520000000002
L,298.0,307.7,1529,34.1,11,0,9.699999999999989,52138.9,0.022302158273381296,0.044,10492.57
M,297.6,308.6,1254,45.8,31,0,11.0,57433.2,0.03652312599681021,0.124,14133.880000000001
M,300.7,311.1,1438,46.6,103,0,10.400000000000034,67010.8,0.03240611961057024,0.412,14497.260000000002
M,299.2,309.0,1541,36.3,104,0,9.800000000000011,55938.299999999996,0.023556132381570408,0.416,11216.699999999999
M,299.8,309.6,1434,48.0,82,0,9.800000000000011,68832.0,0.03347280334728033,0.328,14860.800000000001
L,300.6,311.8,1471,41.4,39,0,11.199999999999989,60899.4,0.028144119646498978,0.156,12908.52
L,300.3,309.2,1398,54.4,198,0,8.899999999999977,76051.2,0.03891273247496423,0.792,16820.48
M,299.1,310.3,1441,43.9,94,0,11.199999999999989,63259.9,0.030464954892435808,0.376,13622.17
L,298.2,309.1,1429,48.5,164,0,10.900000000000034,69306.5,0.033939818054583626,0.656,14991.35
L,300.4,309.3,1413,50.3,101,0,8.900000000000034,71073.9,0.03559801840056617,0.404,15557.789999999999
M,298.7,309.2,1410,45.6,47,0,10.5,64296.0,0.03234042553191489,0.188,14099.52
L,297.6,308.8,1475,43.0,119,0,11.199999999999989,63425.0,0.029152542372881354,0.476,13278.4
L,301.2,309.9,1449,45.5,23,0,8.699999999999989,65929.5,0.03140096618357488,0.092,14100.449999999999
L,298.1,307.7,1523,37.7,80,0,9.599999999999966,57417.100000000006,0.024753775443204205,0.32,11600.29
L,301.5,310.6,1374,46.7,32,0,9.100000000000023,64165.8,0.03398835516739447,0.128,14505.020000000002
L,297.6,308.3,1595,34.3,41,0,10.699999999999989,54708.49999999999,0.021504702194357364,0.164,10574.689999999999
L,296.8,307.6,1513,40.0,130,0,10.800000000000011,60520.0,0.026437541308658295,0.52,12304.0
L,297.4,308.5,1410,43.9,47,0,11.100000000000023,61899.0,0.031134751773049644,0.188,13543.15
L,298.7,310.2,1404,50.3,54,0,11.5,70621.2,0.035826210826210826,0.216,15603.059999999998
M,300.7,310.9,1468,41.8,112,0,10.199999999999989,61362.399999999994,0.02847411444141689,0.448,12995.619999999999
L,297.2,308.3,1576,35.3,113,0,11.100000000000023,55632.799999999996,0.022398477157360406,0.452,10882.99
L,297.9,309.0,1532,37.6,47,0,11.100000000000023,57603.200000000004,0.02454308093994778,0.188,11618.4
L,298.2,307.9,1551,36.0,186,0,9.699999999999989,55836.0,0.02321083172147002,0.744,11084.4
L,298.7,309.6,1364,44.9,106,0,10.900000000000034,61243.6,0.03291788856304985,0.424,13901.04
L,297.3,308.1,1568,34.4,194,0,10.800000000000011,53939.2,0.02193877551020408,0.776,10598.640000000001
M,299.6,309.1,1560,37.1,73,0,9.5,57876.0,0.023782051282051284,0.292,11467.61
M,304.2,313.1,1608,31.1,20,0,8.900000000000034,50008.8,0.0193407960199005,0.08,9737.410000000002
L,301.3,310.8,1531,53.4,57,0,9.5,81755.4,0.0348791639451339,0.228,16596.72
L,298.4,309.9,1725,27.8,21,0,11.5,47955.0,0.016115942028985506,0.084,8615.22
L,298.0,308.8,1757,29.1,71,0,10.800000000000011,51128.700000000004,0.016562322140011385,0.284,8986.08
H,300.3,311.6,1427,56.2,8,0,11.300000000000011,80197.40000000001,0.039383321653819206,0.032,17511.920000000002
M,300.4,310.5,1540,33.4,32,0,10.100000000000023,51436.0,0.021688311688311687,0.128,10370.699999999999
M,298.1,308.9,1479,43.4,105,0,10.799999999999955,64188.6,0.029344151453684922,0.42,13406.259999999998
M,297.4,308.4,1620,35.8,215,0,11.0,57995.99999999999,0.022098765432098762,0.86,11040.719999999998
L,297.4,308.1,1729,31.7,204,0,10.700000000000045,54809.299999999996,0.0183342972816657,0.816,9766.77
M,298.0,309.0,1409,49.1,85,0,11.0,69181.90000000001,0.034847409510290986,0.34,15171.9
M,298.1,308.7,1581,47.4,51,0,10.599999999999966,74939.4,0.029981024667931688,0.204,14632.38
L,302.0,311.1,1402,47.8,182,0,9.100000000000023,67015.59999999999,0.03409415121255349,0.728,14870.58
L,298.4,308.9,1638,32.4,109,0,10.5,53071.2,0.01978021978021978,0.436,10008.359999999999
M,300.9,311.1,1325,61.4,88,0,10.200000000000045,81355.0,0.04633962264150943,0.352,19101.54
M,302.2,310.1,1368,51.6,12,1,7.900000000000034,70588.8,0.037719298245614034,0.048,16001.160000000002
L,301.3,310.8,1450,46.9,59,0,9.5,68005.0,0.032344827586206895,0.236,14576.52
L,300.6,312.0,1481,40.9,132,0,11.399999999999977,60572.9,0.02761647535449021,0.528,12760.8
L,298.4,308.1,1375,50.8,94,0,9.700000000000045,69850.0,0.036945454545454545,0.376,15651.48
L,296.8,307.9,1611,35.4,72,0,11.099999999999966,57029.399999999994,0.021973929236499067,0.288,10899.659999999998
H,298.5,308.2,1563,44.6,163,0,9.699999999999989,69709.8,0.02853486884197057,0.652,13745.72
L,297.1,308.4,1529,40.4,165,0,11.299999999999955,61771.6,0.026422498364944407,0.66,12459.359999999999
L,301.4,310.7,1584,32.2,17,0,9.300000000000011,51004.8,0.02032828282828283,0.068,10004.54
L,299.4,309.2,1607,31.7,145,0,9.800000000000011,50941.9,0.019726197884256377,0.58,9801.64
L,303.3,312.1,1418,44.7,83,0,8.800000000000011,63384.600000000006,0.031523272214386465,0.332,13950.870000000003
L,300.3,311.8,1567,37.7,180,0,11.5,59075.9,0.024058710912571796,0.72,11754.86
M,299.3,309.1,1571,38.3,59,0,9.800000000000011,60169.299999999996,0.02437937619350732,0.236,11838.53
M,299.1,308.9,1476,42.7,225,0,9.799999999999955,63025.200000000004,0.028929539295392957,0.9,13190.03
M,297.9,307.6,1505,40.1,166,0,9.700000000000045,60350.5,0.02664451827242525,0.664,12334.760000000002
L,303.8,313.0,1499,42.3,38,0,9.199999999999989,63407.7,0.02821881254169446,0.152,13239.9
L,298.8,309.9,1441,41.6,62,0,11.099999999999966,59945.6,0.02886884108258154,0.248,12891.84
H,302.6,310.4,1649,30.1,62,0,7.7999999999999545,49634.9,0.01825348696179503,0.248,9343.039999999999
L,303.9,313.1,1665,29.6,0,0,9.200000000000045,49284.0,0.017777777777777778,0.0,9267.76
L,300.9,311.0,1438,49.0,61,0,10.100000000000023,70462.0,0.034075104311543813,0.244,15239.0
M,302.3,311.8,1557,34.1,185,0,9.5,53093.700000000004,0.021901091843288378,0.74,10632.380000000001
M,300.6,310.7,1705,31.2,181,0,10.099999999999966,53196.0,0.018299120234604106,0.724,9693.84
H,299.3,308.6,1498,39.5,47,0,9.300000000000011,59171.0,0.02636849132176235,0.188,12189.7
L,297.5,308.5,1536,36.9,108,0,11.0,56678.399999999994,0.024023437499999998,0.432,11383.65
L,296.4,307.2,1748,25.3,144,0,10.800000000000011,44224.4,0.014473684210526316,0.576,7772.16
L,300.7,310.9,1356,65.3,66,1,10.199999999999989,88546.8,0.04815634218289085,0.264,20301.769999999997
H,300.7,311.0,1981,19.9,99,0,10.300000000000011,39421.899999999994,0.010045431600201918,0.396,6188.9
H,299.3,310.0,1373,44.8,221,0,10.699999999999989,61510.399999999994,0.03262927895120175,0.884,13888.0
M,297.9,307.6,1519,44.0,37,0,9.700000000000045,66836.0,0.028966425279789335,0.148,13534.400000000001
M,299.2,308.7,1401,47.0,198,0,9.5,65847.0,0.03354746609564597,0.792,14508.9
L,300.4,312.0,1366,43.0,117,0,11.600000000000023,58738.0,0.0314787701317716,0.468,13416.0
L,302.1,310.8,1622,36.8,45,0,8.699999999999989,59689.6,0.022688039457459924,0.18,11437.439999999999
M,298.1,307.4,1363,60.1,187,0,9.299999999999955,81916.3,0.04409391049156273,0.748,18474.739999999998
H,303.6,312.4,1460,53.7,214,0,8.799999999999955,78402.0,0.036780821917808224,0.856,16775.88
L,297.0,307.8,1609,35.6,193,0,10.800000000000011,57280.4,0.022125543816034807,0.772,10957.68
L,301.7,311.1,1399,55.1,156,0,9.400000000000034,77084.90000000001,0.03938527519656898,0.624,17141.61
M,301.1,311.1,1470,40.6,159,0,10.0,59682.0,0.02761904761904762,0.636,12630.660000000002
L,299.1,310.4,1452,39.7,151,0,11.299999999999955,57644.4,0.027341597796143254,0.604,12322.88
L,301.6,310.8,1726,26.7,150,0,9.199999999999989,46084.2,0.015469293163383545,0.6,8298.36
L,297.5,308.9,1427,50.4,17,0,11.399999999999977,71920.8,0.03531885073580939,0.068,15568.559999999998
L,300.9,311.3,1953,19.4,107,0,10.400000000000034,37888.2,0.009933435739887352,0.428,6039.219999999999
L,297.9,307.5,1561,37.7,16,0,9.600000000000023,58849.700000000004,0.024151185137732224,0.064,11592.75
L,302.6,312.1,1502,47.3,171,0,9.5,71044.59999999999,0.031491344873502,0.684,14762.33
H,300.5,312.0,1375,43.2,108,0,11.5,59400.00000000001,0.03141818181818182,0.432,13478.400000000001
M,299.8,310.6,1574,31.8,113,0,10.800000000000011,50053.200000000004,0.020203303684879288,0.452,9877.080000000002
L,297.6,309.0,1491,43.2,7,0,11.399999999999977,64411.200000000004,0.0289738430583501,0.028,13348.800000000001
M,300.8,309.7,1680,28.2,189,0,8.899999999999977,47376.0,0.016785714285714286,0.756,8733.539999999999
L,298.5,309.5,1385,46.3,203,1,11.0,64125.49999999999,0.03342960288808664,0.812,14329.849999999999
L,296.9,308.0,1658,41.0,74,0,11.100000000000023,67978.0,0.024728588661037394,0.296,12628.0
M,300.2,309.8,1743,24.1,18,0,9.600000000000023,42006.3,0.013826735513482503,0.072,7466.18
M,297.9,307.4,1610,34.6,219,0,9.5,55706.0,0.021490683229813665,0.876,10636.039999999999
L,299.9,309.6,1254,61.3,124,0,9.700000000000045,76870.2,0.04888357256778309,0.496,18978.48
L,298.1,308.2,1390,47.5,33,0,10.099999999999966,66025.0,0.0341726618705036,0.132,14639.5
H,296.6,307.4,1406,41.5,189,0,10.799999999999955,58349.0,0.029516358463726886,0.756,12757.099999999999
L,302.7,311.8,1461,46.1,10,0,9.100000000000023,67352.1,0.03155373032169747,0.04,14373.980000000001
L,297.9,308.5,1683,28.5,63,0,10.600000000000023,47965.5,0.01693404634581105,0.252,8792.25
M,300.0,309.9,1530,34.5,71,0,9.899999999999977,52785.0,0.022549019607843137,0.284,10691.55
L,298.4,309.7,1581,34.6,150,0,11.300000000000011,54702.600000000006,0.021884882985452245,0.6,10715.62
L,299.1,308.3,1524,34.1,128,0,9.199999999999989,51968.4,0.022375328083989503,0.512,10513.03
L,295.6,306.1,1389,46.2,113,0,10.5,64171.8,0.03326133909287257,0.452,14141.820000000002
L,296.3,307.3,1566,35.8,175,0,11.0,56062.799999999996,0.022860791826309065,0.7,11001.34
L,302.2,311.4,1477,41.7,15,0,9.199999999999989,61590.9,0.028232904536222073,0.06,12985.38
M,300.2,309.4,1459,43.9,39,0,9.199999999999989,64050.1,0.030089102124742972,0.156,13582.659999999998
M,301.9,310.9,2305,16.1,42,0,9.0,37110.5,0.006984815618221259,0.168,5005.49
L,298.8,309.5,1368,44.7,147,0,10.699999999999989,61149.600000000006,0.03267543859649123,0.588,13834.650000000001
H,298.7,308.6,1499,43.5,84,0,9.900000000000034,65206.5,0.029019346230820548,0.336,13424.1
L,299.6,310.8,1400,40.8,118,0,11.199999999999989,57119.99999999999,0.02914285714285714,0.472,12680.64
L,297.2,308.5,1588,40.4,190,0,11.300000000000011,64155.2,0.02544080604534005,0.76,12463.4
L,299.8,309.6,1447,43.1,12,0,9.800000000000011,62365.700000000004,0.02978576364892882,0.048,13343.760000000002
M,300.3,309.6,1488,41.3,172,0,9.300000000000011,61454.399999999994,0.02775537634408602,0.688,12786.48
H,297.8,307.3,1516,40.1,166,0,9.5,60791.6,0.02645118733509235,0.664,12322.730000000001
L,298.3,308.9,1708,28.0,42,0,10.599999999999966,47824.0,0.01639344262295082,0.168,8649.199999999999
M,299.5,308.8,1886,20.9,117,0,9.300000000000011,39417.399999999994,0.011081654294803817,0.468,6453.92
M,299.2,309.0,1881,23.9,137,0,9.800000000000011,44955.899999999994,0.012706007442849547,0.548,7385.099999999999
L,300.7,310.7,1314,42.4,198,0,10.0,55713.6,0.032267884322678846,0.792,13173.679999999998
M,302.0,310.7,2157,17.8,17,0,8.699999999999989,38394.6,0.008252202132591563,0.068,5530.46
L,298.8,309.1,1418,46.3,133,0,10.300000000000011,65653.4,0.032651622002820874,0.532,14311.33
L,297.5,309.3,1675,29.8,72,0,11.800000000000011,49915.0,0.017791044776119404,0.288,9217.140000000001
M,298.8,310.2,1595,33.1,34,0,11.399999999999977,52794.5,0.020752351097178684,0.136,10267.62
L,300.8,309.4,1946,20.5,111,0,8.599999999999966,39893.0,0.0105344295991778,0.444,6342.7
H,298.8,309.2,1372,48.5,120,0,10.399999999999977,66542.0,0.03534985422740525,0.48,14996.199999999999
L,299.0,310.4,1565,36.1,127,0,11.399999999999977,56496.5,0.02306709265175719,0.508,11205.44
H,298.2,308.4,1385,42.2,98,0,10.199999999999989,58447.00000000001,0.030469314079422386,0.392,13014.48
M,297.3,308.8,1447,57.4,134,0,11.5,83057.8,0.03966827919834139,0.536,17725.12
H,299.8,311.3,1785,25.4,139,0,11.5,45339.0,0.014229691876750699,0.556,7907.0199999999995
L,298.5,309.0,1450,40.5,199,0,10.5,58725.0,0.02793103448275862,0.796,12514.5
L,298.9,310.6,1585,38.1,7,0,11.700000000000045,60388.5,0.024037854889589906,0.028,11833.86
M,298.2,308.9,1512,38.5,28,0,10.699999999999989,58212.0,0.02546296296296296,0.112,11892.65
L,300.1,309.7,1410,48.3,118,0,9.599999999999966,68103.0,0.03425531914893617,0.472,14958.509999999998
H,297.2,308.5,1524,41.4,192,0,11.300000000000011,63093.6,0.02716535433070866,0.768,12771.9
M,299.4,310.9,1446,47.3,12,0,11.5,68395.8,0.03271092669432918,0.048,14705.569999999998
M,302.2,311.4,1642,32.1,42,0,9.199999999999989,52708.200000000004,0.019549330085261878,0.168,9995.94
L,298.2,308.2,1667,30.6,59,0,10.0,51010.200000000004,0.01835632873425315,0.236,9430.92
L,299.9,310.0,1402,44.7,204,0,10.100000000000023,62669.4,0.031883024251069904,0.816,13857.0
L,296.7,307.6,1474,41.7,148,0,10.900000000000034,61465.8,0.028290366350067844,0.592,12826.920000000002
L,300.9,309.5,1612,35.2,124,0,8.600000000000023,56742.4,0.021836228287841195,0.496,10894.400000000001
M,300.6,311.6,1669,29.2,200,0,11.0,48734.799999999996,0.01749550629119233,0.8,9098.720000000001
L,300.1,309.7,1485,45.9,100,0,9.599999999999966,68161.5,0.030909090909090907,0.4,14215.23
M,302.3,311.7,1341,46.3,194,0,9.399999999999977,62088.299999999996,0.034526472781506334,0.776,14431.71
L,303.8,312.7,1838,27.8,181,0,8.899999999999977,51096.4,0.015125136017410229,0.724,8693.06
L,297.5,309.3,1479,39.4,22,0,11.800000000000011,58272.6,0.026639621365787694,0.088,12186.42
L,301.2,310.7,1644,31.6,166,0,9.5,51950.4,0.019221411192214113,0.664,9818.12
L,303.0,311.2,1374,48.2,65,1,8.199999999999989,66226.8,0.03508005822416303,0.26,14999.84
L,301.7,311.1,1469,37.2,128,0,9.400000000000034,54646.8,0.02532334921715453,0.512,11572.920000000002
L,301.0,310.5,1378,44.4,83,0,9.5,61183.2,0.03222060957910015,0.332,13786.199999999999
M,300.4,311.3,1350,56.5,31,0,10.900000000000034,76275.0,0.04185185185185185,0.124,17588.45
L,302.0,310.3,1648,29.6,157,0,8.300000000000011,48780.8,0.01796116504854369,0.628,9184.880000000001
L,302.6,310.4,1415,52.1,12,0,7.7999999999999545,73721.5,0.03681978798586572,0.048,16171.84
M,299.3,308.5,1422,43.1,186,0,9.199999999999989,61288.200000000004,0.030309423347398032,0.744,13296.35
H,297.4,308.7,1349,48.9,120,0,11.300000000000011,65966.09999999999,0.036249073387694584,0.48,15095.429999999998
L,301.0,312.0,1518,39.3,196,0,11.0,59657.399999999994,0.025889328063241106,0.784,12261.599999999999
M,298.8,310.3,1366,59.0,94,0,11.5,80594.0,0.04319180087847731,0.376,18307.7
L,297.5,308.5,1459,39.7,69,0,11.0,57922.3,0.027210418094585333,0.276,12247.45
L,296.9,307.5,1354,44.4,16,0,10.600000000000023,60117.6,0.032791728212703104,0.064,13653.0
M,297.4,308.8,1628,37.4,144,0,11.400000000000034,60887.2,0.02297297297297297,0.576,11549.12
H,296.9,308.0,1416,46.9,105,0,11.100000000000023,66410.4,0.03312146892655367,0.42,14445.199999999999
L,302.8,312.4,1651,27.0,200,0,9.599999999999966,44577.0,0.01635372501514234,0.8,8434.8
L,299.1,308.6,1611,31.4,161,0,9.5,50585.399999999994,0.019490999379267536,0.644,9690.04
L,298.0,307.6,1548,45.8,111,0,9.600000000000023,70898.4,0.029586563307493537,0.444,14088.08
L,298.6,309.5,1325,52.2,127,0,10.899999999999977,69165.0,0.03939622641509434,0.508,16155.900000000001
L,303.2,311.4,1238,54.6,226,1,8.199999999999989,67594.8,0.04410339256865913,0.904,17002.44
L,299.0,308.9,1511,35.9,16,0,9.899999999999977,54244.9,0.023759099933818664,0.064,11089.509999999998
H,304.1,313.4,1696,29.6,65,0,9.299999999999955,50201.600000000006,0.017452830188679245,0.26,9276.64
L,301.3,311.2,1457,44.5,14,0,9.899999999999977,64836.5,0.030542210020590255,0.056,13848.4
L,297.5,308.9,1427,44.7,135,0,11.399999999999977,63786.9,0.031324456902592855,0.54,13807.83
M,300.9,312.0,1375,56.1,182,0,11.100000000000023,77137.5,0.0408,0.728,17503.2
L,297.1,308.5,1578,35.6,46,0,11.399999999999977,56176.8,0.022560202788339673,0.184,10982.6
L,301.4,310.4,1496,35.2,153,0,9.0,52659.200000000004,0.023529411764705885,0.612,10926.08
H,300.5,310.5,1403,47.7,24,0,10.0,66923.1,0.03399857448325018,0.096,14810.85
L,300.3,309.2,1412,44.8,200,0,8.899999999999977,63257.6,0.03172804532577903,0.8,13852.159999999998
L,304.1,313.2,1468,39.4,148,0,9.099999999999966,57839.2,0.026839237057220706,0.592,12340.08
M,298.2,308.3,1476,43.5,129,0,10.100000000000023,64206.0,0.029471544715447155,0.516,13411.050000000001
L,298.6,309.6,1423,42.7,82,0,11.0,60762.100000000006,0.03000702740688686,0.328,13219.920000000002
L,296.0,306.7,1416,44.2,46,0,10.699999999999989,62587.200000000004,0.031214689265536725,0.184,13556.140000000001
L,300.5,311.6,1661,30.0,158,0,11.100000000000023,49830.0,0.018061408789885613,0.632,9348.0
L,299.0,308.1,1242,60.9,117,0,9.100000000000023,75637.8,0.04903381642512077,0.468,18763.29
L,301.5,310.9,1891,23.2,122,0,9.399999999999977,43871.2,0.012268640930724484,0.488,7212.879999999999
M,300.6,309.3,1510,46.0,87,0,8.699999999999989,69460.0,0.030463576158940398,0.348,14227.800000000001
L,297.5,308.7,1443,46.2,110,0,11.199999999999989,66666.6,0.03201663201663202,0.44,14261.94
L,300.3,311.6,1595,38.8,154,0,11.300000000000011,61885.99999999999,0.02432601880877743,0.616,12090.08
L,300.7,312.2,1590,38.5,148,0,11.5,61215.0,0.024213836477987423,0.592,12019.699999999999
L,302.2,311.5,1482,45.6,87,0,9.300000000000011,67579.2,0.03076923076923077,0.348,14204.4
H,300.8,310.3,1777,30.1,38,0,9.5,53487.700000000004,0.016938660664040518,0.152,9340.03
L,298.4,308.0,1508,47.9,25,0,9.600000000000023,72233.2,0.03176392572944297,0.1,14753.199999999999
M,302.1,311.0,1711,28.7,83,0,8.899999999999977,49105.7,0.016773816481589713,0.332,8925.699999999999
L,297.2,308.5,2182,16.5,127,0,11.300000000000011,36003.0,0.007561869844179652,0.508,5090.25
M,298.7,308.5,1660,27.0,50,0,9.800000000000011,44820.0,0.016265060240963854,0.2,8329.5
H,297.5,308.8,1824,24.0,179,0,11.300000000000011,43776.0,0.013157894736842105,0.716,7411.200000000001
L,300.9,312.0,1533,44.0,162,0,11.100000000000023,67452.0,0.028701891715590344,0.648,13728.0
M,297.3,308.4,1370,50.5,71,0,11.099999999999966,69185.0,0.03686131386861314,0.284,15574.199999999999
M,303.6,311.8,1627,30.8,104,0,8.199999999999989,50111.6,0.018930547019053473,0.416,9603.44
L,298.1,307.8,1540,37.8,203,0,9.699999999999989,58211.99999999999,0.024545454545454544,0.812,11634.84
L,298.3,308.5,1606,33.6,67,0,10.199999999999989,53961.600000000006,0.020921544209215444,0.268,10365.6
L,298.4,309.3,1545,36.9,3,0,10.900000000000034,57010.5,0.023883495145631067,0.012,11413.17
M,300.1,311.4,1617,39.3,47,0,11.299999999999955,63548.1,0.024304267161410018,0.188,12238.019999999999
L,300.0,309.8,1372,39.6,105,0,9.800000000000011,54331.200000000004,0.028862973760932945,0.42,12268.080000000002
M,295.7,306.3,1685,34.9,84,0,10.600000000000023,58806.5,0.020712166172106822,0.336,10689.87
L,300.6,311.9,1425,44.9,224,0,11.299999999999955,63982.5,0.03150877192982456,0.896,14004.309999999998
M,297.8,309.0,1576,45.0,17,0,11.199999999999989,70920.0,0.028553299492385786,0.068,13905.0
M,302.4,310.1,1358,54.6,61,1,7.7000000000000455,74146.8,0.04020618556701031,0.244,16931.460000000003
L,299.4,308.8,1627,32.6,124,0,9.400000000000034,53040.200000000004,0.02003687768899816,0.496,10066.880000000001
L,301.8,310.7,1441,49.3,58,0,8.899999999999977,71041.3,0.03421235253296322,0.232,15317.509999999998
L,300.4,309.3,1671,35.0,209,0,8.900000000000034,58485.0,0.020945541591861162,0.836,10825.5
L,302.0,309.8,1480,40.0,199,0,7.800000000000011,59200.0,0.02702702702702703,0.796,12392.0
L,300.5,309.8,1421,49.6,211,0,9.300000000000011,70481.6,0.03490499648135116,0.844,15366.080000000002
M,300.2,311.6,1465,41.4,78,0,11.400000000000034,60651.0,0.02825938566552901,0.312,12900.24
L,302.6,311.5,1885,27.5,147,0,8.899999999999977,51837.5,0.014588859416445624,0.588,8566.25
L,299.2,308.4,1386,54.1,26,0,9.199999999999989,74982.6,0.03903318903318903,0.104,16684.44
L,300.2,311.8,1464,44.5,179,0,11.600000000000023,65148.0,0.030396174863387977,0.716,13875.1
M,301.8,310.6,1552,35.9,97,0,8.800000000000011,55716.799999999996,0.02313144329896907,0.388,11150.54
M,297.7,308.8,2089,19.1,111,0,11.100000000000023,39899.9,0.009143130684538057,0.444,5898.080000000001
L,302.1,311.3,1415,44.1,43,0,9.199999999999989,62401.5,0.0311660777385159,0.172,13728.330000000002
M,298.8,309.9,1495,35.2,60,0,11.099999999999966,52624.00000000001,0.023545150501672243,0.24,10908.48
M,298.9,310.1,1441,41.2,189,0,11.200000000000045,59369.200000000004,0.028591256072172104,0.756,12776.120000000003
H,301.4,309.9,1460,47.2,22,0,8.5,68912.0,0.03232876712328767,0.088,14627.28
M,298.2,309.1,1457,49.0,77,0,10.900000000000034,71393.0,0.033630748112560054,0.308,15145.900000000001
M,298.7,309.9,1411,45.1,51,0,11.199999999999989,63636.1,0.03196314670446492,0.204,13976.49
L,297.5,308.6,1208,62.3,28,0,11.100000000000023,75258.4,0.051572847682119206,0.112,19225.78
M,303.1,312.6,1567,32.9,132,0,9.5,51554.299999999996,0.020995532865347798,0.528,10284.54
M,298.7,310.3,1481,41.5,83,0,11.600000000000023,61461.5,0.028021607022282242,0.332,12877.45
L,298.7,308.6,1297,55.3,148,0,9.900000000000034,71724.09999999999,0.04263685427910563,0.592,17065.58
M,297.4,308.6,1434,44.4,193,0,11.200000000000045,63669.6,0.03096234309623431,0.772,13701.84
L,303.0,311.2,1755,30.4,205,0,8.199999999999989,53352.0,0.01732193732193732,0.82,9460.48
M,299.3,310.6,1457,42.1,104,0,11.300000000000011,61339.700000000004,0.028894989704873027,0.416,13076.260000000002
L,302.0,309.8,1701,27.2,4,0,7.800000000000011,46267.2,0.015990593768371544,0.016,8426.56
M,300.4,309.8,1435,43.6,203,0,9.400000000000034,62566.0,0.030383275261324044,0.812,13507.28
L,300.9,310.5,1565,35.9,81,0,9.600000000000023,56183.5,0.02293929712460064,0.324,11146.949999999999
L,300.9,310.4,1561,32.7,67,0,9.5,51044.700000000004,0.02094811018577835,0.268,10150.08
M,302.1,311.1,1605,37.6,171,0,9.0,60348.0,0.02342679127725857,0.684,11697.36
M,300.2,311.6,1467,40.7,23,0,11.400000000000034,59706.9,0.027743694614860263,0.092,12682.120000000003
L,300.3,311.3,1525,40.7,105,0,11.0,62067.50000000001,0.026688524590163937,0.42,12669.910000000002
H,297.5,308.6,1440,46.1,84,0,11.100000000000023,66384.0,0.03201388888888889,0.336,14226.460000000001
L,302.6,312.3,1321,53.4,42,0,9.699999999999989,70541.4,0.040423921271763814,0.168,16676.82
L,298.1,307.7,1537,40.8,169,0,9.599999999999966,62709.6,0.026545217957059206,0.676,12554.159999999998
L,299.3,308.8,1772,25.2,89,0,9.5,44654.4,0.014221218961625282,0.356,7781.76
M,303.1,311.3,1847,24.7,212,0,8.199999999999989,45620.9,0.01337303735787764,0.848,7689.11
M,296.9,308.1,1357,41.8,127,0,11.200000000000045,56722.6,0.03080324244657332,0.508,12878.58
M,297.4,308.7,1481,48.0,117,0,11.300000000000011,71088.0,0.03241053342336259,0.468,14817.599999999999
L,297.5,309.4,1517,36.7,233,0,11.899999999999977,55673.9,0.024192485168094927,0.932,11354.98
L,295.4,305.8,1407,50.7,192,0,10.400000000000034,71334.90000000001,0.036034115138592754,0.768,15504.060000000001
M,302.6,312.3,1566,36.6,46,0,9.699999999999989,57315.600000000006,0.023371647509578545,0.184,11430.18
L,302.5,311.9,1437,46.7,65,0,9.399999999999977,67107.90000000001,0.032498260264439804,0.26,14565.73
H,297.7,308.4,1418,51.9,77,0,10.699999999999989,73594.2,0.03660084626234132,0.308,16005.96
M,300.1,309.2,1438,51.0,211,0,9.099999999999966,73338.0,0.03546592489568846,0.844,15769.199999999999
L,301.5,310.4,1329,46.6,24,0,8.899999999999977,61931.4,0.03506395786305493,0.096,14464.64
L,297.5,308.2,1563,38.2,15,0,10.699999999999989,59706.600000000006,0.024440179142674347,0.06,11773.24
L,301.0,310.5,1932,21.7,79,0,9.5,41924.4,0.011231884057971014,0.316,6737.849999999999
L,300.5,309.3,1470,40.8,219,0,8.800000000000011,59975.99999999999,0.027755102040816326,0.876,12619.439999999999
M,301.6,310.8,1290,65.3,63,0,9.199999999999989,84237.0,0.05062015503875969,0.252,20295.24
L,302.5,311.6,1595,29.5,35,0,9.100000000000023,47052.5,0.018495297805642633,0.14,9192.2
M,298.1,307.9,1662,28.9,76,0,9.799999999999955,48031.799999999996,0.017388688327316486,0.304,8898.31
M,299.8,309.4,1751,27.0,173,0,9.599999999999966,47277.0,0.015419760137064534,0.692,8353.8
M,299.9,309.4,1487,42.2,198,0,9.5,62751.4,0.028379287155346336,0.792,13056.68
H,298.6,309.6,1593,33.3,95,0,11.0,53046.899999999994,0.020903954802259886,0.38,10309.68
L,300.0,311.2,1351,44.1,206,0,11.199999999999989,59579.1,0.032642487046632127,0.824,13723.92
M,300.8,310.9,1557,31.6,52,0,10.099999999999966,49201.200000000004,0.02029543994861914,0.208,9824.44
L,300.4,310.5,1818,25.1,14,0,10.100000000000023,45631.8,0.013806380638063807,0.056,7793.55
M,303.4,312.8,1590,36.3,113,0,9.400000000000034,57716.99999999999,0.022830188679245283,0.452,11354.64
L,301.2,310.8,1461,40.6,47,0,9.600000000000023,59316.6,0.027789185489390827,0.188,12618.480000000001
M,300.1,311.3,1523,34.1,135,0,11.199999999999989,51934.3,0.022390019697964544,0.54,10615.33
L,300.1,309.4,1434,47.3,127,0,9.299999999999955,67828.2,0.03298465829846583,0.508,14634.619999999997
L,296.7,307.8,1468,39.2,35,0,11.100000000000023,57545.600000000006,0.026702997275204362,0.14,12065.760000000002
M,298.3,307.9,1609,32.4,151,0,9.599999999999966,52131.6,0.020136730888750776,0.604,9975.96
L,298.2,308.7,1780,27.9,35,0,10.5,49662.0,0.015674157303370784,0.14,8612.73
L,302.5,311.4,1409,53.1,126,0,8.899999999999977,74817.90000000001,0.037686302342086586,0.504,16535.34
L,302.6,311.0,1537,35.5,91,0,8.399999999999977,54563.5,0.02309694209499024,0.364,11040.5
M,301.3,310.7,1391,52.5,61,0,9.399999999999977,73027.5,0.037742631200575125,0.244,16311.75
M,300.1,309.3,1443,50.3,196,0,9.199999999999989,72582.9,0.034857934857934855,0.784,15557.789999999999
L,298.7,309.7,1601,35.7,176,0,11.0,57155.700000000004,0.02229856339787633,0.704,11056.29
L,297.5,309.4,1497,35.8,44,0,11.899999999999977,53592.6,0.02391449565798263,0.176,11076.519999999999
L,298.3,309.0,1657,32.2,179,0,10.699999999999989,53355.4,0.01943270971635486,0.716,9949.800000000001
L,299.4,309.0,1391,58.2,135,0,9.600000000000023,80956.2,0.04184040258806614,0.54,17983.8
L,299.9,309.4,1348,52.8,31,0,9.5,71174.4,0.03916913946587537,0.124,16336.319999999998
H,298.3,308.2,1534,33.2,75,0,9.899999999999977,50928.8,0.021642764015645372,0.3,10232.24
L,300.5,309.3,1528,37.0,221,0,8.800000000000011,56536.0,0.024214659685863876,0.884,11444.1
M,297.6,307.2,1470,42.6,44,0,9.599999999999966,62622.0,0.028979591836734694,0.176,13086.72
M,299.9,311.3,1445,41.2,169,0,11.400000000000034,59534.00000000001,0.0285121107266436,0.676,12825.560000000001
L,299.2,310.5,1391,45.8,38,0,11.300000000000011,63707.799999999996,0.032925952552120774,0.152,14220.9
L,301.6,310.2,1384,57.1,68,0,8.599999999999966,79026.40000000001,0.041257225433526015,0.272,17712.42
M,299.8,310.8,1530,35.2,163,0,11.0,53856.00000000001,0.02300653594771242,0.652,10940.160000000002
M,297.9,307.4,1435,42.9,18,0,9.5,61561.5,0.02989547038327526,0.072,13187.46
L,297.5,308.5,1712,26.8,136,0,11.0,45881.6,0.015654205607476636,0.544,8267.800000000001
L,302.2,311.4,1987,19.9,200,0,9.199999999999989,39541.299999999996,0.010015098137896325,0.8,6196.859999999999
M,298.6,309.7,1675,28.4,115,0,11.099999999999966,47570.0,0.016955223880597014,0.46,8795.48
L,303.0,311.2,1383,44.6,198,0,8.199999999999989,61681.8,0.03224873463485177,0.792,13879.52
M,297.7,309.0,1433,41.8,16,0,11.300000000000011,59899.399999999994,0.02916957431960921,0.064,12916.199999999999
L,297.5,309.4,1357,50.1,137,0,11.899999999999977,67985.7,0.03691967575534267,0.548,15500.939999999999
L,299.6,309.0,1372,60.4,149,0,9.399999999999977,82868.8,0.04402332361516035,0.596,18663.6
L,297.5,308.6,1497,43.9,91,0,11.100000000000023,65718.3,0.029325317301269204,0.364,13547.54
L,300.7,310.8,1486,37.1,186,0,10.100000000000023,55130.6,0.02496635262449529,0.744,11530.68
L,301.7,310.9,1557,39.4,2,0,9.199999999999989,61345.799999999996,0.025305073859987155,0.008,12249.46
L,297.3,308.4,1417,47.8,31,0,11.099999999999966,67732.59999999999,0.03373323923782639,0.124,14741.519999999999
H,300.4,309.4,1487,38.9,185,0,9.0,57844.299999999996,0.026160053799596503,0.74,12035.659999999998
L,300.0,309.6,1364,45.9,16,0,9.600000000000023,62607.6,0.03365102639296188,0.064,14210.640000000001
M,300.4,310.3,1537,35.0,33,0,9.900000000000034,53795.0,0.02277163305139883,0.132,10860.5
L,298.4,307.9,1981,23.2,16,0,9.5,45959.2,0.011711256940938919,0.064,7143.279999999999
L,302.6,310.4,1743,26.3,191,0,7.7999999999999545,45840.9,0.01508892713711991,0.764,8163.5199999999995
H,302.3,310.8,1438,43.8,119,0,8.5,62984.399999999994,0.030458970792767732,0.476,13613.039999999999
M,302.9,311.2,1467,37.7,73,0,8.300000000000011,55305.9,0.025698704839809135,0.292,11732.24
L,299.9,309.4,1322,53.9,33,0,9.5,71255.8,0.0407715582450832,0.132,16676.66
M,304.2,313.2,1396,50.5,11,0,9.0,70498.0,0.03617478510028653,0.044,15816.599999999999
L,298.4,308.6,1304,45.0,158,0,10.200000000000045,58680.0,0.03450920245398773,0.632,13887.000000000002
L,297.7,309.1,1479,42.1,58,0,11.400000000000034,62265.9,0.028465179175118323,0.232,13013.11
M,302.0,311.1,1769,26.0,10,0,9.100000000000023,45994.0,0.014697569248162803,0.04,8088.6
L,299.1,310.2,1569,38.2,155,0,11.099999999999966,59935.8,0.024346717654557044,0.62,11849.640000000001
M,300.2,309.5,1630,28.3,51,0,9.300000000000011,46129.0,0.01736196319018405,0.204,8758.85
M,302.6,311.4,1718,31.2,154,0,8.799999999999955,53601.6,0.018160651920838183,0.616,9715.679999999998
M,302.2,311.7,1584,36.2,63,0,9.5,57340.8,0.022853535353535355,0.252,11283.54
L,302.8,312.2,1433,50.0,216,0,9.399999999999977,71650.0,0.034891835310537335,0.864,15610.0
L,301.5,310.5,1534,39.3,119,0,9.0,60286.2,0.02561929595827901,0.476,12202.65
L,303.6,312.9,1480,41.4,135,0,9.299999999999955,61272.0,0.027972972972972972,0.54,12954.06
L,298.3,309.4,1668,27.1,136,0,11.099999999999966,45202.8,0.016247002398081536,0.544,8384.74
L,298.9,310.0,1791,27.6,166,0,11.100000000000023,49431.600000000006,0.015410385259631492,0.664,8556.0
L,300.1,309.8,1532,39.8,115,0,9.699999999999989,60973.6,0.02597911227154047,0.46,12330.039999999999
L,297.4,309.2,1584,42.8,186,0,11.800000000000011,67795.2,0.027020202020202017,0.744,13233.759999999998
H,300.6,309.5,1495,36.5,79,0,8.899999999999977,54567.5,0.024414715719063545,0.316,11296.75
L,298.8,308.6,1730,25.9,59,0,9.800000000000011,44807.0,0.014971098265895953,0.236,7992.74
H,298.7,308.5,1572,35.6,202,0,9.800000000000011,55963.200000000004,0.022646310432569976,0.808,10982.6
M,297.9,307.7,1517,39.5,69,0,9.800000000000011,59921.5,0.026038233355306525,0.276,12154.15
L,300.6,310.5,1644,33.8,148,0,9.899999999999977,55567.2,0.020559610705596105,0.592,10494.9
L,302.2,310.9,1452,42.3,56,0,8.699999999999989,61419.6,0.029132231404958676,0.224,13151.069999999998
L,299.3,308.3,1651,28.0,6,0,9.0,46228.0,0.016959418534221685,0.024,8632.4
L,298.1,307.6,1488,39.4,157,0,9.5,58627.2,0.026478494623655913,0.628,12119.44
L,297.3,308.1,1566,35.7,156,0,10.800000000000011,55906.200000000004,0.022796934865900384,0.624,10999.170000000002
L,300.0,309.4,1499,35.7,46,0,9.399999999999977,53514.3,0.023815877251501003,0.184,11045.58
L,298.4,308.2,1618,33.0,61,0,9.800000000000011,53394.0,0.0203955500618047,0.244,10170.6
L,301.7,310.8,1559,44.5,135,0,9.100000000000023,69375.5,0.028543938422065426,0.54,13830.6
L,297.4,308.0,1356,51.9,184,0,10.600000000000023,70376.4,0.03827433628318584,0.736,15985.199999999999
L,300.7,310.6,1288,47.2,216,0,9.900000000000034,60793.600000000006,0.03664596273291926,0.864,14660.320000000002
M,301.3,309.9,1501,39.5,27,0,8.599999999999966,59289.5,0.02631578947368421,0.108,12241.05
L,303.4,311.9,1377,41.6,34,1,8.5,57283.200000000004,0.030210602759622368,0.136,12975.039999999999
M,301.8,311.1,1413,42.2,9,0,9.300000000000011,59628.600000000006,0.029865534324133053,0.036,13128.420000000002
L,299.1,309.0,1405,53.8,18,0,9.899999999999977,75589.0,0.038291814946619214,0.072,16624.2
L,302.1,311.0,1586,35.1,142,0,8.899999999999977,55668.600000000006,0.02213114754098361,0.568,10916.1
L,300.7,311.7,1524,43.5,222,0,11.0,66294.0,0.028543307086614175,0.888,13558.949999999999
L,299.3,310.4,1725,26.8,167,0,11.099999999999966,46230.0,0.015536231884057972,0.668,8318.72
M,299.6,309.4,1605,29.8,142,0,9.799999999999955,47829.0,0.018566978193146417,0.568,9220.119999999999
L,299.2,310.6,1370,61.9,42,0,11.400000000000034,84803.0,0.045182481751824814,0.168,19226.14
M,302.6,310.2,2157,17.2,94,0,7.599999999999966,37100.4,0.007974038015762634,0.376,5335.44
M,300.7,309.6,1473,48.1,87,0,8.900000000000034,70851.3,0.032654446707399865,0.348,14891.760000000002
L,299.3,308.9,1258,69.4,119,1,9.599999999999966,87305.20000000001,0.05516693163751988,0.476,21437.66
L,300.0,309.1,1489,40.3,7,0,9.100000000000023,60006.7,0.027065144392209535,0.028,12456.73
L,297.4,308.5,1471,43.9,45,0,11.100000000000023,64576.9,0.02984364377974167,0.18,13543.15
M,298.7,309.8,1343,53.6,134,0,11.100000000000023,71984.8,0.03991064780342517,0.536,16605.280000000002
L,298.1,310.0,1534,33.7,47,0,11.899999999999977,51695.8,0.02196870925684485,0.188,10447.0
L,298.9,309.6,1365,50.9,183,0,10.700000000000045,69478.5,0.03728937728937729,0.732,15758.640000000001
L,302.2,311.3,1389,46.9,106,0,9.100000000000023,65144.1,0.033765298776097914,0.424,14599.97
M,303.1,312.6,1895,23.5,129,0,9.5,44532.5,0.012401055408970976,0.516,7346.1
L,298.4,308.9,1402,44.8,201,0,10.5,62809.6,0.031954350927246786,0.804,13838.719999999998
L,302.8,312.4,1368,49.5,10,0,9.599999999999966,67716.0,0.03618421052631579,0.04,15463.8
L,297.3,308.8,1554,36.1,70,0,11.5,56099.4,0.023230373230373233,0.28,11147.68
H,298.6,308.2,1555,36.8,36,0,9.599999999999966,57223.99999999999,0.023665594855305463,0.144,11341.759999999998
L,301.6,311.3,1706,29.9,93,0,9.699999999999989,51009.399999999994,0.0175263774912075,0.372,9307.87
M,300.7,311.1,1608,35.3,167,0,10.400000000000034,56762.399999999994,0.021952736318407957,0.668,10981.83
L,303.8,312.5,1372,45.7,180,0,8.699999999999989,62700.4,0.03330903790087464,0.72,14281.25
M,301.5,310.5,1774,25.5,121,0,9.0,45237.0,0.014374295377677565,0.484,7917.75
L,301.4,311.2,1355,50.6,37,0,9.800000000000011,68563.0,0.037343173431734315,0.148,15746.72
M,300.3,311.5,1400,43.8,0,0,11.199999999999989,61319.99999999999,0.031285714285714285,0.0,13643.699999999999
L,297.9,308.1,1585,33.5,212,0,10.200000000000045,53097.5,0.02113564668769716,0.848,10321.35
L,301.9,310.9,1309,48.0,124,0,9.0,62832.0,0.03666921313980138,0.496,14923.199999999999
L,297.4,308.4,1531,41.5,213,0,11.0,63536.5,0.027106466361854997,0.852,12798.599999999999
L,296.6,307.6,1542,37.4,88,0,11.0,57670.799999999996,0.024254215304798963,0.352,11504.24
L,298.1,308.3,1301,56.0,63,0,10.199999999999989,72856.0,0.04304381245196003,0.252,17264.8
M,300.6,312.1,1293,52.3,49,0,11.5,67623.9,0.04044856921887084,0.196,16322.83
L,297.4,309.3,1332,53.2,115,0,11.900000000000034,70862.40000000001,0.03993993993993994,0.46,16454.760000000002
L,299.8,310.6,1707,32.5,124,0,10.800000000000011,55477.5,0.019039250146455772,0.496,10094.5
M,299.8,309.4,1412,47.8,130,0,9.599999999999966,67493.59999999999,0.03385269121813031,0.52,14789.319999999998
L,302.3,311.1,1630,35.6,183,0,8.800000000000011,58028.0,0.021840490797546012,0.732,11075.160000000002
M,302.9,312.2,1745,25.5,98,0,9.300000000000011,44497.5,0.014613180515759312,0.392,7961.099999999999
M,302.3,311.1,1295,57.1,146,0,8.800000000000011,73944.5,0.044092664092664095,0.584,17763.81
M,298.5,309.3,1692,26.7,118,0,10.800000000000011,45176.4,0.01578014184397163,0.472,8258.31
L,303.6,312.4,1363,53.1,7,0,8.799999999999955,72375.3,0.038958180484225974,0.028,16588.44
L,300.6,309.5,1576,38.8,124,0,8.899999999999977,61148.799999999996,0.024619289340101522,0.496,12008.599999999999
M,298.2,308.7,1269,60.9,163,0,10.5,77282.09999999999,0.047990543735224586,0.652,18799.829999999998
L,298.2,307.8,1355,51.3,70,0,9.600000000000023,69511.5,0.03785977859778598,0.28,15790.14
L,301.7,310.8,1622,37.8,0,0,9.100000000000023,61311.6,0.023304562268803945,0.0,11748.24
H,304.2,313.5,1684,29.8,156,0,9.300000000000011,50183.200000000004,0.017695961995249407,0.624,9342.300000000001
L,299.7,309.3,1592,34.2,8,0,9.600000000000023,54446.4,0.02148241206030151,0.032,10578.060000000001
L,299.7,309.2,1422,40.4,140,0,9.5,57448.799999999996,0.02841068917018284,0.56,12491.679999999998
L,299.3,308.7,1408,48.7,85,0,9.399999999999977,68569.6,0.034588068181818185,0.34,15033.69
H,297.3,308.3,1935,19.3,24,0,11.0,37345.5,0.009974160206718347,0.096,5950.1900000000005
M,298.1,309.6,1549,38.7,43,0,11.5,59946.3,0.024983860555196902,0.172,11981.520000000002
L,298.5,309.6,1724,26.4,100,0,11.100000000000023,45513.6,0.015313225058004639,0.4,8173.4400000000005
H,297.3,308.7,1430,42.8,153,0,11.399999999999977,61203.99999999999,0.029930069930069927,0.612,13212.359999999999
L,300.8,312.5,1434,50.7,121,0,11.699999999999989,72703.8,0.03535564853556485,0.484,15843.75
M,296.9,307.9,1979,20.4,68,0,11.0,40371.6,0.010308236483072258,0.272,6281.159999999999
L,298.3,308.0,1451,47.1,196,0,9.699999999999989,68342.1,0.032460372157133016,0.784,14506.800000000001
L,299.5,310.0,1502,38.5,52,0,10.5,57827.0,0.02563249001331558,0.208,11935.0
L,299.1,310.4,1428,46.9,87,0,11.299999999999955,66973.2,0.03284313725490196,0.348,14557.759999999998
L,299.7,311.0,1827,25.4,194,0,11.300000000000011,46405.799999999996,0.013902572523262177,0.776,7899.4
L,298.9,308.5,1459,43.1,147,0,9.600000000000023,62882.9,0.0295407813570939,0.588,13296.35
H,300.7,312.4,1457,47.2,74,0,11.699999999999989,68770.40000000001,0.032395332875772134,0.296,14745.28
L,298.0,308.2,1469,45.5,214,0,10.199999999999989,66839.5,0.030973451327433628,0.856,14023.1
L,298.1,309.9,1634,30.0,53,0,11.799999999999955,49020.0,0.01835985312117503,0.212,9297.0
L,301.0,311.3,1349,47.0,71,0,10.300000000000011,63403.0,0.034840622683469234,0.284,14631.1
L,301.9,310.4,1376,54.9,126,1,8.5,75542.4,0.03989825581395349,0.504,17040.96
L,298.3,308.5,1362,53.8,164,0,10.199999999999989,73275.59999999999,0.0395007342143906,0.656,16597.3
M,297.4,309.0,1685,30.7,177,0,11.600000000000023,51729.5,0.01821958456973294,0.708,9486.3
L,302.3,311.3,1621,31.6,135,0,9.0,51223.600000000006,0.019494139420111044,0.54,9837.08
L,298.7,309.2,1586,31.4,180,0,10.5,49800.399999999994,0.019798234552332913,0.72,9708.88
L,298.3,308.6,1447,38.1,146,0,10.300000000000011,55130.700000000004,0.026330338631651694,0.584,11757.660000000002
M,302.3,311.8,1363,54.0,119,1,9.5,73602.0,0.03961848862802641,0.476,16837.2
L,299.8,309.4,1555,34.8,122,0,9.599999999999966,54113.99999999999,0.02237942122186495,0.488,10767.119999999999
L,297.3,308.3,1538,38.5,47,0,11.0,59213.0,0.02503250975292588,0.188,11869.550000000001
M,299.8,309.1,1355,56.7,7,0,9.300000000000011,76828.5,0.041845018450184505,0.028,17525.97
L,301.5,310.7,1426,46.1,81,0,9.199999999999989,65738.6,0.03232819074333801,0.324,14323.27
M,301.8,310.0,1781,23.9,198,0,8.199999999999989,42565.899999999994,0.013419427288040426,0.792,7409.0
M,300.6,310.3,1614,32.7,0,0,9.699999999999989,52777.8,0.020260223048327138,0.0,10146.810000000001
M,298.1,309.0,1661,38.2,82,0,10.899999999999977,63450.200000000004,0.022998193859121014,0.328,11803.800000000001
L,297.6,309.1,1503,38.9,157,0,11.5,58466.7,0.02588157019294744,0.628,12023.99
L,302.0,310.4,1568,39.2,112,0,8.399999999999977,61465.600000000006,0.025,0.448,12167.68
L,298.9,310.1,1571,36.8,78,0,11.200000000000045,57812.799999999996,0.023424570337364736,0.312,11411.68
L,299.0,308.8,1310,50.7,112,0,9.800000000000011,66417.0,0.03870229007633588,0.448,15656.160000000002
L,300.9,310.4,1615,30.9,200,0,9.5,49903.5,0.01913312693498452,0.8,9591.359999999999
L,301.3,311.0,1582,35.6,202,0,9.699999999999989,56319.200000000004,0.022503160556257902,0.808,11071.6
L,302.3,310.9,1596,33.5,104,0,8.599999999999966,53466.0,0.020989974937343357,0.416,10415.15
L,300.0,311.3,1484,53.2,158,0,11.300000000000011,78948.8,0.035849056603773584,0.632,16561.16
L,300.2,311.6,1529,35.5,21,0,11.400000000000034,54279.5,0.023217789404839765,0.084,11061.800000000001
L,296.7,307.8,1400,47.5,3,0,11.100000000000023,66500.0,0.033928571428571426,0.012,14620.5
L,302.5,310.3,1549,40.9,170,0,7.800000000000011,63354.1,0.026404131697869593,0.68,12691.27
L,297.5,308.6,1552,44.9,77,0,11.100000000000023,69684.8,0.02893041237113402,0.308,13856.140000000001
L,300.0,309.3,1972,22.0,175,0,9.300000000000011,43384.0,0.011156186612576065,0.7,6804.6
L,297.0,308.1,1362,52.5,213,1,11.100000000000023,71505.0,0.03854625550660793,0.852,16175.250000000002
H,299.9,311.2,1364,49.6,50,0,11.300000000000011,67654.40000000001,0.03636363636363636,0.2,15435.52
L,302.3,310.9,1403,47.2,173,0,8.599999999999966,66221.6,0.03364219529579473,0.692,14674.48
L,297.1,308.4,1726,28.4,202,0,11.299999999999955,49018.399999999994,0.01645422943221321,0.808,8758.56
L,302.5,310.2,1454,43.0,108,0,7.699999999999989,62522.0,0.029573590096286108,0.432,13338.6
L,301.1,311.0,1918,21.7,28,0,9.899999999999977,41620.6,0.011313868613138685,0.112,6748.7
M,302.0,310.5,1425,44.7,76,0,8.5,63697.50000000001,0.03136842105263158,0.304,13879.35
L,297.6,308.3,1478,42.3,193,0,10.699999999999989,62519.399999999994,0.028619756427604868,0.772,13041.09
L,302.6,310.6,1549,37.5,199,0,8.0,58087.5,0.02420916720464816,0.796,11647.5
M,302.3,311.4,1855,23.9,43,0,9.099999999999966,44334.5,0.012884097035040431,0.172,7442.459999999999
M,300.9,311.3,1801,24.6,100,0,10.400000000000034,44304.600000000006,0.013659078289838979,0.4,7657.9800000000005
H,301.8,311.1,1543,36.4,120,0,9.300000000000011,56165.2,0.023590408295528192,0.48,11324.04
L,296.3,307.3,1372,57.7,33,0,11.0,79164.40000000001,0.04205539358600583,0.132,17731.210000000003
L,302.8,312.4,1376,57.1,8,0,9.599999999999966,78569.6,0.04149709302325581,0.032,17838.04
M,298.0,307.5,1431,52.9,92,0,9.5,75699.9,0.03696715583508036,0.368,16266.75
L,298.4,310.0,1554,37.3,103,0,11.600000000000023,57964.2,0.024002574002574002,0.412,11563.0
L,300.8,311.7,1753,29.0,8,0,10.899999999999977,50837.0,0.01654306902452938,0.032,9039.3
H,302.2,311.1,1553,34.1,89,0,8.900000000000034,52957.3,0.02195750160978751,0.356,10608.510000000002
L,301.3,311.2,1668,30.1,18,0,9.899999999999977,50206.8,0.018045563549160672,0.072,9367.12
L,300.1,309.4,1464,41.7,30,0,9.299999999999955,61048.8,0.028483606557377052,0.12,12901.98
L,299.2,309.9,1516,41.4,219,0,10.699999999999989,62762.4,0.027308707124010553,0.876,12829.859999999999
L,297.6,309.0,1528,33.8,22,0,11.399999999999977,51646.399999999994,0.02212041884816754,0.088,10444.199999999999
L,301.0,312.3,1424,43.5,136,0,11.300000000000011,61944.0,0.030547752808988762,0.544,13585.050000000001
L,299.4,310.5,1749,28.1,179,0,11.100000000000023,49146.9,0.016066323613493427,0.716,8725.050000000001
L,298.9,309.1,1452,45.5,196,0,10.200000000000045,66066.0,0.03133608815426997,0.784,14064.050000000001
L,300.6,309.8,1502,42.4,133,0,9.199999999999989,63684.799999999996,0.028229027962716376,0.532,13135.52
L,298.3,308.9,1708,27.3,170,0,10.599999999999966,46628.4,0.015983606557377048,0.68,8432.97
M,301.7,311.0,1505,37.1,190,0,9.300000000000011,55835.5,0.024651162790697675,0.76,11538.1
M,303.5,311.6,1562,34.2,107,0,8.100000000000023,53420.4,0.021895006402048656,0.428,10656.720000000001
L,299.0,309.9,1548,34.5,214,0,10.899999999999977,53406.0,0.022286821705426358,0.856,10691.55
L,298.8,308.9,1402,37.9,2,0,10.099999999999966,53135.799999999996,0.027032810271041367,0.008,11707.31
L,300.2,311.7,1553,41.3,44,0,11.5,64138.899999999994,0.026593689632968445,0.176,12873.21
L,303.4,311.7,1406,47.1,213,0,8.300000000000011,66222.6,0.033499288762446656,0.852,14681.07
M,302.3,310.8,1611,31.8,169,0,8.5,51229.8,0.01973929236499069,0.676,9883.44
L,297.9,309.1,1442,50.3,24,0,11.200000000000045,72532.59999999999,0.034882108183079054,0.096,15547.73
L,303.0,312.3,1932,21.9,132,0,9.300000000000011,42310.799999999996,0.011335403726708073,0.528,6839.37
L,297.3,308.3,1494,38.2,14,0,11.0,57070.8,0.025568942436412317,0.056,11777.060000000001
M,300.2,309.4,1501,40.0,48,0,9.199999999999989,60040.0,0.02664890073284477,0.192,12376.0
L,297.6,308.3,1438,47.8,84,0,10.699999999999989,68736.4,0.03324061196105702,0.336,14736.74
L,301.7,310.8,1385,50.7,133,0,9.100000000000023,70219.5,0.03660649819494585,0.532,15757.560000000001
L,298.3,309.1,1421,47.4,33,0,10.800000000000011,67355.4,0.033356790992258974,0.132,14651.34
L,296.8,307.6,1398,46.7,144,0,10.800000000000011,65286.600000000006,0.03340486409155937,0.576,14364.920000000002
L,299.2,308.9,1588,41.5,150,0,9.699999999999989,65902.0,0.026133501259445843,0.6,12819.349999999999
L,302.2,310.6,1632,30.5,122,0,8.400000000000034,49776.0,0.018688725490196078,0.488,9473.300000000001
L,299.5,309.3,1422,49.2,179,0,9.800000000000011,69962.40000000001,0.03459915611814346,0.716,15217.560000000001
L,301.3,310.6,1416,45.2,88,0,9.300000000000011,64003.200000000004,0.03192090395480226,0.352,14039.120000000003
M,297.9,307.5,1642,32.4,126,0,9.600000000000023,53200.799999999996,0.019732034104750305,0.504,9963.0
L,304.0,313.1,1564,50.9,119,0,9.100000000000023,79607.59999999999,0.03254475703324808,0.476,15936.79
L,298.1,308.5,1498,49.4,5,0,10.399999999999977,74001.2,0.032977303070761015,0.02,15239.9
L,300.5,312.0,1453,45.1,151,0,11.5,65530.3,0.03103922918100482,0.604,14071.2
L,303.3,312.2,1506,40.0,50,0,8.899999999999977,60240.0,0.02656042496679947,0.2,12488.0
H,300.9,310.6,1686,27.7,176,0,9.700000000000045,46702.2,0.016429418742586,0.704,8603.62
L,302.3,311.1,1546,33.1,156,0,8.800000000000011,51172.600000000006,0.021410090556274256,0.624,10297.410000000002
M,297.6,309.2,1442,48.1,0,0,11.599999999999966,69360.2,0.033356449375866855,0.0,14872.52
L,301.9,309.8,1507,44.7,131,0,7.900000000000034,67362.90000000001,0.029661579296615795,0.524,13848.060000000001
M,302.4,310.5,1372,45.7,144,1,8.100000000000023,62700.4,0.03330903790087464,0.576,14189.85
H,300.9,311.2,1518,35.0,90,0,10.300000000000011,53130.0,0.0230566534914361,0.36,10892.0
M,304.1,313.5,1587,33.6,108,0,9.399999999999977,53323.200000000004,0.02117202268431002,0.432,10533.6
L,297.5,308.5,1340,57.4,143,0,11.0,76916.0,0.04283582089552239,0.572,17707.899999999998
M,300.5,311.5,1370,56.1,7,0,11.0,76857.0,0.04094890510948905,0.028,17475.15
L,295.6,306.2,1263,61.8,27,0,10.599999999999966,78053.4,0.04893111638954869,0.108,18923.16
M,298.8,310.3,1573,41.8,91,0,11.5,65751.4,0.02657342657342657,0.364,12970.539999999999
L,301.4,310.7,1436,54.1,90,0,9.300000000000011,77687.6,0.037674094707520894,0.36,16808.87
M,300.9,312.1,1297,48.6,76,0,11.200000000000045,63034.200000000004,0.037471087124132614,0.304,15168.060000000001
L,300.6,309.5,2025,21.4,64,0,8.899999999999977,43335.0,0.010567901234567901,0.256,6623.299999999999
M,299.0,309.0,1351,52.2,44,0,10.0,70522.2,0.038638045891931906,0.176,16129.800000000001
L,298.1,309.9,1563,32.8,51,0,11.799999999999955,51266.399999999994,0.020985284708893152,0.204,10164.719999999998
L,301.3,311.1,1454,40.3,191,0,9.800000000000011,58596.2,0.027716643741403025,0.764,12537.33
H,297.5,308.4,1490,39.7,34,0,10.899999999999977,59153.00000000001,0.026644295302013423,0.136,12243.48
M,297.0,307.9,1412,47.4,112,0,10.899999999999977,66928.8,0.03356940509915014,0.448,14594.46
H,301.4,310.6,1674,33.6,49,0,9.200000000000045,56246.4,0.02007168458781362,0.196,10436.160000000002
L,303.8,313.0,1427,43.0,0,0,9.199999999999989,61361.0,0.030133146461107218,0.0,13459.0
L,300.2,311.8,1436,48.2,175,0,11.600000000000023,69215.2,0.03356545961002786,0.7,15028.760000000002
H,300.2,309.9,1906,22.9,165,0,9.699999999999989,43647.399999999994,0.012014690451206714,0.66,7096.709999999999
M,297.6,308.6,1414,45.4,138,0,11.0,64195.6,0.03210749646393211,0.552,14010.44
L,302.9,311.1,1555,33.9,96,0,8.200000000000045,52714.5,0.02180064308681672,0.384,10546.29
M,304.2,313.7,2113,18.4,139,0,9.5,38879.2,0.008707998106956933,0.556,5772.079999999999
H,302.2,311.1,1476,39.6,96,0,8.900000000000034,58449.6,0.026829268292682926,0.384,12319.560000000001
L,298.8,309.8,1663,28.2,67,0,11.0,46896.6,0.016957306073361395,0.268,8736.36
L,300.6,311.3,1531,38.5,0,0,10.699999999999989,58943.5,0.025146962769431742,0.0,11985.050000000001
M,295.6,306.1,1462,49.2,158,0,10.5,71930.40000000001,0.03365253077975376,0.632,15060.120000000003
H,300.0,309.7,1529,42.4,107,0,9.699999999999989,64829.6,0.027730542838456506,0.428,13131.279999999999
M,301.5,310.7,1336,65.6,0,1,9.199999999999989,87641.59999999999,0.04910179640718562,0.0,20381.92
L,302.1,311.2,1422,50.3,146,0,9.099999999999966,71526.59999999999,0.035372714486638535,0.584,15653.359999999999
L,301.3,310.9,2165,17.4,143,0,9.599999999999966,37671.0,0.008036951501154735,0.572,5409.659999999999
M,298.5,309.0,1921,22.0,196,0,10.5,42262.0,0.011452368558042686,0.784,6798.0
L,297.4,308.6,1276,53.6,103,0,11.200000000000045,68393.6,0.04200626959247649,0.412,16540.960000000003
M,299.8,309.1,1456,39.4,209,0,9.300000000000011,57366.4,0.027060439560439558,0.836,12178.54
L,301.5,310.5,1351,52.9,116,0,9.0,71467.9,0.03915618060695781,0.464,16425.45
M,297.4,308.0,1601,34.6,181,0,10.600000000000023,55394.600000000006,0.021611492816989382,0.724,10656.800000000001
L,298.1,307.7,2567,12.8,125,1,9.599999999999966,32857.6,0.004986365407089989,0.5,3938.56
L,298.9,310.0,1422,43.6,78,0,11.100000000000023,61999.200000000004,0.030661040787623068,0.312,13516.0
L,298.8,309.8,1334,49.3,42,0,11.0,65766.2,0.03695652173913043,0.168,15273.14
L,298.8,309.7,1505,39.0,131,0,10.899999999999977,58695.0,0.025913621262458473,0.524,12078.3
L,302.4,312.1,1455,40.4,28,0,9.700000000000045,58782.0,0.027766323024054983,0.112,12608.84
M,298.7,310.3,1495,38.7,88,0,11.600000000000023,57856.50000000001,0.025886287625418062,0.352,12008.61
L,300.0,310.1,1477,34.6,195,0,10.100000000000023,51104.200000000004,0.023425863236289778,0.78,10729.460000000001
L,298.4,308.0,1526,41.1,162,0,9.600000000000023,62718.6,0.026933158584534732,0.648,12658.800000000001
M,297.4,308.4,1478,46.2,95,0,11.0,68283.6,0.03125845737483086,0.38,14248.08
M,301.5,311.0,1577,39.7,118,0,9.5,62606.9,0.02517438173747622,0.472,12346.7
H,300.4,309.4,1530,40.4,112,0,9.0,61812.0,0.026405228758169932,0.448,12499.759999999998
L,302.3,310.7,1612,33.4,139,0,8.399999999999977,53840.799999999996,0.020719602977667492,0.556,10377.38
L,298.2,308.1,1382,43.5,37,0,9.900000000000034,60117.0,0.03147612156295224,0.148,13402.35
M,301.7,309.9,1434,47.9,189,0,8.199999999999989,68688.59999999999,0.03340306834030683,0.756,14844.21
L,301.7,310.9,1636,31.3,42,0,9.199999999999989,51206.8,0.0191320293398533,0.168,9731.17
L,297.7,309.1,1477,38.3,60,0,11.400000000000034,56569.1,0.025930941096817872,0.24,11838.53
L,299.8,309.1,1546,35.6,93,0,9.300000000000011,55037.600000000006,0.023027166882276844,0.372,11003.960000000001
L,302.2,311.0,1463,46.8,150,0,8.800000000000011,68468.4,0.031989063568010935,0.6,14554.8
M,297.1,307.9,1662,26.9,183,0,10.799999999999955,44707.799999999996,0.01618531889290012,0.732,8282.509999999998
M,302.1,311.1,1450,51.6,86,0,9.0,74820.0,0.035586206896551724,0.344,16052.760000000002
L,299.2,308.5,1374,53.6,143,0,9.300000000000011,73646.40000000001,0.03901018922852984,0.572,16535.600000000002
L,298.4,308.7,1386,44.9,135,0,10.300000000000011,62231.4,0.032395382395382394,0.54,13860.63
M,301.5,310.5,1737,29.3,114,0,9.0,50894.1,0.01686816350028785,0.456,9097.65
L,298.4,309.2,1425,45.5,11,0,10.800000000000011,64837.5,0.03192982456140351,0.044,14068.6
H,299.2,308.7,1448,51.4,173,0,9.5,74427.2,0.03549723756906077,0.692,15867.179999999998
L,299.0,308.7,1426,38.6,16,0,9.699999999999989,55043.6,0.027068723702664797,0.064,11915.82
M,296.8,307.4,1472,43.9,30,0,10.599999999999966,64620.799999999996,0.02982336956521739,0.12,13494.859999999999
L,301.9,310.9,1574,31.4,27,0,9.0,49423.6,0.019949174078780177,0.108,9762.259999999998
L,300.3,310.7,1539,32.3,123,0,10.399999999999977,49709.7,0.02098765432098765,0.492,10035.609999999999
L,299.0,310.2,1490,41.1,54,0,11.199999999999989,61239.0,0.027583892617449667,0.216,12749.22
L,301.9,310.3,1485,46.3,24,0,8.400000000000034,68755.5,0.031178451178451177,0.096,14366.89
L,301.4,311.1,1472,44.5,159,0,9.700000000000045,65504.0,0.030230978260869564,0.636,13843.95
M,300.9,310.8,1452,43.6,185,0,9.900000000000034,63307.200000000004,0.030027548209366393,0.74,13550.880000000001
H,298.7,309.5,1453,40.4,108,0,10.800000000000011,58701.2,0.02780454232622161,0.432,12503.8
L,300.6,310.6,1454,39.7,67,0,10.0,57723.8,0.027303988995873454,0.268,12330.820000000002
M,298.8,309.7,1459,47.3,141,0,10.899999999999977,69010.7,0.03241946538725154,0.564,14648.81
M,302.5,310.3,1710,27.3,186,0,7.800000000000011,46683.0,0.015964912280701755,0.744,8471.19
H,296.9,307.5,1397,48.3,22,0,10.600000000000023,67475.09999999999,0.03457408732999284,0.088,14852.25
M,302.1,310.7,1608,30.3,81,0,8.599999999999966,48722.4,0.018843283582089553,0.324,9414.21
H,302.5,311.5,1626,36.0,44,0,9.0,58536.0,0.02214022140221402,0.176,11214.0
L,299.0,310.1,1618,29.2,62,0,11.100000000000023,47245.6,0.018046971569839306,0.248,9054.92
L,302.2,310.6,1334,53.2,159,1,8.400000000000034,70968.8,0.039880059970014994,0.636,16523.920000000002
M,300.1,310.1,1443,49.3,61,0,10.0,71139.9,0.034164934164934165,0.244,15287.93
L,296.5,307.3,1501,42.1,162,0,10.800000000000011,63192.1,0.028047968021319123,0.648,12937.330000000002
L,298.3,308.3,1432,46.9,65,0,10.0,67160.8,0.03275139664804469,0.26,14459.27
H,297.4,308.5,1469,45.1,63,0,11.100000000000023,66251.90000000001,0.030701157249829816,0.252,13913.35
H,302.6,311.5,1629,34.4,228,1,8.899999999999977,56037.6,0.021117249846531613,0.912,10715.6
M,298.3,308.4,1539,43.4,69,0,10.099999999999966,66792.59999999999,0.02820012995451592,0.276,13384.559999999998
M,300.0,309.1,1624,30.8,155,0,9.100000000000023,50019.200000000004,0.01896551724137931,0.62,9520.28
L,299.0,308.7,1537,42.8,202,0,9.699999999999989,65783.59999999999,0.027846454131424853,0.808,13212.359999999999
M,298.9,308.7,1402,49.8,167,0,9.800000000000011,69819.59999999999,0.035520684736091296,0.668,15373.259999999998
L,298.1,308.0,1426,46.0,61,0,9.899999999999977,65596.0,0.03225806451612903,0.244,14168.0
L,298.0,308.7,1511,45.8,114,0,10.699999999999989,69203.8,0.03031105228325612,0.456,14138.46
M,295.6,306.2,1435,51.6,126,0,10.599999999999966,74046.0,0.0359581881533101,0.504,15799.92
M,301.6,310.7,1791,23.8,81,0,9.099999999999966,42625.8,0.013288665549972083,0.324,7394.66
M,300.6,311.9,1629,35.3,0,0,11.299999999999955,57503.7,0.021669736034376916,0.0,11010.069999999998
L,303.8,312.9,1514,34.3,180,0,9.099999999999966,51930.2,0.022655217965653895,0.72,10732.469999999998
L,302.0,310.5,1978,22.0,106,0,8.5,43516.0,0.011122345803842264,0.424,6831.0
M,298.6,309.7,1635,32.2,110,0,11.099999999999966,52647.00000000001,0.019694189602446486,0.44,9972.34
M,297.9,308.1,1627,31.4,209,0,10.200000000000045,51087.799999999996,0.01929932390903503,0.836,9674.34
L,303.4,311.8,1564,35.9,171,0,8.400000000000034,56147.6,0.0229539641943734,0.684,11193.62
L,299.1,310.1,1435,48.8,229,1,11.0,70028.0,0.03400696864111498,0.916,15132.880000000001
H,300.4,309.3,1396,51.2,54,0,8.900000000000034,71475.2,0.036676217765042984,0.216,15836.160000000002
L,301.1,310.4,1874,24.8,47,0,9.299999999999955,46475.200000000004,0.013233724653148347,0.188,7697.92
L,298.0,308.0,1433,39.2,87,0,10.0,56173.600000000006,0.027355198883461274,0.348,12073.6
M,300.0,309.3,1407,43.9,138,0,9.300000000000011,61767.299999999996,0.031201137171286423,0.552,13578.27
M,302.3,311.8,1475,48.0,180,0,9.5,70800.0,0.03254237288135593,0.72,14966.400000000001
L,302.8,310.8,1516,39.5,23,0,8.0,59882.0,0.026055408970976253,0.092,12276.6
L,299.1,308.3,1559,33.7,30,0,9.199999999999989,52538.3,0.02161642078255292,0.12,10389.710000000001
M,299.0,310.0,1337,57.4,146,0,11.0,76743.8,0.04293193717277487,0.584,17794.0
M,300.5,311.4,1390,51.9,68,0,10.899999999999977,72141.0,0.037338129496402875,0.272,16161.659999999998
M,303.7,312.4,1540,37.4,146,0,8.699999999999989,57596.0,0.024285714285714285,0.584,11683.759999999998
M,302.8,312.3,1432,49.0,218,0,9.5,70168.0,0.034217877094972066,0.872,15302.7
M,302.3,310.1,1563,37.8,31,0,7.800000000000011,59081.399999999994,0.024184261036468327,0.124,11721.78
M,302.2,311.0,1436,47.0,187,0,8.800000000000011,67492.0,0.032729805013927575,0.748,14617.0
L,298.1,309.0,1497,40.5,58,0,10.899999999999977,60628.5,0.027054108216432865,0.232,12514.5
L,297.3,307.9,1579,34.4,193,0,10.599999999999966,54317.6,0.021785940468651045,0.772,10591.759999999998
L,302.6,310.4,1638,36.2,84,0,7.7999999999999545,59295.600000000006,0.0221001221001221,0.336,11236.48
L,302.1,311.0,1364,50.0,205,0,8.899999999999977,68200.0,0.036656891495601175,0.82,15550.0
L,301.0,311.2,1412,42.1,64,0,10.199999999999989,59445.200000000004,0.02981586402266289,0.256,13101.52
M,296.9,307.5,1556,31.2,116,0,10.600000000000023,48547.2,0.02005141388174807,0.464,9594.0
M,298.2,308.9,1408,38.8,20,0,10.699999999999989,54630.399999999994,0.02755681818181818,0.08,11985.319999999998
H,297.1,308.3,1492,41.5,141,0,11.199999999999989,61918.0,0.02781501340482574,0.564,12794.45
L,302.3,311.4,1570,37.2,15,0,9.099999999999966,58404.00000000001,0.02369426751592357,0.06,11584.08
L,298.9,309.9,1500,44.2,115,0,11.0,66300.0,0.02946666666666667,0.46,13697.58
L,298.5,309.4,1911,21.5,164,0,10.899999999999977,41086.5,0.011250654107796965,0.656,6652.099999999999
L,298.9,310.1,1944,23.4,192,0,11.200000000000045,45489.6,0.012037037037037037,0.768,7256.34
L,300.5,311.6,1575,32.5,168,0,11.100000000000023,51187.5,0.020634920634920634,0.672,10127.0
L,301.9,310.5,1340,55.7,204,1,8.600000000000023,74638.0,0.04156716417910448,0.816,17294.850000000002
H,298.3,309.1,1430,40.9,162,0,10.800000000000011,58487.0,0.0286013986013986,0.648,12642.19
H,303.8,312.5,1748,25.1,175,0,8.699999999999989,43874.8,0.014359267734553777,0.7,7843.75
L,297.9,307.7,1546,37.6,72,0,9.800000000000011,58129.600000000006,0.024320827943078913,0.288,11569.52
L,300.9,310.7,1468,36.2,208,0,9.800000000000011,53141.600000000006,0.02465940054495913,0.832,11247.34
L,298.8,308.5,1446,37.0,11,0,9.699999999999989,53502.0,0.025587828492392807,0.044,11414.5
L,300.9,310.8,1476,39.0,10,0,9.900000000000034,57564.0,0.026422764227642278,0.04,12121.2
L,303.0,312.5,1461,40.2,127,0,9.5,58732.200000000004,0.02751540041067762,0.508,12562.5
H,304.0,313.1,1408,39.8,132,0,9.100000000000023,56038.399999999994,0.02826704545454545,0.528,12461.38
L,301.5,311.1,2076,18.7,103,0,9.600000000000023,38821.2,0.009007707129094412,0.412,5817.570000000001
M,300.6,311.6,1473,31.5,69,0,11.0,46399.5,0.021384928716904276,0.276,9815.400000000001
M,297.2,308.6,1404,43.7,160,0,11.400000000000034,61354.8,0.031125356125356128,0.64,13485.820000000002
M,303.8,312.7,1364,49.3,167,0,8.899999999999977,67245.2,0.036143695014662754,0.668,15416.109999999999
L,297.5,308.7,1453,37.6,112,0,11.199999999999989,54632.8,0.02587749483826566,0.448,11607.12
L,303.4,312.3,1540,38.7,96,0,8.900000000000034,59598.00000000001,0.02512987012987013,0.384,12086.010000000002
L,296.2,307.2,1356,43.6,22,0,11.0,59121.6,0.03215339233038348,0.088,13393.92
L,300.5,309.8,1445,43.9,164,0,9.300000000000011,63435.5,0.030380622837370242,0.656,13600.22
L,297.1,308.5,1555,36.2,0,0,11.399999999999977,56291.00000000001,0.023279742765273313,0.0,11167.7
H,297.6,309.5,1623,33.1,224,0,11.899999999999977,53721.3,0.0203943314849045,0.896,10244.45
M,300.6,309.8,1659,28.9,127,0,9.199999999999989,47945.1,0.017420132610006026,0.508,8953.22
H,296.6,307.7,1654,31.0,91,0,11.099999999999966,51274.0,0.018742442563482467,0.364,9538.699999999999
M,300.8,310.9,1522,46.2,56,0,10.099999999999966,70316.40000000001,0.03035479632063075,0.224,14363.58
M,299.5,308.7,1321,51.9,114,0,9.199999999999989,68559.9,0.0392884178652536,0.456,16021.529999999999
L,303.5,311.8,1451,45.2,173,0,8.300000000000011,65585.2,0.03115093039283253,0.692,14093.36
L,303.2,311.4,1610,35.5,63,0,8.199999999999989,57155.0,0.022049689440993787,0.252,11054.699999999999
M,298.1,308.9,1353,46.2,173,0,10.799999999999955,62508.600000000006,0.03414634146341464,0.692,14271.18
L,297.9,307.6,1550,39.0,35,0,9.700000000000045,60450.0,0.025161290322580646,0.14,11996.400000000001
M,301.2,310.4,1382,41.6,117,0,9.199999999999989,57491.200000000004,0.030101302460202605,0.468,12912.64
M,301.4,311.2,1541,36.3,28,0,9.800000000000011,55938.299999999996,0.023556132381570408,0.112,11296.56
L,302.6,311.7,1542,34.1,137,0,9.099999999999966,52582.200000000004,0.02211413748378729,0.548,10628.97
L,302.6,311.0,2001,20.7,137,0,8.399999999999977,41420.7,0.010344827586206896,0.548,6437.7
M,300.9,311.0,1556,38.8,127,0,10.100000000000023,60372.799999999996,0.024935732647814908,0.508,12066.8
M,303.7,312.6,1429,43.3,189,0,8.900000000000034,61875.7,0.030300909727081875,0.756,13535.58
M,297.2,307.9,1747,29.0,188,0,10.699999999999989,50663.0,0.01659988551803091,0.752,8929.099999999999
M,303.0,312.2,1257,71.3,122,1,9.199999999999989,89624.09999999999,0.05672235481304694,0.488,22259.859999999997
L,299.8,309.7,1431,40.3,101,0,9.899999999999977,57669.299999999996,0.028162124388539482,0.404,12480.909999999998
M,300.9,310.6,1709,29.2,158,0,9.700000000000045,49902.799999999996,0.01708601521357519,0.632,9069.52
H,303.7,312.9,1460,49.8,2,0,9.199999999999989,72708.0,0.034109589041095886,0.008,15582.419999999998
L,297.5,308.9,1443,43.5,0,0,11.399999999999977,62770.5,0.030145530145530147,0.0,13437.15
L,300.3,311.8,1508,43.1,57,0,11.5,64994.8,0.028580901856763926,0.228,13438.580000000002
M,297.3,308.3,1657,31.1,8,0,11.0,51532.700000000004,0.018768859384429692,0.032,9588.130000000001
L,297.5,308.3,1544,40.8,37,0,10.800000000000011,62995.2,0.02642487046632124,0.148,12578.64
L,297.3,308.4,1459,39.4,59,0,11.099999999999966,57484.6,0.02700479780671693,0.236,12150.96
L,299.1,310.0,1394,46.6,27,0,10.899999999999977,64960.4,0.03342898134863702,0.108,14446.0
H,299.7,309.6,1553,41.0,179,0,9.900000000000034,63673.0,0.026400515132002575,0.716,12693.6
L,301.2,310.8,1711,28.9,38,0,9.600000000000023,49447.899999999994,0.01689070718877849,0.152,8982.119999999999
L,296.4,307.3,1487,37.5,83,0,10.900000000000034,55762.5,0.025218560860793545,0.332,11523.75
L,301.2,311.2,1558,34.1,204,0,10.0,53127.8,0.021887034659820285,0.816,10611.92
L,302.9,312.4,1561,34.8,150,0,9.5,54322.799999999996,0.022293401665598973,0.6,10871.519999999999
L,299.1,308.8,1429,50.1,84,0,9.699999999999989,71592.90000000001,0.03505948215535339,0.336,15470.880000000001
L,300.5,311.6,1447,45.4,204,0,11.100000000000023,65693.8,0.03137525915687629,0.816,14146.640000000001
M,302.2,310.9,1302,53.4,58,0,8.699999999999989,69526.8,0.041013824884792625,0.232,16602.059999999998
L,301.8,310.9,1449,36.5,33,0,9.099999999999966,52888.5,0.025189786059351276,0.132,11347.849999999999
L,304.2,313.4,1457,49.4,96,0,9.199999999999989,71975.8,0.03390528483184626,0.384,15481.96
M,299.7,310.5,1594,35.4,134,0,10.800000000000011,56427.6,0.02220828105395232,0.536,10991.699999999999
M,301.6,310.6,1553,38.9,0,0,9.0,60411.7,0.025048293625241465,0.0,12082.34
L,299.7,309.4,1650,29.8,93,0,9.699999999999989,49170.0,0.01806060606060606,0.372,9220.119999999999
M,298.5,309.4,1522,47.4,20,0,10.899999999999977,72142.8,0.03114323258869908,0.08,14665.559999999998
M,301.7,310.9,1435,48.0,66,0,9.199999999999989,68880.0,0.033449477351916376,0.264,14923.199999999999
L,302.5,310.5,1507,39.5,147,0,8.0,59526.5,0.026211015262110154,0.588,12264.75
M,299.7,309.6,1540,34.4,91,0,9.900000000000034,52976.0,0.022337662337662337,0.364,10650.24
H,298.6,309.7,1463,39.1,66,0,11.099999999999966,57203.3,0.026725905673274094,0.264,12109.27
L,299.8,309.7,1624,34.2,96,0,9.899999999999977,55540.8,0.021059113300492614,0.384,10591.74
L,299.0,310.4,1371,53.8,228,1,11.399999999999977,73759.8,0.03924142961342086,0.912,16699.519999999997
M,303.9,313.3,1507,34.3,161,0,9.400000000000034,51690.1,0.02276045122760451,0.644,10746.189999999999
M,303.6,312.3,1698,31.3,100,0,8.699999999999989,53147.4,0.01843345111896349,0.4,9774.99
M,301.5,311.1,1507,38.6,149,0,9.600000000000023,58170.200000000004,0.025613802256138022,0.596,12008.460000000001
L,297.3,308.6,1358,47.6,110,0,11.300000000000011,64640.8,0.03505154639175258,0.44,14689.360000000002
L,300.2,311.6,1767,26.4,20,0,11.400000000000034,46648.799999999996,0.014940577249575551,0.08,8226.24
L,297.7,308.8,1896,24.5,186,0,11.100000000000023,46452.0,0.012921940928270042,0.744,7565.6
L,297.4,309.1,1380,41.1,152,0,11.700000000000045,56718.0,0.029782608695652173,0.608,12704.010000000002
L,298.7,310.0,1555,32.6,197,0,11.300000000000011,50693.0,0.020964630225080386,0.788,10106.0
L,298.8,310.1,1481,47.4,187,0,11.300000000000011,70199.4,0.03200540175557056,0.748,14698.74
L,302.3,311.5,1794,26.1,7,0,9.199999999999989,46823.4,0.014548494983277593,0.028,8130.150000000001
M,298.8,308.7,1498,39.5,89,0,9.899999999999977,59171.0,0.02636849132176235,0.356,12193.65
L,299.2,310.3,1440,47.0,21,0,11.100000000000023,67680.0,0.03263888888888889,0.084,14584.1
L,302.8,312.3,1764,29.9,162,0,9.5,52743.6,0.016950113378684805,0.648,9337.77
L,298.8,309.4,1387,54.1,171,0,10.599999999999966,75036.7,0.03900504686373468,0.684,16738.54
M,298.9,310.3,1551,35.2,50,0,11.400000000000034,54595.200000000004,0.02269503546099291,0.2,10922.560000000001
L,302.4,311.8,1648,30.0,122,0,9.400000000000034,49440.0,0.01820388349514563,0.488,9354.0
L,303.3,311.7,1539,38.5,221,0,8.399999999999977,59251.5,0.025016244314489927,0.884,12000.449999999999
L,299.6,310.1,2057,20.4,60,0,10.5,41962.799999999996,0.009917355371900825,0.24,6326.04
L,300.9,310.8,1729,30.2,53,0,9.900000000000034,52215.799999999996,0.017466743782533257,0.212,9386.16
L,301.7,310.9,1608,33.0,160,0,9.199999999999989,53064.0,0.020522388059701493,0.64,10259.699999999999
L,298.6,309.6,1563,35.0,21,0,11.0,54705.0,0.022392834293026232,0.084,10836.0
L,298.1,307.5,1493,43.7,153,0,9.399999999999977,65244.100000000006,0.029269926322839923,0.612,13437.75
M,298.9,308.6,1517,39.8,114,0,9.700000000000045,60376.6,0.026235992089650623,0.456,12282.28
L,297.3,307.9,1797,24.7,75,0,10.599999999999966,44385.9,0.013745130773511407,0.3,7605.129999999999
L,297.9,309.7,2194,16.8,27,0,11.800000000000011,36859.200000000004,0.007657247037374659,0.108,5202.96
L,300.6,309.7,1617,33.2,185,0,9.099999999999966,53684.4,0.020531849103277676,0.74,10282.04
M,301.0,311.6,1609,35.8,156,0,10.600000000000023,57602.2,0.022249844623990055,0.624,11155.28
M,300.4,310.4,1544,36.3,21,0,10.0,56047.2,0.023510362694300516,0.084,11267.519999999999
M,298.5,308.7,1662,28.3,15,0,10.199999999999989,47034.6,0.017027677496991578,0.06,8736.21
L,300.4,309.7,1692,27.4,115,0,9.300000000000011,46360.799999999996,0.01619385342789598,0.46,8485.779999999999
L,302.6,311.9,1633,30.9,89,0,9.299999999999955,50459.7,0.018922229026331904,0.356,9637.71
L,297.4,308.6,1324,59.1,118,0,11.200000000000045,78248.40000000001,0.04463746223564955,0.472,18238.260000000002
L,302.2,311.5,1543,38.5,37,0,9.300000000000011,59405.5,0.024951393389500972,0.148,11992.75
M,303.5,312.2,1818,23.6,109,0,8.699999999999989,42904.8,0.012981298129812982,0.436,7367.92
M,300.8,311.9,1621,28.3,211,0,11.099999999999966,45874.3,0.017458359037631092,0.844,8826.77
L,301.4,310.6,1445,43.9,210,0,9.200000000000045,63435.5,0.030380622837370242,0.84,13635.34
L,302.8,312.4,1590,34.4,64,0,9.599999999999966,54696.0,0.021635220125786163,0.256,10746.56
L,297.1,308.6,1442,37.1,59,0,11.5,53498.200000000004,0.025728155339805825,0.236,11449.060000000001
L,299.0,310.3,1868,24.0,221,0,11.300000000000011,44832.0,0.01284796573875803,0.884,7447.200000000001
L,303.9,313.1,1425,49.3,199,0,9.200000000000045,70252.5,0.034596491228070174,0.796,15435.83
L,302.9,312.6,1328,59.9,24,0,9.700000000000045,79547.2,0.045105421686746985,0.096,18724.74
L,301.1,311.4,1531,38.7,55,0,10.299999999999955,59249.700000000004,0.025277596342259963,0.22,12051.18
L,303.6,312.7,1637,32.9,19,0,9.099999999999966,53857.299999999996,0.02009773976786805,0.076,10287.83
L,300.3,309.6,1600,34.6,177,0,9.300000000000011,55360.0,0.021625000000000002,0.708,10712.160000000002
M,300.2,310.3,1448,40.1,209,0,10.100000000000023,58064.8,0.027693370165745856,0.836,12443.03
L,299.6,310.2,1743,24.8,99,0,10.599999999999966,43226.4,0.014228341939185313,0.396,7692.96
L,304.2,313.8,1401,53.9,142,0,9.600000000000023,75513.9,0.03847251962883654,0.568,16913.82
M,297.5,308.4,1685,28.1,15,0,10.899999999999977,47348.5,0.016676557863501484,0.06,8666.039999999999
L,300.8,310.1,1405,61.2,189,1,9.300000000000011,85986.0,0.04355871886120997,0.756,18978.120000000003
L,298.9,310.0,1693,28.8,56,0,11.100000000000023,48758.4,0.01701122268163024,0.224,8928.0
L,298.9,310.2,1706,27.6,103,0,11.300000000000011,47085.600000000006,0.016178194607268465,0.412,8561.52
L,298.5,308.7,1575,33.9,128,0,10.199999999999989,53392.5,0.02152380952380952,0.512,10464.929999999998
L,301.0,310.3,1617,34.5,126,0,9.300000000000011,55786.5,0.021335807050092765,0.504,10705.35
L,301.3,310.3,1460,41.5,197,0,9.0,60590.0,0.028424657534246577,0.788,12877.45
L,297.5,308.8,1309,57.3,0,0,11.300000000000011,75005.7,0.04377387318563789,0.0,17694.239999999998
L,301.0,311.6,1352,63.5,143,0,10.600000000000023,85852.0,0.04696745562130177,0.572,19786.600000000002
M,302.2,310.9,1488,44.2,57,0,8.699999999999989,65769.6,0.029704301075268818,0.228,13741.78
L,302.1,310.9,1658,30.3,186,0,8.799999999999955,50237.4,0.01827503015681544,0.744,9420.27
L,298.8,310.0,1537,39.9,190,0,11.199999999999989,61326.299999999996,0.025959661678594665,0.76,12369.0
L,300.1,311.5,1334,54.0,26,0,11.399999999999977,72036.0,0.04047976011994003,0.104,16821.0
M,300.1,309.6,1501,38.0,157,0,9.5,57038.0,0.02531645569620253,0.628,11764.800000000001
H,300.5,309.4,1642,36.2,103,0,8.899999999999977,59440.4,0.022046285018270405,0.412,11200.28
M,295.8,306.3,1235,76.2,89,1,10.5,94107.0,0.0617004048582996,0.356,23340.06
L,302.5,311.5,1603,32.4,194,0,9.0,51937.2,0.020212102308172178,0.776,10092.6
L,295.3,305.7,1475,51.0,187,0,10.399999999999977,75225.0,0.03457627118644068,0.748,15590.699999999999
L,301.7,311.2,1418,38.0,166,0,9.5,53884.0,0.02679830747531735,0.664,11825.6
M,297.5,309.4,1831,26.6,105,0,11.899999999999977,48704.600000000006,0.014527580557072638,0.42,8230.039999999999
M,298.5,308.3,1440,43.6,5,0,9.800000000000011,62784.0,0.03027777777777778,0.02,13441.880000000001
L,301.4,310.8,1285,62.6,183,1,9.400000000000034,80441.0,0.048715953307393,0.732,19456.08
M,302.2,311.6,1386,50.5,69,0,9.400000000000034,69993.0,0.03643578643578643,0.276,15735.800000000001
L,300.6,311.7,1528,43.9,185,0,11.099999999999966,67079.2,0.028730366492146595,0.74,13683.63
H,297.7,309.3,1400,48.9,147,0,11.600000000000023,68460.0,0.03492857142857143,0.588,15124.77
L,295.7,306.1,1408,47.9,117,0,10.400000000000034,67443.2,0.03401988636363636,0.468,14662.19
M,295.9,306.6,1532,38.6,104,0,10.700000000000045,59135.200000000004,0.025195822454308094,0.416,11834.760000000002
L,297.2,308.1,1712,30.9,204,0,10.900000000000034,52900.799999999996,0.018049065420560746,0.816,9520.29
L,299.4,310.5,1514,36.1,169,0,11.100000000000023,54655.4,0.0238441215323646,0.676,11209.050000000001
L,301.1,311.2,1774,29.6,186,0,10.099999999999966,52510.4,0.01668545659526494,0.744,9211.52
L,298.2,308.9,1278,54.0,18,0,10.699999999999989,69012.0,0.04225352112676056,0.072,16680.6
L,301.5,310.8,1382,52.4,165,0,9.300000000000011,72416.8,0.037916063675832126,0.66,16285.92
M,299.2,310.6,1443,50.9,85,0,11.400000000000034,73448.7,0.03527373527373527,0.34,15809.54
L,296.9,308.1,1555,33.7,229,0,11.200000000000045,52403.50000000001,0.02167202572347267,0.916,10382.970000000001
L,303.2,311.3,1393,52.9,12,0,8.100000000000023,73689.7,0.03797559224694903,0.048,16467.77
L,303.3,311.4,1630,32.5,2,0,8.099999999999966,52975.0,0.019938650306748466,0.008,10120.5
H,297.3,308.7,1478,47.6,98,0,11.399999999999977,70352.8,0.03220568335588633,0.392,14694.12
L,296.8,308.0,1675,29.7,46,0,11.199999999999989,49747.5,0.01773134328358209,0.184,9147.6
L,298.6,309.6,1386,48.6,25,0,11.0,67359.6,0.03506493506493506,0.1,15046.560000000001
L,302.6,312.1,1668,28.7,180,0,9.5,47871.6,0.01720623501199041,0.72,8957.27
M,300.1,309.2,1457,44.3,98,0,9.099999999999966,64545.1,0.03040494166094715,0.392,13697.56
L,303.1,311.2,1679,34.8,25,0,8.099999999999966,58429.2,0.020726622989874925,0.1,10829.759999999998
L,297.3,308.7,1587,35.8,148,0,11.399999999999977,56814.6,0.022558286074354124,0.592,11051.46
L,303.8,313.1,1458,42.2,25,0,9.300000000000011,61527.600000000006,0.028943758573388205,0.1,13212.820000000002
M,301.5,310.6,2432,14.2,126,0,9.100000000000023,34534.4,0.005838815789473684,0.504,4410.52
L,302.4,311.8,1416,46.1,202,0,9.400000000000034,65277.6,0.032556497175141245,0.808,14373.980000000001
L,302.6,312.1,1288,68.5,0,1,9.5,88228.0,0.0531832298136646,0.0,21378.850000000002
M,303.7,312.0,1402,48.6,76,0,8.300000000000011,68137.2,0.034664764621968616,0.304,15163.2
M,300.8,309.7,1482,39.0,171,0,8.899999999999977,57798.0,0.02631578947368421,0.684,12078.3
L,300.1,309.6,1649,33.6,168,0,9.5,55406.4,0.020375985445724682,0.672,10402.560000000001
L,297.7,308.5,1453,45.5,86,0,10.800000000000011,66111.5,0.03131452167928424,0.344,14036.75
M,301.9,310.9,1483,37.0,35,0,9.0,54871.0,0.024949426837491573,0.14,11503.3
M,300.7,309.6,1536,37.2,19,0,8.900000000000034,57139.200000000004,0.02421875,0.076,11517.120000000003
L,299.4,308.7,1504,37.8,112,0,9.300000000000011,56851.2,0.025132978723404253,0.448,11668.859999999999
M,304.4,313.6,1510,38.9,199,0,9.200000000000045,58739.0,0.02576158940397351,0.796,12199.04
M,298.6,309.9,1668,32.3,6,0,11.299999999999955,53876.399999999994,0.01936450839328537,0.024,10009.769999999999
L,297.5,308.6,1380,53.5,192,0,11.100000000000023,73830.0,0.03876811594202899,0.768,16510.100000000002
L,301.0,311.1,1236,64.4,177,1,10.100000000000023,79598.40000000001,0.05210355987055017,0.708,20034.840000000004
H,301.6,310.6,1821,26.2,171,0,9.0,47710.2,0.014387699066447006,0.684,8137.72
L,303.0,311.2,1456,44.0,142,0,8.199999999999989,64064.0,0.03021978021978022,0.568,13692.8
L,300.6,310.6,1931,22.0,24,0,10.0,42482.0,0.011393060590367685,0.096,6833.200000000001
L,298.5,308.9,1725,31.9,205,0,10.399999999999977,55027.5,0.018492753623188404,0.82,9853.909999999998
M,300.8,312.4,1465,43.7,139,0,11.599999999999966,64020.50000000001,0.029829351535836178,0.556,13651.88
L,300.7,310.7,1541,41.3,82,0,10.0,63643.299999999996,0.02680077871512005,0.328,12831.909999999998
H,299.4,309.0,1415,51.7,62,0,9.600000000000023,73155.5,0.036537102473498236,0.248,15975.300000000001
M,300.7,311.3,1562,37.1,58,0,10.600000000000023,57950.200000000004,0.023751600512163892,0.232,11549.230000000001
M,299.0,310.3,1447,39.9,78,0,11.300000000000011,57735.299999999996,0.027574291637871458,0.312,12380.97
L,301.6,310.9,1385,51.2,132,0,9.299999999999955,70912.0,0.03696750902527076,0.528,15918.08
L,298.4,308.3,1452,48.5,73,0,9.900000000000034,70422.0,0.03340220385674931,0.292,14952.550000000001
L,297.8,308.4,1714,33.2,177,0,10.599999999999966,56904.8,0.019369894982497086,0.708,10238.880000000001
L,297.6,308.6,1491,38.1,152,0,11.0,56807.1,0.025553319919517103,0.608,11757.660000000002
L,297.2,308.5,1447,47.9,188,0,11.300000000000011,69311.3,0.03310297166551486,0.752,14777.15
M,301.3,310.4,1501,39.8,187,0,9.099999999999966,59739.799999999996,0.026515656229180545,0.748,12353.919999999998
L,297.5,308.8,1360,50.7,190,0,11.300000000000011,68952.0,0.03727941176470589,0.76,15656.160000000002
L,300.6,310.0,1635,31.0,107,0,9.399999999999977,50685.0,0.018960244648318043,0.428,9610.0
H,300.6,309.8,1541,36.2,166,0,9.199999999999989,55784.200000000004,0.023491239454899417,0.664,11214.760000000002
M,302.4,311.0,1490,37.1,168,0,8.600000000000023,55279.0,0.024899328859060404,0.672,11538.1
M,300.9,312.0,1402,50.7,185,0,11.100000000000023,71081.40000000001,0.03616262482168331,0.74,15818.400000000001
L,298.2,308.6,1433,39.5,7,0,10.400000000000034,56603.5,0.027564549895324496,0.028,12189.7
M,299.8,309.8,1427,45.2,106,0,10.0,64500.4,0.03167484232655922,0.424,14002.960000000001
L,300.9,310.7,1509,37.5,12,0,9.800000000000011,56587.5,0.02485089463220676,0.048,11651.25
M,298.6,309.3,1510,40.8,177,0,10.699999999999989,61607.99999999999,0.027019867549668872,0.708,12619.439999999999
L,300.7,310.2,1493,35.9,10,0,9.5,53598.7,0.02404554588077696,0.04,11136.179999999998
L,303.7,312.5,1641,36.0,125,0,8.800000000000011,59076.0,0.021937842778793418,0.5,11250.0
L,302.1,310.6,1385,53.6,5,0,8.5,74236.0,0.038700361010830325,0.02,16648.16
M,300.9,311.4,1434,45.4,118,0,10.5,65103.6,0.03165969316596932,0.472,14137.559999999998
L,302.7,312.1,1543,37.5,33,0,9.400000000000034,57862.5,0.024303305249513935,0.132,11703.75
L,301.5,310.6,1525,41.9,204,0,9.100000000000023,63897.5,0.027475409836065574,0.816,13014.140000000001
M,300.4,310.2,1380,47.3,5,0,9.800000000000011,65273.99999999999,0.034275362318840576,0.02,14672.46
L,300.8,310.8,1741,27.1,39,0,10.0,47181.100000000006,0.01556576680068926,0.156,8422.68
M,301.8,310.8,1508,38.8,96,0,9.0,58510.399999999994,0.02572944297082228,0.384,12059.039999999999
L,303.9,313.1,1440,41.1,12,0,9.200000000000045,59184.0,0.028541666666666667,0.048,12868.410000000002
M,304.0,313.0,1454,46.8,30,0,9.0,68047.2,0.032187070151306736,0.12,14648.4
L,300.7,311.0,1403,48.3,70,0,10.300000000000011,67764.9,0.034426229508196717,0.28,15021.3
M,300.7,311.0,1413,44.3,72,0,10.300000000000011,62595.899999999994,0.031351733899504595,0.288,13777.3
L,300.2,309.8,1430,55.0,102,0,9.600000000000023,78650.0,0.038461538461538464,0.408,17039.0
L,301.5,310.7,1596,35.4,150,0,9.199999999999989,56498.399999999994,0.022180451127819547,0.6,10998.779999999999
M,302.3,310.8,1762,27.8,127,0,8.5,48983.6,0.015777525539160047,0.508,8640.24
L,300.3,311.1,1606,30.9,156,0,10.800000000000011,49625.399999999994,0.019240348692403486,0.624,9612.99
L,301.2,310.4,1516,44.4,53,0,9.199999999999989,67310.4,0.02928759894459103,0.212,13781.759999999998
L,297.9,308.1,1531,40.8,2,0,10.200000000000045,62464.799999999996,0.026649248856956236,0.008,12570.48
M,298.6,309.4,1460,43.8,138,0,10.799999999999955,63947.99999999999,0.03,0.552,13551.719999999998
L,300.5,309.6,1366,50.2,219,0,9.100000000000023,68573.2,0.036749633967789165,0.876,15541.920000000002
L,297.0,307.7,1315,60.1,128,0,10.699999999999989,79031.5,0.04570342205323194,0.512,18492.77
L,303.5,312.0,1436,45.1,32,0,8.5,64763.6,0.0314066852367688,0.128,14071.2
L,300.6,310.0,1505,35.9,95,0,9.399999999999977,54029.5,0.023853820598006642,0.38,11129.0
L,297.5,309.3,1732,29.9,32,0,11.800000000000011,51786.799999999996,0.017263279445727482,0.128,9248.07
L,300.7,311.0,1413,52.0,91,0,10.300000000000011,73476.0,0.03680113234253362,0.364,16172.0
L,296.9,307.9,1359,56.5,110,0,11.0,76783.5,0.04157468727005151,0.44,17396.35
L,300.7,311.2,1399,47.9,80,0,10.5,67012.09999999999,0.03423874195854181,0.32,14906.48
L,299.0,308.4,1571,38.6,5,0,9.399999999999977,60640.600000000006,0.024570337364735836,0.02,11904.24
M,302.1,311.4,1467,43.4,33,0,9.299999999999955,63667.799999999996,0.02958418541240627,0.132,13514.759999999998
M,300.7,311.5,1441,40.6,33,0,10.800000000000011,58504.6,0.028174878556557946,0.132,12646.9
M,302.6,311.0,1329,48.6,111,1,8.399999999999977,64589.4,0.036568848758465014,0.444,15114.6
M,297.3,308.6,1471,50.7,157,0,11.300000000000011,74579.7,0.0344663494221618,0.628,15646.020000000002
M,300.3,309.3,1391,57.9,204,0,9.0,80538.9,0.041624730409777135,0.816,17908.47
L,302.6,311.5,1427,38.9,213,0,8.899999999999977,55510.299999999996,0.02725998598458304,0.852,12117.35
M,299.1,310.0,1580,36.0,195,0,10.899999999999977,56880.0,0.02278481012658228,0.78,11160.0
L,299.0,310.2,1575,37.8,42,0,11.199999999999989,59534.99999999999,0.023999999999999997,0.168,11725.56
H,302.7,311.1,1418,43.4,130,0,8.400000000000034,61541.2,0.030606488011283496,0.52,13501.74
L,303.1,311.3,1474,34.8,215,0,8.199999999999989,51295.2,0.02360922659430122,0.86,10833.24
M,300.7,311.0,1378,51.6,130,0,10.300000000000011,71104.8,0.0374455732946299,0.52,16047.6
L,304.1,313.4,1374,56.6,115,0,9.299999999999955,77768.40000000001,0.04119359534206696,0.46,17738.44
M,298.8,309.0,1661,29.5,162,0,10.199999999999989,48999.5,0.017760385310054184,0.648,9115.5
L,300.8,311.4,1322,67.2,18,1,10.599999999999966,88838.40000000001,0.0508320726172466,0.072,20926.079999999998
M,297.6,308.9,1433,43.2,206,0,11.299999999999955,61905.600000000006,0.03014654570830426,0.824,13344.48
L,299.0,308.6,1661,32.2,106,0,9.600000000000023,53484.200000000004,0.01938591210114389,0.424,9936.920000000002
M,300.4,311.6,1401,49.9,79,0,11.200000000000045,69909.9,0.03561741613133476,0.316,15548.84
M,298.2,309.4,1408,46.5,76,0,11.199999999999989,65472.0,0.033025568181818184,0.304,14387.099999999999
M,299.9,309.6,1364,44.4,20,0,9.700000000000045,60561.6,0.03255131964809384,0.08,13746.24
L,299.7,309.0,1605,33.0,151,0,9.300000000000011,52965.0,0.020560747663551402,0.604,10197.0
M,299.7,309.6,1534,39.1,176,0,9.900000000000034,59979.4,0.02548891786179922,0.704,12105.36
H,300.9,312.0,2129,17.8,173,0,11.100000000000023,37896.200000000004,0.008360732738374824,0.692,5553.6
L,303.1,311.1,1854,22.6,19,0,8.0,41900.4,0.012189859762675297,0.076,7030.860000000001
L,300.6,309.8,1688,28.6,135,0,9.199999999999989,48276.8,0.01694312796208531,0.54,8860.28
M,298.9,308.7,1772,28.4,177,0,9.800000000000011,50324.799999999996,0.016027088036117382,0.708,8767.08
L,301.2,311.7,1433,49.3,206,0,10.5,70646.9,0.03440334961618981,0.824,15366.809999999998
M,299.0,310.2,1625,31.8,89,0,11.199999999999989,51675.0,0.01956923076923077,0.356,9864.36
L,302.1,310.8,1786,25.7,47,0,8.699999999999989,45900.2,0.014389697648376259,0.188,7987.56
M,299.7,309.1,1851,24.7,189,0,9.400000000000034,45719.7,0.013344138303619664,0.756,7634.77
L,298.9,308.3,1660,34.4,9,0,9.400000000000034,57104.0,0.02072289156626506,0.036,10605.52
H,298.9,309.9,1376,51.0,32,0,11.0,70176.0,0.037063953488372096,0.128,15804.9
L,298.5,308.8,1589,30.6,11,0,10.300000000000011,48623.4,0.019257394587791063,0.044,9449.28
L,302.1,310.5,1559,36.0,124,0,8.399999999999977,56124.0,0.023091725465041693,0.496,11178.0
L,298.7,310.1,1786,27.7,114,0,11.400000000000034,49472.2,0.015509518477043672,0.456,8589.77
H,303.4,311.7,1991,19.0,53,0,8.300000000000011,37829.0,0.009542943244600702,0.212,5922.3
L,298.2,308.8,1616,33.7,16,0,10.600000000000023,54459.200000000004,0.020853960396039605,0.064,10406.560000000001
L,301.6,311.2,1525,43.7,91,0,9.599999999999966,66642.5,0.028655737704918034,0.364,13599.44
L,302.2,311.7,1330,54.6,154,0,9.5,72618.0,0.04105263157894737,0.616,17018.82
M,298.3,308.7,1667,28.6,18,0,10.399999999999977,47676.200000000004,0.01715656868626275,0.072,8828.82
L,303.4,312.3,1479,42.8,92,0,8.900000000000034,63301.2,0.028938471940500338,0.368,13366.439999999999
L,299.0,309.4,1758,25.7,68,0,10.399999999999977,45180.6,0.014618885096700797,0.272,7951.579999999999
L,300.5,311.2,1270,67.5,208,1,10.699999999999989,85725.0,0.0531496062992126,0.832,21006.0
L,298.5,309.1,1474,41.3,189,0,10.600000000000023,60876.2,0.02801899592944369,0.756,12765.83
M,301.8,311.3,1624,31.6,145,0,9.5,51318.4,0.019458128078817735,0.58,9837.08
H,300.8,311.4,1453,44.6,38,0,10.599999999999966,64803.8,0.030695113558155542,0.152,13888.439999999999
L,300.7,309.5,1592,29.0,17,0,8.800000000000011,46168.0,0.01821608040201005,0.068,8975.5
L,300.7,309.6,1500,44.1,122,0,8.900000000000034,66150.0,0.029400000000000003,0.488,13653.36
L,302.7,310.5,1446,40.9,211,1,7.800000000000011,59141.4,0.028284923928077455,0.844,12699.449999999999
M,301.3,311.1,1492,41.2,223,0,9.800000000000011,61470.4,0.02761394101876676,0.892,12817.320000000002
L,298.4,309.2,1651,28.5,141,0,10.800000000000011,47053.5,0.017262265293761358,0.564,8812.199999999999
H,300.6,311.1,1452,40.2,28,0,10.5,58370.4,0.027685950413223144,0.112,12506.220000000001
L,304.3,313.6,1409,56.0,19,0,9.300000000000011,78904.0,0.0397444996451384,0.076,17561.600000000002
L,300.2,309.7,1656,34.3,120,0,9.5,56800.799999999996,0.020712560386473428,0.48,10622.71
M,299.9,311.4,1480,44.9,108,0,11.5,66452.0,0.030337837837837837,0.432,13981.859999999999
M,299.9,309.9,1639,42.1,159,0,10.0,69001.90000000001,0.02568639414276998,0.636,13046.789999999999
L,301.3,310.3,1626,31.3,180,0,9.0,50893.8,0.01924969249692497,0.72,9712.390000000001
L,303.5,312.4,1390,47.3,164,0,8.899999999999977,65747.0,0.03402877697841727,0.656,14776.519999999999
L,300.6,310.4,1446,49.7,155,0,9.799999999999955,71866.2,0.034370677731673585,0.62,15426.88
M,298.6,310.2,1668,31.5,7,0,11.599999999999966,52542.0,0.018884892086330936,0.028,9771.3
M,298.7,309.7,1868,23.8,118,0,11.0,44458.4,0.012740899357601714,0.472,7370.86
H,300.1,311.5,1422,46.2,134,0,11.399999999999977,65696.40000000001,0.03248945147679325,0.536,14391.300000000001
L,298.6,309.6,1491,36.9,192,0,11.0,55017.9,0.024748490945674044,0.768,11424.24
M,300.4,309.4,1875,23.9,155,0,9.0,44812.5,0.012746666666666667,0.62,7394.659999999999
M,295.8,306.5,1514,37.7,60,0,10.699999999999989,57077.8,0.02490092470277411,0.24,11555.050000000001
H,303.7,312.8,1488,42.8,54,0,9.100000000000023,63686.399999999994,0.028763440860215053,0.216,13387.84
L,299.0,308.7,1449,38.9,18,0,9.699999999999989,56366.1,0.026846100759144235,0.072,12008.429999999998
L,298.9,310.0,2231,17.4,151,0,11.100000000000023,38819.399999999994,0.007799193186911698,0.604,5394.0
M,298.8,309.7,1477,48.5,138,0,10.899999999999977,71634.5,0.032836831415030465,0.552,15020.449999999999
L,301.3,311.0,1348,44.5,78,0,9.699999999999989,59986.0,0.03301186943620178,0.312,13839.5
L,303.6,312.8,1710,27.2,14,0,9.199999999999989,46512.0,0.01590643274853801,0.056,8508.16
L,300.1,309.7,1641,30.4,41,0,9.599999999999966,49886.399999999994,0.018525289457647774,0.164,9414.88
L,302.2,311.4,1397,53.0,17,0,9.199999999999989,74041.0,0.03793843951324266,0.068,16504.199999999997
L,299.0,310.1,1531,36.0,57,0,11.100000000000023,55116.0,0.023514043109079032,0.228,11163.6
L,299.5,309.1,1502,44.6,13,0,9.600000000000023,66989.2,0.029693741677762984,0.052,13785.86
L,303.7,312.9,1461,50.1,31,0,9.199999999999989,73196.1,0.03429158110882957,0.124,15676.289999999999
L,300.4,309.7,1467,36.9,131,0,9.300000000000011,54132.299999999996,0.025153374233128835,0.524,11427.929999999998
L,297.6,309.5,1574,30.9,151,0,11.899999999999977,48636.6,0.01963151207115629,0.604,9563.55
L,299.1,310.1,1894,24.2,22,0,11.0,45834.799999999996,0.012777191129883844,0.088,7504.42
L,300.6,310.2,1489,47.8,21,0,9.599999999999966,71174.2,0.03210208193418401,0.084,14827.559999999998
L,298.2,308.4,1452,43.5,158,0,10.199999999999989,63162.0,0.029958677685950414,0.632,13415.4
M,303.0,312.5,1524,42.1,76,0,9.5,64160.4,0.0276246719160105,0.304,13156.25
M,297.6,308.7,1419,41.7,81,0,11.099999999999966,59172.3,0.029386892177589854,0.324,12872.79
L,297.4,308.7,1433,43.4,116,0,11.300000000000011,62192.2,0.030286113049546405,0.464,13397.58
L,298.3,308.0,1363,50.1,96,0,9.699999999999989,68286.3,0.036757153338224505,0.384,15430.800000000001
L,301.7,309.8,1398,46.0,109,0,8.100000000000023,64308.0,0.032904148783977114,0.436,14250.800000000001
M,300.5,309.3,1881,25.5,98,0,8.800000000000011,47965.5,0.013556618819776715,0.392,7887.150000000001
L,300.8,311.9,1486,45.1,30,0,11.099999999999966,67018.6,0.03034993270524899,0.12,14066.689999999999
L,302.3,311.6,1309,57.6,77,0,9.300000000000011,75398.40000000001,0.04400305576776165,0.308,17948.160000000003
M,303.5,312.4,1606,31.7,22,0,8.899999999999977,50910.2,0.019738480697384805,0.088,9903.08
L,300.7,310.2,1807,24.2,77,0,9.5,43729.4,0.013392363032650801,0.308,7506.839999999999
M,303.2,311.4,2102,19.0,5,0,8.199999999999989,39938.0,0.009039010466222646,0.02,5916.599999999999
L,302.7,310.5,1725,29.0,209,0,7.800000000000011,50025.0,0.01681159420289855,0.836,9004.5
M,297.3,308.5,1625,32.8,92,0,11.199999999999989,53299.99999999999,0.020184615384615384,0.368,10118.8
M,302.5,310.4,1605,36.0,69,0,7.899999999999977,57780.0,0.022429906542056073,0.276,11174.4
L,300.9,310.8,1490,38.1,125,0,9.900000000000034,56769.0,0.02557046979865772,0.5,11841.480000000001
L,297.1,307.8,1681,27.6,181,0,10.699999999999989,46395.600000000006,0.01641879833432481,0.724,8495.28
L,298.3,309.0,1471,48.3,91,0,10.699999999999989,71049.3,0.03283480625424881,0.364,14924.699999999999
M,298.8,309.7,1392,48.7,133,0,10.899999999999977,67790.40000000001,0.03498563218390805,0.532,15082.39
M,297.6,309.6,1530,37.3,10,0,12.0,57068.99999999999,0.02437908496732026,0.04,11548.08
M,301.0,310.9,1554,32.7,59,0,9.899999999999977,50815.8,0.021042471042471044,0.236,10166.43
L,295.6,306.0,1949,21.9,5,0,10.399999999999977,42683.1,0.011236531554643407,0.02,6701.4
L,302.3,311.4,1535,41.8,77,0,9.099999999999966,64162.99999999999,0.02723127035830619,0.308,13016.519999999999
M,297.5,308.2,1624,30.9,186,0,10.699999999999989,50181.6,0.019027093596059114,0.744,9523.38
M,297.6,309.7,1541,33.7,165,0,12.099999999999966,51931.700000000004,0.021868916288124596,0.66,10436.890000000001
M,300.0,310.1,1314,53.5,199,0,10.100000000000023,70299.0,0.04071537290715373,0.796,16590.350000000002
L,299.7,310.6,1616,35.1,142,0,10.900000000000034,56721.600000000006,0.021720297029702972,0.568,10902.060000000001
L,301.9,310.8,1650,29.8,94,0,8.900000000000034,49170.0,0.01806060606060606,0.376,9261.84
L,299.2,310.2,1458,47.0,183,0,11.0,68526.0,0.03223593964334705,0.732,14579.4
M,298.2,308.0,1411,47.2,168,0,9.800000000000011,66599.2,0.03345145287030475,0.672,14537.6
M,300.2,311.5,1547,40.9,66,0,11.300000000000011,63272.299999999996,0.026438267614738203,0.264,12740.35
L,297.7,308.7,1688,27.2,125,0,11.0,45913.6,0.016113744075829384,0.5,8396.64
L,300.4,309.9,1681,28.6,206,0,9.5,48076.600000000006,0.017013682331945272,0.824,8863.14
L,302.3,311.1,1589,29.9,141,0,8.800000000000011,47511.1,0.01881686595342983,0.564,9301.89
M,300.2,310.1,1619,31.3,38,0,9.900000000000034,50674.700000000004,0.019332921556516367,0.152,9706.130000000001
L,299.3,308.6,1605,37.0,78,0,9.300000000000011,59385.0,0.023052959501557634,0.312,11418.2
M,301.8,310.7,1383,45.7,44,0,8.899999999999977,63203.100000000006,0.03304410701373825,0.176,14198.99
L,303.1,312.4,1404,61.5,127,1,9.299999999999955,86346.0,0.0438034188034188,0.508,19212.6
L,300.5,311.8,1596,34.8,87,0,11.300000000000011,55540.799999999996,0.021804511278195486,0.348,10850.64
L,299.8,311.2,1533,35.9,137,0,11.399999999999977,55034.7,0.023418134377038487,0.548,11172.08
M,301.5,310.6,1492,43.0,100,0,9.100000000000023,64156.0,0.028820375335120642,0.4,13355.800000000001
M,299.2,308.3,1755,26.4,19,0,9.100000000000023,46332.0,0.015042735042735043,0.076,8139.12
L,299.4,308.9,1550,33.7,174,0,9.5,52235.00000000001,0.021741935483870968,0.696,10409.93
L,299.4,309.2,1433,42.1,22,0,9.800000000000011,60329.3,0.029378925331472436,0.088,13017.32
L,300.3,311.4,1544,41.6,97,0,11.099999999999966,64230.4,0.02694300518134715,0.388,12954.24
M,297.5,308.2,1713,32.2,17,0,10.699999999999989,55158.600000000006,0.018797431406888502,0.068,9924.04
L,299.2,310.5,1458,44.1,91,0,11.300000000000011,64297.8,0.030246913580246913,0.364,13693.050000000001
L,297.6,309.5,1569,36.2,63,0,11.899999999999977,56797.8,0.023072020395156153,0.252,11203.900000000001
M,296.4,307.3,2077,19.1,80,0,10.900000000000034,39670.700000000004,0.009195955705344247,0.32,5869.43
L,302.5,310.4,1487,42.0,152,0,7.899999999999977,62454.0,0.02824478816408877,0.608,13036.8
M,298.1,308.5,1372,51.1,116,0,10.399999999999977,70109.2,0.037244897959183676,0.464,15764.35
L,303.7,312.4,1404,46.6,119,0,8.699999999999989,65426.4,0.03319088319088319,0.476,14557.84
M,298.8,310.1,1719,28.8,206,0,11.300000000000011,49507.200000000004,0.016753926701570682,0.824,8930.880000000001
H,299.1,308.3,1451,42.8,21,0,9.199999999999989,62102.799999999996,0.029496898690558233,0.084,13195.24
L,298.0,308.9,1500,36.7,104,0,10.899999999999977,55050.00000000001,0.024466666666666668,0.416,11336.63
H,301.5,310.6,1512,39.0,143,0,9.100000000000023,58968.0,0.025793650793650792,0.572,12113.400000000001
L,302.5,311.9,1481,42.9,52,0,9.399999999999977,63534.9,0.028966914247130316,0.208,13380.509999999998
L,300.8,312.1,1512,37.1,169,0,11.300000000000011,56095.200000000004,0.024537037037037038,0.676,11578.910000000002
L,297.2,308.6,1392,41.5,108,0,11.400000000000034,57768.0,0.029813218390804596,0.432,12806.900000000001
L,297.9,309.8,1461,50.5,38,0,11.900000000000034,73780.5,0.03456536618754278,0.152,15644.900000000001
L,302.0,310.7,1453,42.7,92,0,8.699999999999989,62043.100000000006,0.029387474191328287,0.368,13266.890000000001
L,300.6,309.4,1654,32.8,57,0,8.799999999999955,54251.2,0.019830713422007252,0.228,10148.319999999998
L,298.3,308.1,1586,35.5,0,0,9.800000000000011,56303.0,0.022383354350567465,0.0,10937.550000000001
M,300.4,309.7,1466,39.8,184,0,9.300000000000011,58346.799999999996,0.027148703956343792,0.736,12326.06
L,300.8,312.0,1416,46.5,7,0,11.199999999999989,65844.0,0.03283898305084746,0.028,14508.0
M,300.8,310.7,1886,21.1,44,0,9.899999999999977,39794.600000000006,0.011187698833510075,0.176,6555.77
M,300.6,310.5,2156,18.0,16,0,9.899999999999977,38808.0,0.008348794063079777,0.064,5589.0
M,301.3,310.6,1378,49.4,173,0,9.300000000000011,68073.2,0.035849056603773584,0.692,15343.640000000001
L,301.1,310.7,1334,48.2,106,0,9.599999999999966,64298.8,0.03613193403298351,0.424,14975.74
M,300.1,311.3,1495,41.0,193,0,11.199999999999989,61295.0,0.0274247491638796,0.772,12763.300000000001
L,302.5,310.3,1326,58.5,55,1,7.800000000000011,77571.0,0.04411764705882353,0.22,18152.55
L,302.0,311.2,1270,65.3,182,1,9.199999999999989,82931.0,0.051417322834645666,0.728,20321.359999999997
M,298.0,307.6,1508,41.8,89,0,9.600000000000023,63034.399999999994,0.027718832891246683,0.356,12857.68
M,297.6,307.1,1471,44.9,14,0,9.5,66047.9,0.03052345343303875,0.056,13788.79
M,302.2,310.9,1465,43.5,140,0,8.699999999999989,63727.5,0.029692832764505118,0.56,13524.15
L,300.9,310.4,1427,47.0,65,0,9.5,67069.0,0.032936229852838124,0.26,14588.8
L,302.0,310.7,1348,58.1,83,0,8.699999999999989,78318.8,0.04310089020771513,0.332,18051.67
L,301.0,311.7,1547,34.5,152,0,10.699999999999989,53371.5,0.022301228183581125,0.608,10753.65
L,300.8,311.7,1414,49.0,10,0,10.899999999999977,69286.0,0.034653465346534656,0.04,15273.3
H,301.9,311.0,1430,49.8,174,0,9.100000000000023,71214.0,0.034825174825174825,0.696,15487.8
M,300.8,309.6,1546,42.3,186,0,8.800000000000011,65395.799999999996,0.027360931435963777,0.744,13096.08
L,301.4,310.7,1425,45.1,7,0,9.300000000000011,64267.5,0.031649122807017545,0.028,14012.57
M,302.3,311.0,1421,41.3,182,0,8.699999999999989,58687.299999999996,0.029064039408866992,0.728,12844.3
M,302.3,311.7,1423,44.6,93,0,9.399999999999977,63465.8,0.03134223471539002,0.372,13901.82
L,299.8,310.3,1687,30.4,33,0,10.5,51284.799999999996,0.01802015411973918,0.132,9433.12
M,301.0,311.3,1454,41.5,57,0,10.300000000000011,60341.0,0.028541953232462173,0.228,12918.95
M,298.1,308.0,1686,29.3,35,0,9.899999999999977,49399.8,0.01737841043890866,0.14,9024.4
L,303.5,311.9,1515,39.2,24,0,8.399999999999977,59388.00000000001,0.025874587458745876,0.096,12226.48
L,296.5,307.5,1443,41.8,87,0,11.0,60317.399999999994,0.028967428967428967,0.348,12853.5
L,303.4,311.9,1531,37.9,203,0,8.5,58024.9,0.02475506205094709,0.812,11821.009999999998
M,299.9,309.5,1582,38.2,160,0,9.600000000000023,60432.4,0.024146649810366627,0.64,11822.900000000001
M,300.8,310.3,1494,42.2,35,0,9.5,63046.8,0.028246318607764394,0.14,13094.660000000002
M,300.5,311.7,2141,17.2,196,0,11.199999999999989,36825.2,0.008033629145259224,0.784,5361.24
L,301.7,311.3,1348,51.0,87,0,9.600000000000023,68748.0,0.037833827893175076,0.348,15876.300000000001
M,297.3,308.7,1542,37.0,184,0,11.399999999999977,57054.0,0.023994811932555125,0.736,11421.9
L,298.1,307.9,1425,58.2,57,0,9.799999999999955,82935.0,0.040842105263157895,0.228,17919.78
L,297.3,308.5,1528,44.5,140,0,11.199999999999989,67996.0,0.02912303664921466,0.56,13728.25
M,300.1,311.6,1433,51.4,76,0,11.5,73656.2,0.035868806699232376,0.304,16016.240000000002
L,299.1,310.5,1736,26.9,74,0,11.399999999999977,46698.399999999994,0.015495391705069124,0.296,8352.449999999999
H,300.2,311.4,1319,54.6,15,0,11.199999999999989,72017.40000000001,0.041394996209249434,0.06,17002.44
M,299.7,309.1,1352,46.1,102,0,9.400000000000034,62327.200000000004,0.03409763313609467,0.408,14249.510000000002
M,300.9,311.9,1310,56.1,35,0,11.0,73491.0,0.042824427480916034,0.14,17497.59
L,297.4,308.7,2874,4.2,118,1,11.300000000000011,12070.800000000001,0.0014613778705636743,0.472,1296.54
H,300.2,309.8,1374,47.7,8,0,9.600000000000023,65539.8,0.034716157205240177,0.032,14777.460000000001
L,302.4,312.0,1457,45.5,206,0,9.600000000000023,66293.5,0.031228551818805766,0.824,14196.0
M,301.7,311.1,1578,40.5,174,0,9.400000000000034,63909.0,0.025665399239543727,0.696,12599.550000000001
M,297.2,308.5,1364,55.6,163,0,11.300000000000011,75838.40000000001,0.040762463343108506,0.652,17152.600000000002
L,303.6,311.7,1491,39.8,92,0,8.099999999999966,59341.799999999996,0.0266934942991281,0.368,12405.659999999998
M,300.4,311.0,1433,46.1,199,0,10.600000000000023,66061.3,0.032170272156315426,0.796,14337.1
L,300.8,310.9,1732,25.7,109,0,10.099999999999966,44512.4,0.014838337182448036,0.436,7990.129999999999
L,303.7,312.6,1702,29.1,141,0,8.900000000000034,49528.200000000004,0.01709753231492362,0.564,9096.660000000002
M,297.2,308.5,1604,34.9,200,0,11.300000000000011,55979.6,0.021758104738154614,0.8,10766.65
L,298.4,309.3,1806,27.6,64,0,10.900000000000034,49845.600000000006,0.015282392026578074,0.256,8536.68
L,300.0,309.3,1397,51.2,173,0,9.300000000000011,71526.40000000001,0.03664996420901933,0.692,15836.160000000002
L,304.0,313.2,1416,46.0,128,0,9.199999999999989,65136.0,0.03248587570621469,0.512,14407.199999999999
L,302.0,310.7,1698,28.1,39,0,8.699999999999989,47713.8,0.016548881036513547,0.156,8730.67
L,300.5,311.4,1642,27.1,37,0,10.899999999999977,44498.200000000004,0.016504263093788066,0.148,8438.94
H,297.9,308.0,1800,24.8,44,0,10.100000000000023,44640.0,0.013777777777777778,0.176,7638.400000000001
M,299.6,309.2,1393,47.7,28,0,9.599999999999966,66446.1,0.03424264178033022,0.112,14748.84
L,303.5,311.8,1944,23.5,159,0,8.300000000000011,45684.0,0.012088477366255145,0.636,7327.3
L,303.4,312.8,1513,35.8,92,0,9.400000000000034,54165.399999999994,0.023661599471249174,0.368,11198.24
L,300.9,311.3,1449,40.2,168,0,10.400000000000034,58249.8,0.027743271221532095,0.672,12514.260000000002
H,302.5,312.0,1579,35.7,167,0,9.5,56370.3,0.02260924635845472,0.668,11138.400000000001
L,298.8,310.0,1672,30.4,150,0,11.199999999999989,50828.799999999996,0.01818181818181818,0.6,9424.0
L,297.5,308.4,1384,56.0,73,0,10.899999999999977,77504.0,0.04046242774566474,0.292,17270.399999999998
L,298.3,309.2,1562,37.6,137,0,10.899999999999977,58731.200000000004,0.02407170294494238,0.548,11625.92
M,302.3,311.8,1559,34.4,191,0,9.5,53629.6,0.022065426555484283,0.764,10725.92
L,304.1,313.2,1824,25.8,186,0,9.099999999999966,47059.200000000004,0.014144736842105264,0.744,8080.5599999999995
M,297.5,308.5,1447,41.6,118,0,11.0,60195.200000000004,0.02874913614374568,0.472,12833.6
L,298.8,310.0,1611,32.4,183,0,11.199999999999989,52196.399999999994,0.02011173184357542,0.732,10044.0
L,304.0,313.1,1648,35.7,119,0,9.100000000000023,58833.600000000006,0.021662621359223304,0.476,11177.670000000002
L,300.0,309.7,1554,32.0,117,0,9.699999999999989,49728.0,0.02059202059202059,0.468,9910.4
L,302.1,310.7,1491,42.8,98,0,8.599999999999966,63814.799999999996,0.028705566733735748,0.392,13297.96
L,299.5,308.7,2549,13.0,179,1,9.199999999999989,33137.0,0.0051000392310710085,0.716,4013.1
M,297.5,309.4,1391,58.2,34,0,11.899999999999977,80956.2,0.04184040258806614,0.136,18007.079999999998
L,297.6,308.3,1623,36.9,61,0,10.699999999999989,59888.7,0.02273567467652495,0.244,11376.27
L,298.4,308.0,1605,32.4,154,0,9.600000000000023,52002.0,0.020186915887850466,0.616,9979.199999999999
L,302.7,312.1,1601,35.2,31,0,9.400000000000034,56355.200000000004,0.02198625858838226,0.124,10985.920000000002
L,298.6,309.4,2312,15.5,44,0,10.799999999999955,35836.0,0.0067041522491349485,0.176,4795.7
L,300.3,311.5,1403,60.1,58,0,11.199999999999989,84320.3,0.0428367783321454,0.232,18721.15
M,299.7,309.6,1313,60.0,186,0,9.900000000000034,78780.0,0.0456968773800457,0.744,18576.0
M,303.7,312.6,1671,30.5,163,0,8.900000000000034,50965.5,0.018252543387193298,0.652,9534.300000000001
M,300.2,310.3,1704,29.2,42,0,10.100000000000023,49756.799999999996,0.017136150234741784,0.168,9060.76
L,300.8,311.8,1427,43.3,180,0,11.0,61789.1,0.030343377715487035,0.72,13500.94
L,298.7,309.6,1442,55.6,194,0,10.900000000000034,80175.2,0.03855755894590846,0.776,17213.760000000002
L,300.1,311.3,1479,39.5,133,0,11.199999999999989,58420.5,0.026707234617985125,0.532,12296.35
L,298.3,308.9,1862,27.0,172,0,10.599999999999966,50274.0,0.014500537056928034,0.688,8340.3
L,300.8,311.4,1536,40.9,22,0,10.599999999999966,62822.399999999994,0.026627604166666666,0.088,12736.259999999998
H,298.5,309.1,2051,19.0,184,0,10.600000000000023,38969.0,0.009263773768893223,0.736,5872.900000000001
H,296.9,307.8,1345,54.5,172,0,10.900000000000034,73302.5,0.040520446096654276,0.688,16775.100000000002
M,300.2,310.3,1704,29.4,221,0,10.100000000000023,50097.6,0.01725352112676056,0.884,9122.82
L,302.1,311.4,1549,44.6,31,0,9.299999999999955,69085.40000000001,0.028792769528728213,0.124,13888.439999999999
M,298.1,307.8,1384,43.7,200,0,9.699999999999989,60480.8,0.03157514450867052,0.8,13450.86
L,303.5,313.0,1482,38.5,82,0,9.5,57057.0,0.025978407557354925,0.328,12050.5
L,298.2,307.8,1439,41.6,62,0,9.600000000000023,59862.4,0.028908964558721335,0.248,12804.480000000001
M,298.9,309.8,1353,53.7,71,0,10.900000000000034,72656.1,0.03968957871396896,0.284,16636.260000000002
L,299.1,308.1,1479,40.7,10,0,9.0,60195.3,0.027518593644354297,0.04,12539.670000000002
L,297.4,308.1,1435,45.7,110,0,10.700000000000045,65579.5,0.03184668989547038,0.44,14080.170000000002
L,301.2,311.0,1567,35.1,64,0,9.800000000000011,55001.700000000004,0.022399489470325464,0.256,10916.1
H,301.8,311.1,1463,50.1,149,0,9.300000000000011,73296.3,0.0342447026657553,0.596,15586.110000000002
L,299.3,309.0,1786,23.5,100,0,9.699999999999989,41971.0,0.013157894736842105,0.4,7261.5
L,297.2,308.6,1413,49.8,12,0,11.400000000000034,70367.4,0.03524416135881104,0.048,15368.28
L,298.1,308.3,1495,38.7,188,0,10.199999999999989,57856.50000000001,0.025886287625418062,0.752,11931.210000000001
L,303.6,312.4,2232,16.8,0,0,8.799999999999955,37497.6,0.007526881720430108,0.0,5248.32
M,301.1,311.3,1909,22.7,38,0,10.199999999999989,43334.299999999996,0.011891042430591933,0.152,7066.51
L,299.2,308.4,1620,34.1,89,0,9.199999999999989,55242.0,0.021049382716049385,0.356,10516.44
L,300.8,312.3,1858,26.3,144,0,11.5,48865.4,0.014155005382131325,0.576,8213.49
L,297.4,308.7,1402,40.2,114,0,11.300000000000011,56360.4,0.028673323823109845,0.456,12409.74
M,301.7,310.1,1431,44.0,61,0,8.400000000000034,62964.0,0.030747728860936407,0.244,13644.400000000001
L,298.2,307.8,1585,34.6,78,0,9.600000000000023,54841.0,0.021829652996845427,0.312,10649.880000000001
M,303.8,312.6,1406,47.1,162,0,8.800000000000011,66222.6,0.033499288762446656,0.648,14723.460000000001
L,295.6,306.2,1823,25.8,29,0,10.599999999999966,47033.4,0.01415249588590236,0.116,7899.96
L,304.2,313.2,1464,44.9,37,0,9.0,65733.59999999999,0.030669398907103823,0.148,14062.679999999998
M,302.4,311.8,1644,37.2,195,0,9.400000000000034,61156.8,0.022627737226277374,0.78,11598.960000000001
M,295.6,306.1,1669,29.0,161,0,10.5,48401.0,0.01737567405632115,0.644,8876.900000000001
L,297.2,308.3,1656,30.3,124,0,11.100000000000023,50176.8,0.018297101449275363,0.496,9341.49
M,298.0,308.2,1373,51.2,215,0,10.199999999999989,70297.6,0.037290604515659145,0.86,15779.84
L,298.1,309.0,1557,36.0,56,0,10.899999999999977,56052.0,0.023121387283236993,0.224,11124.0
M,298.6,309.5,1566,38.1,89,0,10.899999999999977,59664.600000000006,0.024329501915708814,0.356,11791.95
M,302.3,311.2,1842,23.9,111,0,8.899999999999977,44023.799999999996,0.012975027144408251,0.444,7437.679999999999
L,302.1,311.4,1518,37.4,102,0,9.299999999999955,56773.2,0.024637681159420288,0.408,11646.359999999999
M,300.2,311.4,1427,39.7,196,0,11.199999999999989,56651.9,0.027820602662929225,0.784,12362.58
L,301.4,310.4,1559,39.4,199,0,9.0,61424.6,0.025272610647851187,0.796,12229.759999999998
H,301.5,310.5,1587,33.8,57,0,9.0,53640.6,0.021298046628859483,0.228,10494.9
L,300.7,310.6,1407,40.5,87,0,9.900000000000034,56983.5,0.028784648187633263,0.348,12579.300000000001
L,300.0,311.4,1483,45.6,187,0,11.399999999999977,67624.8,0.03074848280512475,0.748,14199.84
H,298.2,308.8,1837,28.4,34,0,10.600000000000023,52170.799999999996,0.015459989112683722,0.136,8769.92
L,300.6,311.7,1448,49.1,206,0,11.099999999999966,71096.8,0.03390883977900552,0.824,15304.47
L,297.9,309.1,1457,44.4,28,0,11.200000000000045,64690.799999999996,0.0304735758407687,0.112,13724.04
H,299.6,310.9,1679,31.2,120,0,11.299999999999955,52384.799999999996,0.018582489577129244,0.48,9700.08
L,301.1,310.5,1428,44.1,103,0,9.399999999999977,62974.8,0.030882352941176472,0.412,13693.050000000001
M,297.9,309.1,1558,39.2,59,0,11.200000000000045,61073.600000000006,0.0251604621309371,0.236,12116.720000000001
M,298.0,309.9,1565,33.9,40,0,11.899999999999977,53053.5,0.021661341853035143,0.16,10505.609999999999
L,301.2,310.6,1670,30.0,40,0,9.400000000000034,50100.0,0.017964071856287425,0.16,9318.0
M,296.3,307.2,1286,51.1,177,0,10.899999999999977,65714.6,0.03973561430793157,0.708,15697.92
M,296.6,307.4,1790,25.8,72,0,10.799999999999955,46182.0,0.014413407821229051,0.288,7930.92
H,300.8,310.6,1465,44.1,136,0,9.800000000000011,64606.5,0.030102389078498295,0.544,13697.460000000001
M,297.8,307.3,1315,54.0,180,0,9.5,71010.0,0.04106463878326996,0.72,16594.2
L,301.7,310.6,1624,34.5,216,0,8.900000000000034,56028.0,0.021243842364532018,0.864,10715.7
M,301.0,310.7,1455,46.1,103,0,9.699999999999989,67075.5,0.03168384879725086,0.412,14323.27
L,299.0,310.1,1664,29.7,89,0,11.100000000000023,49420.799999999996,0.01784855769230769,0.356,9209.970000000001
L,297.4,308.6,1524,43.1,73,0,11.200000000000045,65684.40000000001,0.028280839895013125,0.292,13300.660000000002
L,301.8,310.8,1505,41.2,33,0,9.0,62006.00000000001,0.02737541528239203,0.132,12804.960000000001
H,297.3,308.4,1531,35.6,16,0,11.099999999999966,54503.6,0.023252775963422602,0.064,10979.039999999999
M,299.8,309.7,1705,28.5,103,0,9.899999999999977,48592.5,0.016715542521994135,0.412,8826.449999999999
M,301.4,310.8,1782,26.5,6,0,9.400000000000034,47223.0,0.014870931537598204,0.024,8236.2
M,298.9,310.2,1603,36.1,126,0,11.300000000000011,57868.3,0.022520274485339987,0.504,11198.22
M,298.6,309.6,1525,42.4,2,0,11.0,64660.0,0.02780327868852459,0.008,13127.04
M,297.5,308.3,1459,45.2,34,0,10.800000000000011,65946.8,0.03098012337217272,0.136,13935.160000000002
L,298.3,308.5,1453,42.9,89,0,10.199999999999989,62333.7,0.029525120440467997,0.356,13234.65
M,301.4,311.1,1758,25.4,88,0,9.700000000000045,44653.2,0.014448236632536972,0.352,7901.9400000000005
M,298.2,307.8,1599,31.2,173,0,9.600000000000023,49888.799999999996,0.01951219512195122,0.692,9603.36
L,303.3,311.6,1337,56.8,187,1,8.300000000000011,75941.59999999999,0.042483171278982795,0.748,17698.88
M,301.7,310.7,1861,21.8,84,0,9.0,40569.8,0.011714132186996238,0.336,6773.26
L,297.4,309.0,1833,22.6,161,0,11.600000000000023,41425.8,0.012329514457174033,0.644,6983.400000000001
L,302.5,310.9,1624,34.4,146,0,8.399999999999977,55865.6,0.021182266009852214,0.584,10694.96
M,297.5,308.6,1842,27.0,133,0,11.100000000000023,49734.0,0.014657980456026058,0.532,8332.2
L,300.1,310.4,1554,39.4,115,0,10.299999999999955,61227.6,0.025353925353925354,0.46,12229.759999999998
M,298.0,308.0,1555,37.0,111,0,10.0,57535.0,0.023794212218649517,0.444,11396.0
H,297.0,307.9,1448,45.6,172,0,10.899999999999977,66028.8,0.031491712707182325,0.688,14040.24
L,298.9,309.1,2861,4.6,143,1,10.200000000000045,13160.599999999999,0.0016078294302691366,0.572,1421.86
M,300.2,310.2,1438,51.5,7,0,10.0,74057.0,0.035813630041724616,0.028,15975.3
H,298.3,309.4,1631,29.8,0,0,11.099999999999966,48603.8,0.018270999386879216,0.0,9220.119999999999
L,300.6,309.8,1455,48.0,125,0,9.199999999999989,69840.0,0.032989690721649485,0.5,14870.400000000001
L,299.6,309.1,1476,45.3,166,0,9.5,66862.8,0.030691056910569104,0.664,14002.23
L,300.5,311.9,1710,28.4,158,0,11.399999999999977,48564.0,0.016608187134502923,0.632,8857.96
L,300.2,311.7,1448,54.2,173,0,11.5,78481.6,0.03743093922651934,0.692,16894.14
H,299.0,308.2,1662,30.4,55,0,9.199999999999989,50524.799999999996,0.01829121540312876,0.22,9369.279999999999
M,300.6,309.4,1541,35.2,105,0,8.799999999999955,54243.200000000004,0.02284231018818949,0.42,10890.88
L,302.2,311.3,1554,40.2,118,0,9.100000000000023,62470.8,0.02586872586872587,0.472,12514.260000000002
L,300.7,311.8,1443,43.7,217,0,11.100000000000023,63059.100000000006,0.030284130284130285,0.868,13625.660000000002
L,298.9,310.4,1831,25.4,81,0,11.5,46507.399999999994,0.01387220098306936,0.324,7884.159999999999
L,298.5,308.0,1379,49.6,152,0,9.5,68398.40000000001,0.0359680928208847,0.608,15276.800000000001
L,302.0,309.7,1414,36.3,209,0,7.699999999999989,51328.2,0.02567185289957567,0.836,11242.109999999999
L,297.8,309.7,1394,42.9,206,0,11.899999999999977,59802.6,0.030774748923959826,0.824,13286.13
M,297.3,308.1,1369,52.0,214,0,10.800000000000011,71188.0,0.03798392987582177,0.856,16021.2
M,301.0,310.4,1793,25.0,142,0,9.399999999999977,44825.0,0.013943112102621304,0.568,7759.999999999999
L,302.6,311.0,1620,36.2,139,0,8.399999999999977,58644.00000000001,0.02234567901234568,0.556,11258.2
M,300.6,309.4,1581,35.7,117,0,8.799999999999955,56441.700000000004,0.022580645161290325,0.468,11045.58
L,298.5,309.4,1548,37.7,43,0,10.899999999999977,58359.600000000006,0.02435400516795866,0.172,11664.38
M,299.5,309.3,1902,24.0,151,0,9.800000000000011,45648.0,0.012618296529968454,0.604,7423.200000000001
M,299.2,310.8,1502,39.8,177,0,11.600000000000023,59779.6,0.026498002663115843,0.708,12369.84
L,297.0,307.8,1414,47.5,168,0,10.800000000000011,67165.0,0.033592644978783594,0.672,14620.5
M,301.6,309.9,1746,31.1,83,0,8.299999999999955,54300.600000000006,0.017812142038946162,0.332,9637.89
M,303.3,311.5,1373,47.3,60,1,8.199999999999989,64942.899999999994,0.034450109249817916,0.24,14733.949999999999
L,299.3,308.5,1413,38.5,57,0,9.199999999999989,54400.5,0.02724699221514508,0.228,11877.25
L,298.3,309.7,1484,44.3,173,0,11.399999999999977,65741.2,0.02985175202156334,0.692,13719.71
L,302.3,311.7,1453,41.2,147,0,9.399999999999977,59863.600000000006,0.028355127322780456,0.588,12842.04
H,299.4,309.2,1513,36.1,212,0,9.800000000000011,54619.3,0.023859881031064113,0.848,11162.12
L,297.5,308.8,1502,45.9,150,0,11.300000000000011,68941.8,0.03055925432756325,0.6,14173.92
M,297.1,308.4,1421,42.0,165,0,11.299999999999955,59682.0,0.029556650246305417,0.66,12952.8
M,300.2,310.1,1485,40.5,188,0,9.900000000000034,60142.5,0.02727272727272727,0.752,12559.050000000001
L,303.5,312.5,1380,46.1,166,0,9.0,63618.0,0.033405797101449274,0.664,14406.25
L,302.5,310.4,1487,40.2,48,0,7.899999999999977,59777.4,0.02703429724277068,0.192,12478.08
H,299.1,308.2,1450,46.1,112,0,9.099999999999966,66845.0,0.031793103448275864,0.448,14208.02
M,300.8,309.6,1404,38.7,44,0,8.800000000000011,54334.8,0.027564102564102567,0.176,11981.520000000002
H,298.6,309.5,1375,41.0,39,0,10.899999999999977,56375.0,0.029818181818181817,0.156,12689.5
H,301.3,310.0,1532,36.3,2,0,8.699999999999989,55611.6,0.02369451697127937,0.008,11253.0
M,296.8,307.8,1551,38.9,112,0,11.0,60333.899999999994,0.025080593165699546,0.448,11973.42
H,301.1,310.6,1388,58.5,68,0,9.5,81198.0,0.04214697406340057,0.272,18170.100000000002
L,303.7,312.8,1448,44.5,55,0,9.100000000000023,64436.0,0.03073204419889503,0.22,13919.6
H,304.2,313.0,1442,40.9,23,0,8.800000000000011,58977.799999999996,0.028363384188626908,0.092,12801.699999999999
L,297.4,308.6,1494,42.6,161,0,11.200000000000045,63644.4,0.0285140562248996,0.644,13146.36
L,298.0,307.7,1407,43.9,205,0,9.699999999999989,61767.299999999996,0.031201137171286423,0.82,13508.029999999999
H,302.3,310.1,1383,42.9,24,0,7.800000000000011,59330.7,0.031019522776572668,0.096,13303.29
H,304.2,313.3,1625,37.3,27,0,9.100000000000023,60612.49999999999,0.02295384615384615,0.108,11686.09
M,299.3,310.8,1523,40.9,141,0,11.5,62290.7,0.026854891661195007,0.564,12711.72
L,299.1,308.3,1601,31.4,121,0,9.199999999999989,50271.399999999994,0.019612742036227357,0.484,9680.62
M,299.9,309.2,1548,35.7,97,0,9.300000000000011,55263.600000000006,0.02306201550387597,0.388,11038.44
H,303.3,312.6,1827,24.2,132,0,9.300000000000011,44213.4,0.01324575807334428,0.528,7564.92
M,299.1,310.1,1412,44.4,24,0,11.0,62692.799999999996,0.031444759206798865,0.096,13768.44
L,302.3,310.2,1548,35.3,170,0,7.899999999999977,54644.399999999994,0.02280361757105943,0.68,10950.06
L,298.4,309.3,1531,37.4,16,0,10.900000000000034,57259.4,0.02442847811887655,0.064,11567.82
L,304.1,313.3,1452,43.9,182,0,9.199999999999989,63742.799999999996,0.030234159779614325,0.728,13753.87
M,301.2,310.9,1460,46.7,166,0,9.699999999999989,68182.0,0.03198630136986302,0.664,14519.03
M,299.6,308.9,1568,35.3,77,0,9.299999999999955,55350.399999999994,0.022512755102040816,0.308,10904.169999999998
L,303.3,312.6,1463,44.0,140,0,9.300000000000011,64372.0,0.03007518796992481,0.56,13754.400000000001
L,299.4,308.7,1459,47.6,96,0,9.300000000000011,69448.40000000001,0.032625085675119944,0.384,14694.12
M,302.6,311.6,2041,19.2,174,0,9.0,39187.2,0.009407153356197942,0.696,5982.72
M,299.6,309.3,1577,39.8,48,0,9.699999999999989,62764.6,0.025237793278376663,0.192,12310.14
M,300.5,311.9,1670,26.3,89,0,11.399999999999977,43921.0,0.015748502994011978,0.356,8202.97
L,303.7,312.3,1511,38.9,117,0,8.600000000000023,58777.9,0.025744540039708802,0.468,12148.47
L,298.3,309.0,1519,40.0,96,0,10.699999999999989,60760.0,0.026333113890717578,0.384,12360.0
M,300.8,310.6,1505,36.2,0,0,9.800000000000011,54481.00000000001,0.024053156146179405,0.0,11243.720000000001
L,299.1,308.3,1892,25.2,34,0,9.199999999999989,47678.4,0.013319238900634248,0.136,7769.16
M,303.4,311.8,1316,50.9,69,1,8.400000000000034,66984.4,0.03867781155015197,0.276,15870.62
L,298.2,308.3,1589,33.2,94,0,10.100000000000023,52754.8,0.02089364380113279,0.376,10235.560000000001
L,298.9,309.3,1665,32.5,93,0,10.400000000000034,54112.5,0.01951951951951952,0.372,10052.25
L,298.0,307.8,1567,36.4,109,0,9.800000000000011,57038.799999999996,0.023229100191448627,0.436,11203.92
M,299.2,308.2,1674,28.2,14,0,9.0,47206.799999999996,0.016845878136200716,0.056,8691.24
L,302.3,311.0,1528,43.1,30,0,8.699999999999989,65856.8,0.028206806282722513,0.12,13404.1
L,300.2,311.4,1452,47.8,34,0,11.199999999999989,69405.59999999999,0.032920110192837464,0.136,14884.919999999998
M,303.8,312.7,1500,41.7,125,0,8.899999999999977,62550.00000000001,0.027800000000000002,0.5,13039.59
L,301.8,310.9,1609,31.7,202,0,9.099999999999966,51005.299999999996,0.019701678060907394,0.808,9855.529999999999
M,304.3,313.5,1416,48.1,167,0,9.199999999999989,68109.6,0.03396892655367232,0.668,15079.35
M,301.2,310.3,1379,43.2,56,0,9.100000000000023,59572.8,0.031327048585931834,0.224,13404.960000000001
L,296.9,307.9,1367,47.1,204,0,11.0,64385.700000000004,0.03445501097293343,0.816,14502.09
M,298.1,308.7,1315,56.8,59,0,10.599999999999966,74692.0,0.04319391634980988,0.236,17534.16
M,300.6,309.5,1550,40.2,96,0,8.899999999999977,62310.00000000001,0.025935483870967745,0.384,12441.900000000001
L,298.8,309.8,1463,40.0,90,0,11.0,58520.0,0.02734107997265892,0.36,12392.0
M,297.4,308.9,1323,57.3,163,0,11.5,75807.9,0.04331065759637188,0.652,17699.969999999998
L,301.3,310.8,1628,32.2,43,0,9.5,52421.600000000006,0.019778869778869782,0.172,10007.760000000002
L,301.1,310.8,1608,32.9,119,0,9.699999999999989,52903.2,0.020460199004975123,0.476,10225.32
L,297.5,309.4,1443,45.4,70,0,11.899999999999977,65512.2,0.03146223146223146,0.28,14046.759999999998
H,298.5,309.2,1568,40.6,39,0,10.699999999999989,63660.8,0.025892857142857145,0.156,12553.52
L,302.6,311.7,1254,54.1,19,0,9.099999999999966,67841.40000000001,0.043141945773524724,0.076,16862.97
M,299.9,309.5,2065,18.1,62,0,9.600000000000023,37376.5,0.008765133171912834,0.248,5601.950000000001
H,301.7,310.5,1388,50.5,176,0,8.800000000000011,70094.0,0.03638328530259366,0.704,15680.25
L,299.8,309.4,1630,32.4,53,0,9.599999999999966,52812.0,0.01987730061349693,0.212,10024.56
L,300.5,311.5,1651,36.9,65,0,11.0,60921.899999999994,0.022350090854027862,0.26,11494.35
L,300.7,310.7,1416,40.4,214,0,10.0,57206.4,0.028531073446327684,0.856,12552.279999999999
H,298.4,308.9,1782,23.9,24,0,10.5,42589.799999999996,0.013411896745230079,0.096,7382.709999999999
L,297.6,308.3,1617,31.7,39,0,10.699999999999989,51258.9,0.01960420531849103,0.156,9773.11
L,297.4,308.3,1704,27.3,65,0,10.900000000000034,46519.200000000004,0.01602112676056338,0.26,8416.59
L,300.5,310.6,1540,46.7,206,0,10.100000000000023,71918.0,0.030324675324675327,0.824,14505.020000000002
L,302.4,311.0,1329,54.6,176,0,8.600000000000023,72563.40000000001,0.04108352144469526,0.704,16980.600000000002
H,297.6,308.7,1659,32.1,49,0,11.099999999999966,53253.9,0.019349005424954793,0.196,9909.27
H,298.0,309.4,1490,40.5,53,0,11.399999999999977,60345.0,0.027181208053691275,0.212,12530.699999999999
M,303.7,312.7,1469,48.5,147,0,9.0,71246.5,0.03301565690946222,0.588,15165.949999999999
L,302.3,310.9,1412,48.9,28,0,8.599999999999966,69046.8,0.03463172804532578,0.112,15203.009999999998
L,298.2,307.8,1627,31.5,64,0,9.600000000000023,51250.5,0.01936078672403196,0.256,9695.7
M,298.1,309.4,1362,47.6,70,0,11.299999999999955,64831.200000000004,0.03494860499265786,0.28,14727.439999999999
L,302.7,312.4,1444,48.7,9,0,9.699999999999989,70322.8,0.033725761772853184,0.036,15213.88
L,299.2,310.4,1611,36.4,32,0,11.199999999999989,58640.399999999994,0.022594661700806953,0.128,11298.56
M,300.4,310.1,1457,35.1,193,0,9.700000000000045,51140.700000000004,0.02409059711736445,0.772,10884.510000000002
L,303.5,312.3,1681,29.8,25,0,8.800000000000011,50093.8,0.017727543129089827,0.1,9306.54
H,300.8,310.3,1457,46.8,182,0,9.5,68187.59999999999,0.03212079615648593,0.728,14522.039999999999
L,303.9,312.6,1642,32.3,127,0,8.700000000000045,53036.6,0.019671132764920825,0.508,10096.98
L,299.6,309.4,1331,46.4,16,0,9.799999999999955,61758.4,0.03486100676183321,0.064,14356.159999999998
L,300.4,311.5,1596,32.5,154,0,11.100000000000023,51870.0,0.020363408521303257,0.616,10123.75
L,298.9,308.5,1467,44.7,136,0,9.600000000000023,65574.90000000001,0.030470347648261762,0.544,13789.95
L,299.3,308.7,1536,38.9,94,0,9.399999999999977,59750.399999999994,0.025325520833333334,0.376,12008.429999999998
H,297.3,308.5,1435,55.0,104,0,11.199999999999989,78925.0,0.03832752613240418,0.416,16967.5
L,302.6,311.8,1427,50.1,21,0,9.199999999999989,71492.7,0.03510861948142957,0.084,15621.18
L,299.0,310.2,1494,40.6,67,0,11.199999999999989,60656.4,0.02717536813922356,0.268,12594.12
L,303.4,311.6,1712,30.1,182,0,8.200000000000045,51531.200000000004,0.01758177570093458,0.728,9379.160000000002
H,297.3,308.8,1564,38.0,191,0,11.5,59432.0,0.024296675191815855,0.764,11734.4
H,298.1,307.6,1496,44.1,104,0,9.5,65973.6,0.02947860962566845,0.416,13565.160000000002
H,301.9,309.8,1724,27.5,126,0,7.900000000000034,47410.0,0.015951276102088168,0.504,8519.5
L,302.3,311.0,1591,32.7,171,0,8.699999999999989,52025.700000000004,0.020553111250785672,0.684,10169.7
L,298.0,308.5,1395,46.2,122,0,10.5,64449.00000000001,0.033118279569892474,0.488,14252.7
H,298.3,308.0,1553,41.0,52,0,9.699999999999989,63673.0,0.026400515132002575,0.208,12628.0
L,300.6,310.2,1341,52.6,21,0,9.599999999999966,70536.6,0.03922445935868755,0.084,16316.52
L,300.6,311.7,1488,47.7,22,0,11.099999999999966,70977.6,0.03205645161290323,0.088,14868.09
L,300.9,312.1,1711,28.8,74,0,11.200000000000045,49276.8,0.016832261835184104,0.296,8988.480000000001
L,298.2,308.2,1988,21.4,41,0,10.0,42543.2,0.010764587525150904,0.164,6595.48
M,303.7,312.7,1396,47.3,158,0,9.0,66030.8,0.03388252148997135,0.632,14790.71
L,299.5,309.3,1972,19.3,177,0,9.800000000000011,38059.6,0.009787018255578093,0.708,5969.490000000001
L,300.4,311.8,1320,57.9,168,0,11.400000000000034,76428.0,0.04386363636363636,0.672,18053.22
H,296.7,307.9,1424,53.8,133,0,11.199999999999989,76611.2,0.03778089887640449,0.532,16565.019999999997
L,302.2,311.6,1658,31.4,89,0,9.400000000000034,52061.2,0.018938480096501807,0.356,9784.24
L,302.8,310.9,1708,29.8,42,0,8.099999999999966,50898.4,0.017447306791569087,0.168,9264.82
M,298.9,308.5,1555,37.6,142,0,9.600000000000023,58468.0,0.02418006430868167,0.568,11599.6
H,296.8,307.5,1695,30.0,33,0,10.699999999999989,50850.0,0.017699115044247787,0.132,9225.0
M,302.7,312.2,1350,58.6,2,0,9.5,79110.0,0.04340740740740741,0.008,18294.92
M,298.0,308.1,1403,44.8,148,0,10.100000000000023,62854.399999999994,0.03193157519600855,0.592,13802.880000000001
L,297.5,308.4,1747,31.0,45,0,10.899999999999977,54157.0,0.017744705208929592,0.18,9560.4
L,300.9,311.0,1316,56.5,120,0,10.100000000000023,74354.0,0.04293313069908815,0.48,17571.5
L,301.3,310.4,1507,39.1,194,0,9.099999999999966,58923.700000000004,0.025945587259455873,0.776,12136.64
L,295.9,306.6,1414,50.2,51,0,10.700000000000045,70982.8,0.035502121640735504,0.204,15391.320000000002
H,300.5,310.9,1447,46.5,137,0,10.399999999999977,67285.5,0.032135452660677265,0.548,14456.849999999999
L,298.4,308.6,1477,44.0,124,0,10.200000000000045,64988.0,0.02979011509817197,0.496,13578.400000000001
L,301.7,310.5,1399,53.2,174,0,8.800000000000011,74426.8,0.038027162258756256,0.696,16518.600000000002
M,302.1,310.8,1409,41.3,39,0,8.699999999999989,58191.7,0.029311568488289565,0.156,12836.039999999999
H,297.3,308.6,1688,29.4,166,0,11.300000000000011,49627.2,0.017417061611374407,0.664,9072.84
L,299.8,309.4,1609,32.5,27,0,9.599999999999966,52292.5,0.020198881292728402,0.108,10055.5
M,301.3,310.1,1525,37.8,199,0,8.800000000000011,57644.99999999999,0.024786885245901637,0.796,11721.78
L,300.3,310.0,1560,40.8,182,0,9.699999999999989,63647.99999999999,0.026153846153846153,0.728,12648.0
L,300.4,309.5,1447,39.3,110,0,9.100000000000023,56867.1,0.0271596406357982,0.44,12163.349999999999
M,295.4,305.8,1526,38.2,181,0,10.400000000000034,58293.200000000004,0.02503276539973788,0.724,11681.560000000001
L,298.6,309.8,1497,41.6,118,0,11.199999999999989,62275.200000000004,0.027788911155644625,0.472,12887.68
L,301.0,310.4,2204,16.6,175,0,9.399999999999977,36586.4,0.007531760435571688,0.7,5152.64
L,304.1,313.1,1969,20.8,59,0,9.0,40955.200000000004,0.010563737938039615,0.236,6512.4800000000005
M,300.0,309.1,1474,45.2,152,0,9.100000000000023,66624.8,0.030664857530529173,0.608,13971.320000000002
L,299.1,308.3,1305,61.4,17,0,9.199999999999989,80127.0,0.047049808429118774,0.068,18929.62
L,300.8,311.2,1376,48.1,172,0,10.399999999999977,66185.6,0.03495639534883721,0.688,14968.72
M,299.0,309.7,1418,44.7,209,0,10.699999999999989,63384.600000000006,0.031523272214386465,0.836,13843.59
L,300.7,311.9,1462,39.7,181,0,11.199999999999989,58041.4,0.027154582763337896,0.724,12382.43
M,297.3,308.7,1655,34.1,21,0,11.399999999999977,56435.5,0.020604229607250755,0.084,10526.67
M,298.0,308.7,1377,48.5,181,0,10.699999999999989,66784.5,0.03522149600580973,0.724,14971.949999999999
L,301.9,310.6,1610,33.4,87,0,8.700000000000045,53774.0,0.02074534161490683,0.348,10374.04
M,298.4,309.1,1467,39.6,78,0,10.700000000000045,58093.200000000004,0.026993865030674847,0.312,12240.36
M,303.0,312.5,1602,33.7,135,0,9.5,53987.4,0.021036204744069916,0.54,10531.25
L,299.2,310.4,1379,46.8,39,0,11.199999999999989,64537.2,0.03393763596809282,0.156,14526.719999999998
M,298.0,308.6,1453,44.1,165,0,10.600000000000023,64077.3,0.030350997935306264,0.66,13609.260000000002
H,302.3,311.7,1449,44.5,152,0,9.399999999999977,64480.5,0.030710835058661144,0.608,13870.65
M,299.8,311.1,1763,25.5,171,0,11.300000000000011,44956.5,0.014463981849120816,0.684,7933.05
H,297.0,308.1,2540,13.3,98,0,11.100000000000023,33782.0,0.0052362204724409455,0.392,4097.7300000000005
H,301.3,310.6,1605,32.5,59,0,9.300000000000011,52162.5,0.020249221183800622,0.236,10094.5
L,301.7,310.7,2023,20.9,5,0,9.0,42280.7,0.010331191300049431,0.02,6493.629999999999
L,300.3,310.4,1742,25.9,7,0,10.099999999999966,45117.799999999996,0.01486796785304248,0.028,8039.359999999999
L,299.3,309.2,1465,41.5,127,0,9.899999999999977,60797.5,0.02832764505119454,0.508,12831.8
L,302.5,311.5,1985,18.8,190,0,9.0,37318.0,0.00947103274559194,0.76,5856.2
M,302.4,310.4,1586,34.3,149,0,8.0,54399.799999999996,0.021626733921815886,0.596,10646.719999999998
L,299.0,308.5,1604,34.7,159,0,9.5,55658.8,0.021633416458852868,0.636,10704.95
M,299.4,310.7,1492,45.7,219,0,11.300000000000011,68184.40000000001,0.030630026809651476,0.876,14198.99
L,301.8,310.8,1736,26.5,56,0,9.0,46004.0,0.015264976958525345,0.224,8236.2
L,304.1,313.3,1459,50.3,39,0,9.199999999999989,73387.7,0.03447566826593557,0.156,15758.99
M,297.5,308.9,1436,44.8,2,0,11.399999999999977,64332.799999999996,0.03119777158774373,0.008,13838.719999999998
L,299.3,308.6,1433,37.7,42,0,9.300000000000011,54024.100000000006,0.026308443824145152,0.168,11634.220000000001
L,302.0,310.5,1809,27.1,175,0,8.5,49023.9,0.01498065229408513,0.7,8414.550000000001
L,300.8,311.1,1509,33.4,172,0,10.300000000000011,50400.6,0.022133863485752154,0.688,10390.74
L,304.0,312.9,1313,53.9,202,0,8.899999999999977,70770.7,0.04105102817974105,0.808,16865.309999999998
M,301.8,311.1,1399,41.8,125,0,9.300000000000011,58478.2,0.029878484631879913,0.5,13003.98
L,296.3,307.3,1444,49.0,13,0,11.0,70756.0,0.03393351800554017,0.052,15057.7
L,300.1,311.5,1471,47.2,201,0,11.399999999999977,69431.2,0.03208701563562203,0.804,14702.800000000001
L,302.2,310.8,1438,41.4,66,0,8.600000000000023,59533.2,0.02878998609179416,0.264,12867.12
M,300.3,311.5,1528,40.9,76,0,11.199999999999989,62495.2,0.026767015706806282,0.304,12740.35
L,300.7,310.6,1447,40.7,82,0,9.900000000000034,58892.9,0.0281271596406358,0.328,12641.420000000002
L,297.6,309.5,1549,34.9,68,0,11.899999999999977,54060.1,0.022530664945125886,0.272,10801.55
M,300.5,311.5,1378,48.2,82,0,11.0,66419.6,0.03497822931785196,0.328,15014.300000000001
L,298.1,307.7,1388,40.3,109,0,9.599999999999966,55936.399999999994,0.02903458213256484,0.436,12400.31
L,300.3,311.7,1635,31.8,156,0,11.399999999999977,51993.0,0.01944954128440367,0.624,9912.06
L,302.0,311.3,1567,41.1,26,0,9.300000000000011,64403.700000000004,0.026228462029355457,0.104,12794.43
L,298.8,308.7,1450,43.4,66,0,9.899999999999977,62930.0,0.02993103448275862,0.264,13397.58
L,299.3,308.7,1579,36.3,211,0,9.399999999999977,57317.7,0.02298923369221026,0.844,11205.81
L,301.4,310.1,1502,46.6,37,0,8.700000000000045,69993.2,0.031025299600532623,0.148,14450.660000000002
L,302.5,312.2,1775,27.9,56,0,9.699999999999989,49522.5,0.015718309859154928,0.224,8710.38
M,304.0,313.2,1500,40.6,124,0,9.199999999999989,60900.0,0.027066666666666666,0.496,12715.92
M,300.3,311.5,1445,47.3,40,0,11.199999999999989,68348.5,0.03273356401384083,0.16,14733.949999999999
L,300.8,311.9,1560,31.8,21,0,11.099999999999966,49608.0,0.020384615384615386,0.084,9918.42
L,302.6,312.3,1554,42.0,58,0,9.699999999999989,65268.0,0.02702702702702703,0.232,13116.6
H,302.4,310.2,1435,44.9,127,0,7.800000000000011,64431.5,0.03128919860627177,0.508,13927.98
L,297.7,309.3,1893,24.6,15,0,11.600000000000023,46567.8,0.012995245641838352,0.06,7608.780000000001
L,300.8,311.2,1397,48.7,111,0,10.399999999999977,68033.90000000001,0.03486041517537581,0.444,15155.44
L,301.9,310.4,1889,21.5,92,0,8.5,40613.5,0.011381683430386447,0.368,6673.599999999999
L,297.9,309.4,1558,35.7,39,0,11.5,55620.600000000006,0.022913992297817716,0.156,11045.58
L,298.2,308.2,1466,42.4,164,0,10.0,62158.4,0.028922237380627557,0.656,13067.679999999998
M,298.2,307.7,1952,21.6,93,0,9.5,42163.200000000004,0.011065573770491804,0.372,6646.320000000001
M,297.2,307.9,1530,35.9,197,0,10.699999999999989,54927.0,0.023464052287581697,0.788,11053.609999999999
M,303.7,313.0,1469,39.9,137,0,9.300000000000011,58613.1,0.02716133424098026,0.548,12488.699999999999
L,302.3,311.2,1386,50.3,110,0,8.899999999999977,69715.8,0.03629148629148629,0.44,15653.359999999999
M,298.2,308.9,1592,35.2,142,0,10.699999999999989,56038.4,0.022110552763819097,0.568,10873.28
L,301.7,310.6,1743,26.2,71,0,8.900000000000034,45666.6,0.015031554790590936,0.284,8137.72
M,300.4,309.7,1440,42.8,104,0,9.300000000000011,61631.99999999999,0.02972222222222222,0.416,13255.159999999998
M,298.3,308.1,1722,28.6,89,0,9.800000000000011,49249.200000000004,0.016608594657375145,0.356,8811.660000000002
L,299.2,308.6,1381,50.0,193,0,9.400000000000034,69050.0,0.036205648081100654,0.772,15430.000000000002
L,299.1,308.4,1543,37.9,130,0,9.299999999999955,58479.7,0.024562540505508747,0.52,11688.359999999999
M,300.7,311.3,1348,53.0,35,0,10.600000000000023,71444.0,0.039317507418397624,0.14,16498.9
L,304.1,313.3,1883,24.5,190,0,9.199999999999989,46133.5,0.013011152416356878,0.76,7675.85
M,303.8,312.8,1420,47.9,200,0,9.0,68018.0,0.03373239436619718,0.8,14983.12
H,299.8,309.2,1435,42.6,111,0,9.399999999999977,61131.0,0.029686411149825787,0.444,13171.92
L,298.9,309.1,1383,54.9,145,0,10.200000000000045,75926.7,0.03969631236442516,0.58,16969.59
M,301.7,311.2,1563,34.5,139,0,9.5,53923.5,0.022072936660268713,0.556,10736.4
H,298.8,310.1,1380,44.0,56,0,11.300000000000011,60720.0,0.03188405797101449,0.224,13644.400000000001
L,299.1,310.5,1329,54.9,58,0,11.399999999999977,72962.09999999999,0.04130925507900677,0.232,17046.45
L,299.1,308.6,1408,46.7,196,0,9.5,65753.6,0.03316761363636364,0.784,14411.620000000003
M,300.8,310.5,1696,29.7,162,0,9.699999999999989,50371.2,0.017511792452830188,0.648,9221.85
M,300.1,309.2,1454,44.4,19,0,9.099999999999966,64557.6,0.030536451169188444,0.076,13728.48
L,301.2,310.8,1392,52.6,23,0,9.600000000000023,73219.2,0.037787356321839084,0.092,16348.080000000002
L,300.2,309.3,1532,43.2,53,0,9.100000000000023,66182.40000000001,0.028198433420365536,0.212,13361.760000000002
L,297.7,307.1,1715,30.2,0,0,9.400000000000034,51793.0,0.01760932944606414,0.0,9274.42
H,302.0,310.6,1438,43.2,12,0,8.600000000000023,62121.600000000006,0.030041724617524343,0.048,13417.920000000002
M,302.2,311.4,1539,35.1,24,0,9.199999999999989,54018.9,0.02280701754385965,0.096,10930.14
M,301.7,311.0,1510,47.8,27,0,9.300000000000011,72178.0,0.03165562913907285,0.108,14865.8
L,303.7,312.5,1462,46.2,165,0,8.800000000000011,67544.40000000001,0.031600547195622435,0.66,14437.5
M,301.0,310.9,1910,21.9,37,0,9.899999999999977,41829.0,0.011465968586387433,0.148,6808.709999999999
L,296.9,308.0,1514,41.0,120,0,11.100000000000023,62074.0,0.027080581241743725,0.48,12628.0
L,299.6,310.9,1658,28.0,76,0,11.299999999999955,46424.0,0.016887816646562123,0.304,8705.199999999999
M,299.0,310.2,1564,39.9,97,0,11.199999999999989,62403.6,0.02551150895140665,0.388,12376.98
L,302.3,310.8,1511,48.1,24,0,8.5,72679.1,0.03183322303110523,0.096,14949.480000000001
L,300.0,309.5,1728,26.0,37,0,9.5,44928.0,0.015046296296296295,0.148,8047.0
L,298.7,309.2,1396,44.8,178,0,10.5,62540.799999999996,0.032091690544412604,0.712,13852.159999999998
M,303.6,312.5,1459,48.2,17,0,8.899999999999977,70323.8,0.03303632625085675,0.068,15062.5
L,302.9,312.2,1677,30.5,46,0,9.300000000000011,51148.5,0.018187239117471676,0.184,9522.1
L,297.5,308.8,1533,41.5,223,0,11.300000000000011,63619.5,0.027071102413568165,0.892,12815.2
H,302.0,309.8,1280,57.3,147,1,7.800000000000011,73344.0,0.044765624999999996,0.588,17751.54
M,297.9,310.0,1439,41.7,185,0,12.100000000000023,60006.3,0.028978457261987493,0.74,12927.0
L,295.6,306.0,1419,51.1,7,0,10.399999999999977,72510.90000000001,0.036011275546159266,0.028,15636.6
L,300.0,309.2,1759,27.9,5,0,9.199999999999989,49076.1,0.015861284820920977,0.02,8626.679999999998
L,301.5,310.6,1998,20.2,210,0,9.100000000000023,40359.6,0.01011011011011011,0.84,6274.12
L,302.3,311.6,1658,32.3,150,0,9.300000000000011,53553.399999999994,0.019481302774427018,0.6,10064.68
L,297.0,308.2,1577,29.4,130,0,11.199999999999989,46363.799999999996,0.0186429930247305,0.52,9061.08
M,298.8,309.8,1413,45.5,64,0,11.0,64291.5,0.032200990799716916,0.256,14095.9
L,297.9,308.0,1296,62.9,41,0,10.100000000000023,81518.4,0.04853395061728395,0.164,19373.2
L,299.9,310.3,1268,53.3,146,0,10.400000000000034,67584.4,0.04203470031545741,0.584,16538.989999999998
L,302.0,310.6,1358,53.1,194,0,8.600000000000023,72109.8,0.03910162002945508,0.776,16492.86
L,300.1,311.4,1572,36.2,199,0,11.299999999999955,56906.4,0.023027989821882953,0.796,11272.68
L,300.8,309.8,1657,31.1,151,0,9.0,51532.700000000004,0.018768859384429692,0.604,9634.78
L,299.8,310.9,1545,40.7,166,0,11.099999999999966,62881.50000000001,0.026343042071197413,0.664,12653.63
H,297.0,307.9,1846,27.3,179,0,10.899999999999977,50395.8,0.014788732394366198,0.716,8405.67
L,303.5,311.9,1493,38.7,14,0,8.399999999999977,57779.100000000006,0.02592096450100469,0.056,12070.53
M,299.3,308.9,1577,34.9,160,0,9.599999999999966,55037.299999999996,0.022130627774254914,0.64,10780.609999999999
M,300.7,311.9,1697,28.2,191,0,11.199999999999989,47855.4,0.01661756040070713,0.764,8795.58
L,302.7,311.9,1389,46.5,15,0,9.199999999999989,64588.5,0.03347732181425486,0.06,14503.349999999999
L,304.0,313.1,1465,41.0,69,0,9.100000000000023,60065.0,0.027986348122866895,0.276,12837.1
H,301.9,311.2,1474,41.8,18,0,9.300000000000011,61613.2,0.02835820895522388,0.072,13008.159999999998
H,300.7,310.6,1631,32.6,43,0,9.900000000000034,53170.600000000006,0.019987737584304107,0.172,10125.560000000001
M,297.6,308.3,1538,40.2,0,0,10.699999999999989,61827.600000000006,0.026137841352405725,0.0,12393.660000000002
L,300.3,311.7,1445,47.3,15,0,11.399999999999977,68348.5,0.03273356401384083,0.06,14743.409999999998
L,300.5,309.8,1428,43.8,119,0,9.300000000000011,62546.399999999994,0.030672268907563024,0.476,13569.24
L,297.0,307.8,1553,33.3,155,0,10.800000000000011,51714.899999999994,0.021442369607211846,0.62,10249.74
L,297.4,308.3,1475,40.5,222,1,10.900000000000034,59737.5,0.02745762711864407,0.888,12486.15
L,299.6,310.2,1588,34.1,38,0,10.599999999999966,54150.8,0.021473551637279598,0.152,10577.82
M,298.9,310.7,1638,33.6,218,0,11.800000000000011,55036.8,0.020512820512820513,0.872,10439.52
L,298.3,307.9,1399,47.8,99,0,9.599999999999966,66872.2,0.034167262330235884,0.396,14717.619999999997
L,300.8,309.7,1418,46.6,12,0,8.899999999999977,66078.8,0.03286318758815233,0.048,14432.02
H,299.0,308.7,1408,48.5,25,0,9.699999999999989,68288.0,0.03444602272727273,0.1,14971.949999999999
M,299.5,310.7,1423,56.5,7,0,11.199999999999989,80399.5,0.03970484891075193,0.028,17554.55
L,296.9,307.9,1535,39.2,133,0,11.0,60172.00000000001,0.025537459283387624,0.532,12069.68
L,300.7,311.9,1486,35.8,32,0,11.199999999999989,53198.799999999996,0.02409152086137281,0.128,11166.019999999999
M,302.2,310.5,1832,23.7,129,0,8.300000000000011,43418.4,0.012936681222707424,0.516,7358.849999999999
L,298.1,308.4,1592,38.2,211,0,10.299999999999955,60814.4,0.023994974874371862,0.844,11780.88
M,298.1,307.8,1608,32.6,57,0,9.699999999999989,52420.8,0.02027363184079602,0.228,10034.28
M,301.9,311.0,1384,47.4,121,0,9.100000000000023,65601.59999999999,0.034248554913294794,0.484,14741.4
L,300.7,311.0,1436,44.9,119,0,10.300000000000011,64476.4,0.031267409470752086,0.476,13963.9
L,296.6,307.4,1368,45.1,185,0,10.799999999999955,61696.8,0.032967836257309945,0.74,13863.74
L,297.9,309.9,1542,33.8,33,0,12.0,52119.6,0.02191958495460441,0.132,10474.619999999999
H,299.0,310.3,1658,27.6,69,0,11.300000000000011,45760.8,0.016646562123039808,0.276,8564.28
M,301.5,310.4,2639,12.0,21,1,8.899999999999977,31668.0,0.004547176960970065,0.084,3724.7999999999997
L,300.6,309.6,1411,41.6,140,0,9.0,58697.6,0.029482636428065204,0.56,12879.36
L,299.0,309.1,1592,35.0,200,0,10.100000000000023,55720.0,0.02198492462311558,0.8,10818.5
L,301.8,310.6,1452,48.4,110,0,8.800000000000011,70276.8,0.03333333333333333,0.44,15033.04
M,302.3,311.7,1639,36.6,121,0,9.399999999999977,59987.4,0.022330689444783405,0.484,11408.22
H,297.8,307.9,1600,33.5,13,0,10.099999999999966,53600.0,0.0209375,0.052,10314.65
L,301.4,310.6,1555,43.3,212,0,9.200000000000045,67331.5,0.027845659163987138,0.848,13448.98
L,298.9,308.6,1413,46.5,122,0,9.700000000000045,65704.5,0.032908704883227176,0.488,14349.900000000001
L,296.8,307.9,1413,46.5,121,0,11.099999999999966,65704.5,0.032908704883227176,0.484,14317.349999999999
L,301.0,310.5,1248,61.4,77,0,9.5,76627.2,0.04919871794871795,0.308,19064.7
H,300.2,311.5,1432,43.6,127,0,11.300000000000011,62435.200000000004,0.03044692737430168,0.508,13581.4
L,299.3,309.0,1419,46.6,158,0,9.699999999999989,66125.40000000001,0.032840028188865396,0.632,14399.4
M,302.2,310.4,1456,47.5,167,0,8.199999999999989,69160.0,0.032623626373626376,0.668,14743.999999999998
L,297.4,309.4,1473,45.5,94,0,12.0,67021.5,0.030889341479972843,0.376,14077.699999999999
M,297.4,308.0,1355,55.1,63,0,10.600000000000023,74660.5,0.04066420664206642,0.252,16970.8
L,301.2,309.9,1382,52.4,13,0,8.699999999999989,72416.8,0.037916063675832126,0.052,16238.759999999998
L,300.5,311.7,1619,32.7,85,0,11.199999999999989,52941.3,0.0201976528721433,0.34,10192.59
M,300.5,309.8,1410,44.4,111,0,9.300000000000011,62604.0,0.03148936170212766,0.444,13755.12
L,302.0,311.0,1865,22.7,48,0,9.0,42335.5,0.012171581769436998,0.192,7059.7
L,295.5,306.2,1448,48.9,65,0,10.699999999999989,70807.2,0.033770718232044195,0.26,14973.179999999998
L,297.5,308.5,1691,33.1,9,0,11.0,55972.100000000006,0.019574216439976345,0.036,10211.35
L,300.1,311.4,1438,42.2,139,0,11.299999999999955,60683.600000000006,0.029346314325452018,0.556,13141.08
L,300.9,309.7,2355,14.4,201,0,8.800000000000011,33912.0,0.006114649681528662,0.804,4459.68
H,303.2,311.4,1607,36.6,43,0,8.199999999999989,58816.200000000004,0.022775357809583074,0.172,11397.24
L,301.3,310.1,1662,31.0,37,0,8.800000000000011,51522.0,0.01865222623345367,0.148,9613.1
L,300.5,309.7,1616,34.5,155,0,9.199999999999989,55752.0,0.0213490099009901,0.62,10684.65
M,299.4,309.3,1692,28.4,201,0,9.900000000000034,48052.799999999996,0.016784869976359338,0.804,8784.119999999999
L,301.8,310.0,1642,32.6,201,0,8.199999999999989,53529.200000000004,0.01985383678440926,0.804,10106.0
L,300.1,311.4,1629,31.3,41,0,11.299999999999955,50987.700000000004,0.01921424186617557,0.164,9746.82
L,301.4,310.5,1633,39.5,0,0,9.100000000000023,64503.5,0.024188609920391915,0.0,12264.75
L,302.7,312.4,1954,24.8,13,0,9.699999999999989,48459.200000000004,0.012691914022517913,0.052,7747.5199999999995
L,299.7,309.3,1417,54.6,131,0,9.600000000000023,77368.2,0.03853211009174312,0.524,16887.780000000002
M,299.7,310.8,1405,47.6,192,0,11.100000000000023,66878.0,0.03387900355871886,0.768,14794.080000000002
L,300.3,311.9,1609,34.0,177,0,11.599999999999966,54706.0,0.02113113735239279,0.708,10604.599999999999
M,301.0,311.6,1448,43.9,145,0,10.600000000000023,63567.2,0.030317679558011047,0.58,13679.24
L,303.7,312.2,1568,33.8,96,0,8.5,52998.399999999994,0.02155612244897959,0.384,10552.359999999999
L,303.9,312.7,1602,33.9,165,0,8.800000000000011,54307.799999999996,0.021161048689138574,0.66,10600.529999999999
L,301.6,310.4,1599,41.7,116,0,8.799999999999955,66678.3,0.026078799249530958,0.464,12943.68
H,297.7,308.4,1738,27.7,96,0,10.699999999999989,48142.6,0.015937859608745684,0.384,8542.679999999998
L,301.0,310.9,1828,25.1,166,0,9.899999999999977,45882.8,0.013730853391684903,0.664,7803.59
L,300.0,309.3,1473,46.0,35,0,9.300000000000011,67758.0,0.031228784792939578,0.14,14227.800000000001
L,299.0,310.0,1484,39.6,212,0,11.0,58766.4,0.026684636118598382,0.848,12276.0
L,298.8,309.8,1753,27.5,130,0,11.0,48207.5,0.015687393040501995,0.52,8519.5
M,298.1,308.9,1804,25.1,118,0,10.799999999999955,45280.4,0.013913525498891353,0.472,7753.389999999999
L,301.7,309.5,1298,65.5,229,1,7.800000000000011,85019.0,0.05046224961479199,0.916,20272.25
M,298.5,308.1,1501,39.2,127,0,9.600000000000023,58839.200000000004,0.026115922718187877,0.508,12077.520000000002
L,300.9,310.9,1995,20.2,105,0,10.0,40299.0,0.01012531328320802,0.42,6280.179999999999
L,298.9,308.7,1727,29.4,116,0,9.800000000000011,50773.799999999996,0.01702374059061957,0.464,9075.779999999999
L,300.2,311.5,1528,36.1,125,0,11.300000000000011,55160.8,0.023625654450261782,0.5,11245.15
L,297.8,307.4,1512,40.8,137,0,9.599999999999966,61689.6,0.026984126984126982,0.548,12541.919999999998
L,298.4,307.9,1544,35.9,132,0,9.5,55429.6,0.023251295336787565,0.528,11053.609999999999
H,297.8,307.5,1631,31.3,124,0,9.699999999999989,51050.3,0.01919068056407112,0.496,9624.75
L,297.6,308.6,1355,46.4,13,0,11.0,62872.0,0.03424354243542435,0.052,14319.04
M,299.4,309.1,1326,62.0,142,0,9.700000000000045,82212.0,0.04675716440422323,0.568,19164.2
L,303.6,311.8,1614,33.2,155,0,8.199999999999989,53584.8,0.02057001239157373,0.62,10351.760000000002
L,301.5,310.7,1568,33.1,38,0,9.199999999999989,51900.8,0.02110969387755102,0.152,10284.17
M,299.9,309.4,1509,42.8,190,0,9.5,64585.2,0.02836315440689198,0.76,13242.319999999998
M,297.4,309.0,1497,41.8,144,0,11.600000000000023,62574.6,0.02792251169004676,0.576,12916.199999999999
L,302.0,311.3,1509,39.9,25,0,9.300000000000011,60209.1,0.02644135188866799,0.1,12420.87
M,297.2,308.0,1478,42.5,56,0,10.800000000000011,62815.0,0.02875507442489851,0.224,13090.0
L,298.3,309.4,1568,35.8,140,0,11.099999999999966,56134.399999999994,0.022831632653061224,0.56,11076.519999999999
L,298.0,308.1,1454,37.1,35,0,10.100000000000023,53943.4,0.025515818431911967,0.14,11430.510000000002
H,301.2,312.4,1395,47.8,90,0,11.199999999999989,66681.0,0.034265232974910395,0.36,14932.719999999998
M,300.9,311.1,1546,37.7,133,0,10.200000000000045,58284.200000000004,0.02438551099611902,0.532,11728.470000000001
L,298.4,308.6,1433,47.1,101,0,10.200000000000045,67494.3,0.03286810886252617,0.404,14535.060000000001
L,297.3,308.7,1506,39.3,187,0,11.399999999999977,59185.799999999996,0.026095617529880478,0.748,12131.909999999998
L,300.0,309.5,1641,30.1,35,0,9.5,49394.100000000006,0.018342474101157833,0.14,9315.95
M,301.7,311.1,1489,41.4,108,0,9.400000000000034,61644.6,0.027803895231699127,0.432,12879.54
H,300.4,309.8,1448,39.7,107,0,9.400000000000034,57485.600000000006,0.027417127071823207,0.428,12299.060000000001
H,299.5,310.8,1600,32.4,67,0,11.300000000000011,51840.0,0.02025,0.268,10069.92
M,298.3,307.7,1717,27.1,7,0,9.399999999999977,46530.700000000004,0.015783343040186373,0.028,8338.67
L,297.4,308.3,1490,42.6,164,0,10.900000000000034,63474.0,0.02859060402684564,0.656,13133.580000000002
L,301.0,309.7,1468,42.0,141,0,8.699999999999989,61656.0,0.02861035422343324,0.564,13007.4
L,299.3,308.6,1314,48.2,65,0,9.300000000000011,63334.8,0.03668188736681888,0.26,14874.520000000002
M,300.4,310.5,1500,43.0,9,0,10.100000000000023,64500.0,0.028666666666666667,0.036,13351.5
M,300.7,310.6,1572,38.5,50,0,9.900000000000034,60522.0,0.024491094147582698,0.2,11958.1
M,300.7,311.0,1740,25.6,176,0,10.300000000000011,44544.0,0.01471264367816092,0.704,7961.6
H,304.2,313.5,1546,41.4,58,0,9.300000000000011,64004.399999999994,0.026778783958602847,0.232,12978.9
L,299.6,309.2,1601,33.3,33,0,9.599999999999966,53313.299999999996,0.02079950031230481,0.132,10296.359999999999
L,298.2,308.1,1462,49.9,69,0,9.900000000000034,72953.8,0.0341313269493844,0.276,15374.19
M,300.2,309.1,1406,42.2,40,0,8.900000000000034,59333.200000000004,0.030014224751066857,0.16,13044.020000000002
M,299.1,310.3,1233,59.0,81,0,11.199999999999989,72747.0,0.047850770478507706,0.324,18307.7
L,299.3,309.1,1470,41.1,118,0,9.800000000000011,60417.0,0.02795918367346939,0.472,12704.010000000002
M,302.1,311.5,1866,23.1,159,0,9.399999999999977,43104.600000000006,0.012379421221864953,0.636,7195.650000000001
L,298.3,309.6,1527,30.9,189,0,11.300000000000011,47184.299999999996,0.020235756385068762,0.756,9566.64
L,298.0,308.8,1790,27.2,193,0,10.800000000000011,48688.0,0.015195530726256982,0.772,8399.36
M,298.3,309.1,1632,32.7,0,0,10.800000000000011,53366.4,0.020036764705882355,0.0,10107.570000000002
L,298.7,309.5,1446,40.0,160,0,10.800000000000011,57840.0,0.027662517289073305,0.64,12380.0
L,299.0,308.7,2250,16.6,208,0,9.699999999999989,37350.0,0.007377777777777778,0.832,5124.42
L,298.6,308.3,1278,60.5,32,0,9.699999999999989,77319.0,0.047339593114241005,0.128,18652.15
L,298.2,308.0,1411,42.4,48,0,9.800000000000011,59826.4,0.030049610205527995,0.192,13059.199999999999
L,297.9,307.6,1344,54.3,151,0,9.700000000000045,72979.2,0.04040178571428571,0.604,16702.68
L,298.3,309.1,1593,40.1,18,0,10.800000000000011,63879.3,0.02517263025737602,0.072,12394.910000000002
L,296.3,307.4,1465,47.1,215,0,11.099999999999966,69001.5,0.03215017064846416,0.86,14478.539999999999
L,299.2,310.7,1737,27.0,225,1,11.5,46899.0,0.015544041450777202,0.9,8388.9
L,299.2,308.3,1410,43.0,26,0,9.100000000000023,60630.0,0.03049645390070922,0.104,13256.9
L,298.6,309.6,1540,35.8,5,0,11.0,55131.99999999999,0.023246753246753245,0.02,11083.68
L,298.4,309.3,1512,35.8,18,0,10.900000000000034,54129.6,0.023677248677248675,0.072,11072.939999999999
L,299.9,309.2,1491,44.3,214,0,9.300000000000011,66051.3,0.02971160295103957,0.856,13697.56
L,300.4,310.4,1298,61.4,19,0,10.0,79697.2,0.04730354391371341,0.076,19058.559999999998
H,302.3,311.1,1455,40.3,145,0,8.800000000000011,58636.49999999999,0.02769759450171821,0.58,12537.33
L,297.8,308.8,1559,35.2,66,0,11.0,54876.8,0.02257857601026299,0.264,10869.760000000002
L,302.2,310.8,1673,32.9,52,0,8.600000000000023,55041.7,0.019665271966527197,0.208,10225.32
L,302.7,312.0,1501,37.0,77,0,9.300000000000011,55537.0,0.02465023317788141,0.308,11544.0
L,302.3,311.7,1648,32.1,197,0,9.399999999999977,52900.8,0.019478155339805826,0.788,10005.57
M,297.6,308.6,1585,42.0,90,0,11.0,66570.0,0.026498422712933754,0.36,12961.2
L,302.9,312.3,1889,22.8,148,0,9.400000000000034,43069.200000000004,0.012069878242456327,0.592,7120.4400000000005
M,299.8,310.3,1805,23.7,198,0,10.5,42778.5,0.013130193905817175,0.792,7354.11
L,299.4,309.3,1401,59.0,38,0,9.900000000000034,82659.0,0.042112776588151324,0.152,18248.7
M,298.9,308.2,2022,20.0,23,0,9.300000000000011,40440.0,0.009891196834817012,0.092,6164.0
L,297.5,308.5,1462,52.3,148,0,11.0,76462.59999999999,0.03577291381668946,0.592,16134.55
L,302.7,312.2,1450,52.1,213,1,9.5,75545.0,0.03593103448275862,0.852,16265.619999999999
M,300.7,310.6,1488,39.2,189,0,9.900000000000034,58329.600000000006,0.026344086021505377,0.756,12175.520000000002
L,302.2,311.3,1475,48.6,104,0,9.100000000000023,71685.0,0.032949152542372885,0.416,15129.18
M,299.1,310.4,1524,51.4,66,0,11.299999999999955,78333.59999999999,0.033727034120734904,0.264,15954.559999999998
M,300.2,310.0,1664,30.7,179,0,9.800000000000011,51084.799999999996,0.01844951923076923,0.716,9517.0
L,299.1,308.6,1260,57.8,152,0,9.5,72828.0,0.04587301587301587,0.608,17837.08
L,298.5,309.5,1294,66.7,12,1,11.0,86309.8,0.05154559505409583,0.048,20643.65
L,299.3,309.0,1511,47.8,148,0,9.699999999999989,72225.8,0.03163467902051621,0.592,14770.199999999999
L,299.6,309.2,1559,39.1,110,0,9.599999999999966,60956.9,0.025080179602309172,0.44,12089.72
L,302.3,312.0,1746,28.1,167,0,9.699999999999989,49062.600000000006,0.01609392898052692,0.668,8767.2
L,299.9,309.5,1567,35.5,171,0,9.600000000000023,55628.5,0.02265475430759413,0.684,10987.25
L,297.6,308.6,1383,47.5,75,0,11.0,65692.5,0.03434562545191613,0.3,14658.500000000002
L,302.0,310.8,1948,19.7,66,0,8.800000000000011,38375.6,0.010112936344969198,0.264,6122.76
M,301.2,310.3,1357,54.5,49,0,9.100000000000023,73956.5,0.04016212232866617,0.196,16911.350000000002
L,299.2,310.6,1567,38.4,172,0,11.400000000000034,60172.799999999996,0.02450542437779196,0.688,11927.04
L,297.4,308.4,1573,34.5,205,0,11.0,54268.5,0.021932612841703752,0.82,10639.8
M,297.6,308.6,1595,36.9,25,0,11.0,58855.5,0.023134796238244514,0.1,11387.34
M,303.8,313.1,2117,18.6,22,0,9.300000000000011,39376.200000000004,0.008786017949929146,0.088,5823.660000000001
L,297.9,307.9,1476,45.2,91,0,10.0,66715.2,0.030623306233062333,0.364,13917.08
L,297.3,308.3,1430,41.9,95,0,11.0,59917.0,0.0293006993006993,0.38,12917.77
L,297.9,307.6,1977,20.2,182,0,9.700000000000045,39935.4,0.010217501264542236,0.728,6213.52
L,299.4,310.8,1376,53.9,215,1,11.400000000000034,74166.4,0.039171511627906976,0.86,16752.12
H,300.0,311.2,1393,43.1,45,0,11.199999999999989,60038.3,0.030940416367552046,0.18,13412.72
L,300.3,311.8,1418,45.9,53,0,11.5,65086.2,0.03236953455571227,0.212,14311.62
M,299.3,309.3,1523,37.9,204,0,10.0,57721.7,0.024885095206828627,0.816,11722.47
L,297.7,309.0,1507,38.2,94,0,11.300000000000011,57567.4,0.025348374253483744,0.376,11803.800000000001
L,299.1,308.6,1437,41.6,183,0,9.5,59779.200000000004,0.02894919972164231,0.732,12837.760000000002
L,300.6,310.0,1511,36.9,105,0,9.399999999999977,55755.9,0.024420913302448707,0.42,11439.0
L,300.7,309.5,1479,34.5,197,0,8.800000000000011,51025.5,0.02332657200811359,0.788,10677.75
M,299.5,310.9,1378,48.7,119,0,11.399999999999977,67108.6,0.03534107402031931,0.476,15140.83
L,300.8,310.9,1457,47.7,82,0,10.099999999999966,69498.90000000001,0.03273850377487989,0.328,14829.93
M,297.8,308.5,1488,41.9,196,0,10.699999999999989,62347.2,0.028158602150537632,0.784,12926.15
M,300.3,311.4,1386,48.1,119,0,11.099999999999966,66666.6,0.0347041847041847,0.476,14978.34
H,297.7,308.2,1526,40.1,165,0,10.5,61192.6,0.026277850589777198,0.66,12358.82
L,300.6,309.6,1684,32.8,53,0,9.0,55235.2,0.019477434679334917,0.212,10154.88
L,297.8,307.9,1447,48.6,46,0,10.099999999999966,70324.2,0.033586731167933655,0.184,14963.939999999999
M,304.0,313.1,1694,31.4,116,0,9.100000000000023,53191.6,0.018536009445100355,0.464,9831.34
M,299.3,309.2,1440,37.5,111,0,9.899999999999977,54000.0,0.026041666666666668,0.444,11595.0
L,296.9,307.8,1400,57.1,202,1,10.900000000000034,79940.0,0.040785714285714286,0.808,17575.38
L,298.9,308.2,1686,30.4,53,0,9.300000000000011,51254.399999999994,0.018030842230130486,0.212,9369.279999999999
M,302.9,312.4,1334,50.9,5,0,9.5,67900.59999999999,0.03815592203898051,0.02,15901.159999999998
L,298.4,308.3,1433,62.3,20,1,9.900000000000034,89275.9,0.043475226796929514,0.08,19207.09
M,300.8,309.4,1342,62.4,113,1,8.599999999999966,83740.8,0.04649776453055141,0.452,19306.559999999998
M,298.5,308.0,1461,51.9,157,0,9.5,75825.9,0.03552361396303901,0.628,15985.199999999999
L,299.9,311.3,1647,27.5,26,0,11.400000000000034,45292.5,0.016697024893746207,0.104,8560.75
L,301.1,311.3,1268,60.0,53,0,10.199999999999989,76080.0,0.0473186119873817,0.212,18678.0
M,300.3,311.9,1429,41.6,184,0,11.599999999999966,59446.4,0.029111266620013995,0.736,12975.039999999999
L,302.4,310.2,1539,37.7,29,0,7.800000000000011,58020.3,0.024496426250812216,0.116,11694.54
L,301.4,310.3,1374,47.6,176,0,8.900000000000034,65402.4,0.0346433770014556,0.704,14770.28
H,302.0,309.9,1735,27.2,192,0,7.899999999999977,47192.0,0.015677233429394814,0.768,8429.279999999999
L,298.3,309.1,1395,49.8,133,0,10.800000000000011,69471.0,0.035698924731182795,0.532,15393.18
M,298.6,309.4,1407,45.1,176,0,10.799999999999955,63455.700000000004,0.03205401563610519,0.704,13953.939999999999
M,297.5,308.7,1446,53.0,168,0,11.199999999999989,76638.0,0.03665283540802213,0.672,16361.099999999999
M,302.6,310.2,1563,39.0,97,0,7.599999999999966,60957.0,0.02495201535508637,0.388,12097.8
L,300.6,310.3,1920,22.3,223,0,9.699999999999989,42816.0,0.011614583333333334,0.892,6919.6900000000005
L,300.4,309.7,1685,31.3,152,0,9.300000000000011,52740.5,0.01857566765578635,0.608,9693.61
L,300.7,311.8,1441,38.1,34,0,11.100000000000023,54902.1,0.02643997224149896,0.136,11879.580000000002
L,300.5,311.6,1509,47.2,202,0,11.100000000000023,71224.8,0.03127899271040424,0.808,14707.520000000002
M,298.5,309.6,1438,44.5,124,0,11.100000000000023,63991.0,0.030945757997218357,0.496,13777.2
M,298.9,309.8,1392,43.1,218,0,10.900000000000034,59995.200000000004,0.03096264367816092,0.872,13352.380000000001
M,297.8,309.8,1676,29.0,178,0,12.0,48604.0,0.017303102625298328,0.712,8984.2
M,302.2,311.5,1360,53.0,36,0,9.300000000000011,72080.0,0.03897058823529412,0.144,16509.5
L,301.8,311.2,1840,26.6,202,0,9.399999999999977,48944.0,0.014456521739130436,0.808,8277.92
L,300.2,310.4,1518,41.8,5,0,10.199999999999989,63452.399999999994,0.02753623188405797,0.02,12974.719999999998
L,297.5,308.5,1546,40.4,129,0,11.0,62458.399999999994,0.02613195342820181,0.516,12463.4
M,302.9,312.5,1551,40.0,20,0,9.600000000000023,62040.0,0.025789813023855575,0.08,12500.0
M,302.1,311.2,1616,35.1,57,0,9.099999999999966,56721.600000000006,0.021720297029702972,0.228,10923.12
L,300.2,311.8,1410,51.4,189,0,11.600000000000023,72474.0,0.036453900709219854,0.756,16026.52
L,301.6,310.7,1457,40.4,213,0,9.099999999999966,58862.799999999996,0.027728208647906656,0.852,12552.279999999999
H,297.0,307.8,1404,40.7,184,0,10.800000000000011,57142.8,0.028988603988603992,0.736,12527.460000000001
M,300.5,311.6,1454,41.4,108,0,11.100000000000023,60195.6,0.028473177441540577,0.432,12900.24
L,299.9,309.1,1412,48.3,198,0,9.200000000000045,68199.59999999999,0.03420679886685552,0.792,14929.53
L,298.3,309.1,1403,45.1,138,0,10.800000000000011,63275.3,0.032145402708481825,0.552,13940.410000000002
L,302.2,310.9,1604,40.5,68,0,8.699999999999989,64962.0,0.02524937655860349,0.272,12591.449999999999
L,302.5,310.2,1716,29.9,156,0,7.699999999999989,51308.399999999994,0.017424242424242422,0.624,9274.98
M,300.7,309.6,1525,36.5,71,0,8.900000000000034,55662.5,0.023934426229508195,0.284,11300.400000000001
M,301.1,311.1,1615,37.7,153,0,10.0,60885.50000000001,0.023343653250773994,0.612,11728.470000000001
L,301.2,310.2,1385,42.3,42,0,9.0,58585.49999999999,0.030541516245487364,0.168,13121.46
L,299.1,310.3,1472,46.6,157,0,11.199999999999989,68595.2,0.03165760869565217,0.628,14459.980000000001
L,299.2,308.8,1405,51.4,183,0,9.600000000000023,72217.0,0.036583629893238434,0.732,15872.32
M,301.0,310.7,1657,29.9,148,0,9.699999999999989,49544.299999999996,0.01804465902232951,0.592,9289.929999999998
L,297.9,308.9,1566,41.9,50,0,11.0,65615.4,0.026756066411238823,0.2,12942.909999999998
M,302.3,311.2,1432,42.7,68,0,8.899999999999977,61146.4,0.029818435754189947,0.272,13288.24
L,300.7,310.8,1479,49.1,71,0,10.100000000000023,72618.90000000001,0.03319810682893847,0.284,15260.28
M,297.7,308.9,1530,39.1,108,0,11.199999999999989,59823.0,0.025555555555555557,0.432,12077.99
H,300.2,311.5,1515,36.8,27,0,11.300000000000011,55751.99999999999,0.02429042904290429,0.108,11463.199999999999
M,300.3,311.6,1617,32.5,115,0,11.300000000000011,52552.5,0.02009894867037724,0.46,10127.0
H,302.3,311.6,1441,53.9,74,0,9.300000000000011,77669.9,0.03740458015267176,0.296,16795.24
L,298.8,309.8,1437,42.8,23,0,11.0,61503.6,0.029784272790535835,0.092,13259.44
L,300.4,311.1,1397,50.8,189,0,10.700000000000045,70967.59999999999,0.03636363636363636,0.756,15803.880000000001
L,297.1,308.7,1474,42.3,64,0,11.599999999999966,62350.2,0.028697421981004067,0.256,13058.009999999998
L,300.5,311.3,1490,41.8,39,0,10.800000000000011,62281.99999999999,0.028053691275167783,0.156,13012.34
M,299.2,308.4,1415,43.5,53,0,9.199999999999989,61552.5,0.030742049469964665,0.212,13415.4
L,302.5,310.2,1477,41.6,16,0,7.699999999999989,61443.200000000004,0.028165199729180773,0.064,12904.32
L,297.2,308.6,1652,32.1,52,0,11.400000000000034,53029.200000000004,0.01943099273607748,0.208,9906.060000000001
L,299.1,310.7,1309,51.1,188,0,11.599999999999966,66889.90000000001,0.039037433155080216,0.752,15876.77
L,302.2,310.8,1744,29.7,16,0,8.600000000000023,51796.799999999996,0.017029816513761467,0.064,9230.76
L,301.0,310.9,1479,44.3,194,0,9.899999999999977,65519.7,0.029952670723461798,0.776,13772.869999999999
M,302.0,310.6,1539,37.4,96,0,8.600000000000023,57558.6,0.024301494476933073,0.384,11616.44
L,302.7,312.3,1346,61.2,170,0,9.600000000000023,82375.2,0.04546805349182764,0.68,19112.760000000002
M,302.3,311.2,1405,47.7,88,0,8.899999999999977,67018.5,0.033950177935943064,0.352,14844.24
L,298.2,307.8,1375,46.6,188,0,9.600000000000023,64075.0,0.03389090909090909,0.752,14343.480000000001
L,298.3,310.0,1858,23.9,114,0,11.699999999999989,44406.2,0.01286329386437029,0.456,7409.0
L,299.7,309.4,1362,51.9,117,0,9.699999999999989,70687.8,0.0381057268722467,0.468,16057.859999999999
L,301.0,311.1,1615,35.6,158,0,10.100000000000023,57494.0,0.022043343653250776,0.632,11075.160000000002
L,298.9,308.8,1281,53.9,77,0,9.900000000000034,69045.9,0.04207650273224044,0.308,16644.32
L,300.3,311.7,1452,41.5,172,0,11.399999999999977,60258.0,0.028581267217630855,0.688,12935.55
M,298.2,308.7,1599,36.2,28,0,10.5,57883.8,0.022639149468417764,0.112,11174.94
L,298.9,309.9,1517,36.6,117,0,11.0,55522.200000000004,0.024126565589980224,0.468,11342.34
L,298.8,309.8,1634,33.6,27,0,11.0,54902.4,0.020563035495716035,0.108,10409.28
L,297.8,307.2,1498,38.1,188,0,9.399999999999977,57073.8,0.025433911882510013,0.752,11704.32
L,301.4,310.6,1634,31.1,171,0,9.200000000000045,50817.4,0.019033047735618116,0.684,9659.660000000002
M,300.7,311.0,1706,25.0,153,0,10.300000000000011,42650.0,0.014654161781946073,0.612,7775.0
L,296.1,307.1,1651,35.7,167,0,11.0,58940.700000000004,0.02162325863113265,0.668,10963.470000000001
L,302.4,311.8,1508,45.7,108,0,9.400000000000034,68915.6,0.03030503978779841,0.432,14249.260000000002
L,297.4,307.9,1390,47.7,156,0,10.5,66303.0,0.03431654676258993,0.624,14686.83
L,303.9,313.4,1442,48.5,174,0,9.5,69937.0,0.03363384188626907,0.696,15199.9
L,297.6,309.3,1610,35.0,6,0,11.699999999999989,56350.0,0.021739130434782608,0.024,10825.5
M,297.4,308.2,1530,32.6,22,0,10.800000000000011,49878.0,0.02130718954248366,0.088,10047.32
L,300.6,310.7,1455,40.6,82,0,10.099999999999966,59073.0,0.027903780068728522,0.328,12614.42
L,299.3,310.5,1818,26.0,102,0,11.199999999999989,47268.0,0.014301430143014302,0.408,8073.0
L,300.7,311.0,1312,52.1,107,0,10.300000000000011,68355.2,0.03971036585365854,0.428,16203.1
L,298.7,309.7,1510,40.6,162,0,11.0,61306.0,0.02688741721854305,0.648,12573.82
H,302.7,312.5,1527,36.4,26,0,9.800000000000011,55582.799999999996,0.023837590045841517,0.104,11375.0
L,299.9,310.2,1288,69.6,62,1,10.300000000000011,89644.79999999999,0.054037267080745334,0.248,21589.92
M,298.2,308.3,1522,49.1,22,0,10.100000000000023,74730.2,0.03226018396846255,0.088,15137.53
L,298.6,309.4,1667,35.6,185,0,10.799999999999955,59345.200000000004,0.021355728854229154,0.74,11014.64
L,301.6,309.8,1472,42.5,91,0,8.199999999999989,62560.0,0.028872282608695652,0.364,13166.5
L,297.4,308.8,1640,34.2,142,0,11.400000000000034,56088.00000000001,0.020853658536585367,0.568,10560.960000000001
L,299.8,309.8,1749,33.4,153,0,10.0,58416.6,0.019096626643796456,0.612,10347.32
L,298.4,309.4,1385,50.0,201,0,11.0,69250.0,0.036101083032490974,0.804,15469.999999999998
M,298.5,309.4,1565,33.7,150,0,10.899999999999977,52740.50000000001,0.021533546325878596,0.6,10426.78
L,297.4,308.4,1371,57.4,52,0,11.0,78695.4,0.04186725018234865,0.208,17702.16
L,300.1,309.4,2141,17.9,33,0,9.299999999999955,38323.899999999994,0.008360579168612797,0.132,5538.259999999999
L,297.8,307.7,1393,38.0,29,0,9.899999999999977,52934.0,0.027279253409906678,0.116,11692.6
L,299.8,311.3,1560,35.4,178,0,11.5,55224.0,0.022692307692307692,0.712,11020.02
L,297.6,308.3,1502,43.2,139,0,10.699999999999989,64886.4,0.028761651131824235,0.556,13318.560000000001
L,304.3,313.5,1590,29.8,17,0,9.199999999999989,47382.0,0.018742138364779875,0.068,9342.300000000001
L,304.1,313.5,1469,44.6,113,0,9.399999999999977,65517.4,0.030360789652825054,0.452,13982.1
L,299.8,311.2,1664,28.3,173,0,11.399999999999977,47091.200000000004,0.01700721153846154,0.692,8806.96
L,297.6,309.2,1390,43.3,221,0,11.599999999999966,60186.99999999999,0.031151079136690647,0.884,13388.359999999999
M,301.2,310.1,1479,45.5,44,0,8.900000000000034,67294.5,0.030764029749830966,0.176,14109.550000000001
L,300.1,309.7,1362,49.1,23,0,9.599999999999966,66874.2,0.03604992657856094,0.092,15206.27
L,299.6,310.8,1644,30.9,114,0,11.199999999999989,50799.6,0.018795620437956205,0.456,9603.72
M,297.5,309.2,1347,55.8,188,0,11.699999999999989,75162.59999999999,0.04142538975501114,0.752,17253.359999999997
L,300.6,310.3,1484,41.0,213,0,9.699999999999989,60844.0,0.027628032345013476,0.852,12722.300000000001
L,300.6,309.4,2496,13.5,111,0,8.799999999999955,33696.0,0.005408653846153846,0.444,4176.9
M,300.4,311.0,1595,35.4,15,0,10.600000000000023,56463.0,0.02219435736677116,0.06,11009.4
H,298.9,310.3,1243,63.0,163,0,11.400000000000034,78309.0,0.050683829444891394,0.652,19548.9
L,300.3,310.6,1433,53.8,86,0,10.300000000000011,77095.4,0.03754361479413817,0.344,16710.28
L,300.8,311.3,1524,43.5,71,0,10.5,66294.0,0.028543307086614175,0.284,13541.550000000001
M,302.0,311.4,1587,35.9,30,0,9.399999999999977,56973.299999999996,0.02262129804662886,0.12,11179.259999999998
L,300.7,311.7,1635,32.4,213,0,11.0,52974.0,0.01981651376146789,0.852,10099.08
H,298.7,308.4,1560,33.3,53,0,9.699999999999989,51947.99999999999,0.021346153846153845,0.212,10269.719999999998
L,303.7,313.1,1406,48.6,183,0,9.400000000000034,68331.6,0.034566145092460886,0.732,15216.660000000002
H,303.8,312.6,1811,24.9,183,0,8.800000000000011,45093.899999999994,0.013749309773605741,0.732,7783.74
M,299.3,308.6,1448,52.1,71,0,9.300000000000011,75440.8,0.035980662983425414,0.284,16078.060000000001
M,301.8,310.8,1619,31.0,76,0,9.0,50189.0,0.019147621988882025,0.304,9634.800000000001
L,299.8,310.2,1654,32.7,159,0,10.399999999999977,54085.8,0.01977025392986699,0.636,10143.54
H,302.4,311.5,1540,43.7,81,0,9.100000000000023,67298.0,0.02837662337662338,0.324,13612.550000000001
L,299.0,310.3,1520,45.0,171,0,11.300000000000011,68400.0,0.029605263157894735,0.684,13963.5
L,297.2,308.4,1462,51.2,102,0,11.199999999999989,74854.40000000001,0.03502051983584131,0.408,15790.08
M,298.8,308.6,1486,41.1,13,0,9.800000000000011,61074.6,0.02765814266487214,0.052,12683.460000000001
M,298.3,308.1,1630,32.7,83,0,9.800000000000011,53301.00000000001,0.020061349693251535,0.332,10074.87
H,300.9,310.8,1390,40.6,131,0,9.900000000000034,56434.0,0.029208633093525182,0.524,12618.480000000001
M,298.8,309.1,1559,34.7,95,0,10.300000000000011,54097.3,0.0222578576010263,0.38,10725.770000000002
M,297.8,309.7,1700,31.3,200,0,11.899999999999977,53210.0,0.018411764705882353,0.8,9693.61
L,298.2,308.8,1498,36.0,39,0,10.600000000000023,53928.0,0.02403204272363151,0.156,11116.800000000001
L,301.6,310.9,1706,29.5,193,0,9.299999999999955,50327.0,0.017291910902696366,0.772,9171.55
M,301.7,310.8,1516,40.4,48,0,9.100000000000023,61246.4,0.026649076517150396,0.192,12556.32
M,300.3,311.2,1381,65.2,136,1,10.899999999999977,90041.2,0.04721216509775525,0.544,20290.24
L,297.8,307.8,1761,28.9,128,0,10.0,50892.899999999994,0.01641113003975014,0.512,8895.42
H,298.9,310.1,1452,49.9,187,0,11.200000000000045,72454.8,0.034366391184573,0.748,15473.990000000002
L,298.2,307.7,1688,32.4,91,0,9.5,54691.2,0.01919431279620853,0.364,9969.48
L,302.7,312.4,1453,47.3,62,0,9.699999999999989,68726.9,0.032553337921541636,0.248,14776.519999999999
L,297.3,308.1,1458,45.7,202,0,10.800000000000011,66630.6,0.0313443072702332,0.808,14080.170000000002
H,300.7,310.7,1428,43.4,26,0,10.0,61975.2,0.030392156862745098,0.104,13484.38
H,300.1,309.4,1563,40.8,28,0,9.299999999999955,63770.399999999994,0.026103646833013434,0.112,12623.519999999999
L,299.4,309.3,1448,48.6,44,0,9.900000000000034,70372.8,0.03356353591160221,0.176,15031.980000000001
H,301.5,310.4,1580,35.7,161,0,8.899999999999977,56406.00000000001,0.02259493670886076,0.644,11081.28
L,304.2,313.4,1421,43.4,56,0,9.199999999999989,61671.4,0.030541871921182264,0.224,13601.559999999998
L,300.6,309.3,1409,38.7,115,0,8.699999999999989,54528.3,0.02746628814762243,0.46,11969.910000000002
M,297.3,308.7,1447,44.5,105,0,11.399999999999977,64391.5,0.030753282653766412,0.42,13737.15
H,300.6,310.6,1448,44.7,55,0,10.0,64725.600000000006,0.030870165745856354,0.22,13883.820000000002
M,303.5,312.4,1318,54.2,177,0,8.899999999999977,71435.6,0.04112291350531108,0.708,16932.079999999998
L,299.0,310.3,1552,39.9,114,0,11.300000000000011,61924.799999999996,0.025708762886597937,0.456,12380.97
M,301.6,310.6,1924,23.6,181,0,9.0,45406.4,0.012266112266112267,0.724,7330.160000000001
L,297.1,308.1,1487,34.6,208,0,11.0,51450.200000000004,0.023268325487558843,0.832,10660.260000000002
L,298.8,310.6,1651,33.3,0,0,11.800000000000011,54978.299999999996,0.020169594185342216,0.0,10342.98
L,301.0,312.1,1585,32.3,50,0,11.100000000000023,51195.49999999999,0.020378548895899053,0.2,10080.83
L,297.4,308.7,1429,57.4,96,0,11.300000000000011,82024.59999999999,0.04016794961511547,0.384,17719.379999999997
M,300.2,309.4,1433,48.8,191,0,9.199999999999989,69930.4,0.03405443126308444,0.764,15098.719999999998
L,298.3,309.1,1387,52.3,160,0,10.800000000000011,72540.09999999999,0.03770728190338861,0.64,16165.93
L,301.0,310.9,1404,41.8,71,0,9.899999999999977,58687.2,0.02977207977207977,0.284,12995.619999999999
L,301.5,311.1,1426,52.1,121,0,9.600000000000023,74294.6,0.03653576437587658,0.484,16208.310000000001
M,298.1,308.2,1420,63.9,19,1,10.099999999999966,90738.0,0.045,0.076,19693.98
L,301.6,310.7,1424,50.5,214,0,9.099999999999966,71912.0,0.03546348314606742,0.856,15690.349999999999
L,299.9,309.6,1280,59.3,163,0,9.700000000000045,75904.0,0.046328125,0.652,18359.28
L,299.2,308.7,1325,51.0,171,0,9.5,67575.0,0.038490566037735846,0.684,15743.699999999999
M,299.6,310.9,1530,38.8,198,0,11.299999999999955,59363.99999999999,0.025359477124183006,0.792,12062.919999999998
L,303.2,311.5,1507,39.2,225,0,8.300000000000011,59074.4,0.026011944260119445,0.9,12210.800000000001
L,299.8,309.2,1572,35.4,158,0,9.399999999999977,55648.799999999996,0.02251908396946565,0.632,10945.679999999998
L,300.5,309.9,1423,47.9,114,0,9.399999999999977,68161.7,0.033661278988053406,0.456,14844.21
H,295.7,306.2,2161,16.5,105,0,10.5,35656.5,0.007635354002776492,0.42,5052.3
L,302.3,311.2,1758,24.4,68,0,8.899999999999977,42895.2,0.013879408418657565,0.272,7593.279999999999
L,302.5,310.3,1584,35.5,158,0,7.800000000000011,56232.0,0.02241161616161616,0.632,11015.65
L,300.6,311.5,1419,38.6,31,0,10.899999999999977,54773.4,0.027202255109231854,0.124,12023.9
L,300.7,310.8,1608,39.5,202,0,10.100000000000023,63516.0,0.024564676616915422,0.808,12276.6
L,301.2,310.4,1381,49.8,115,0,9.199999999999989,68773.8,0.036060825488776246,0.46,15457.919999999998
L,300.2,309.8,1353,59.4,26,0,9.600000000000023,80368.2,0.04390243902439024,0.104,18402.12
M,300.4,310.2,1671,30.5,234,1,9.800000000000011,50965.5,0.018252543387193298,0.936,9461.1
L,300.1,311.4,1430,40.9,93,0,11.299999999999955,58487.0,0.0286013986013986,0.372,12736.259999999998
M,301.7,311.2,1413,42.6,79,0,9.5,60193.8,0.030148619957537155,0.316,13257.12
L,299.5,309.1,1852,22.6,77,0,9.600000000000023,41855.200000000004,0.012203023758099353,0.308,6985.660000000001
H,300.1,310.1,1426,42.7,64,0,10.0,60890.200000000004,0.02994389901823282,0.256,13241.270000000002
M,303.7,312.8,1366,47.3,49,0,9.100000000000023,64611.799999999996,0.03462664714494875,0.196,14795.44
M,299.2,308.4,1856,22.7,86,0,9.199999999999989,42131.2,0.012230603448275862,0.344,7000.679999999999
L,298.6,309.8,1704,28.3,64,0,11.199999999999989,48223.200000000004,0.016607981220657278,0.256,8767.34
L,302.2,311.5,1427,43.8,88,0,9.300000000000011,62502.6,0.030693763139453396,0.352,13643.699999999999
M,301.1,311.1,1436,41.8,156,0,10.0,60024.799999999996,0.029108635097493035,0.624,13003.98
L,298.9,310.0,1559,33.4,58,0,11.100000000000023,52070.6,0.021423989737010905,0.232,10354.0
L,297.2,308.3,1805,25.6,103,0,11.100000000000023,46208.0,0.014182825484764544,0.412,7892.4800000000005
L,303.1,312.8,2329,15.1,113,0,9.699999999999989,35167.9,0.00648346930012881,0.452,4723.28
M,302.7,312.5,1417,51.5,19,0,9.800000000000011,72975.5,0.03634438955539873,0.076,16093.75
L,300.9,310.6,1350,53.8,131,0,9.700000000000045,72630.0,0.03985185185185185,0.524,16710.28
H,303.9,313.1,1790,26.7,17,0,9.200000000000045,47793.0,0.014916201117318435,0.068,8359.77
L,302.0,310.9,1663,31.5,81,0,8.899999999999977,52384.5,0.01894167167769092,0.324,9793.349999999999
L,299.6,309.0,1648,33.6,70,0,9.399999999999977,55372.8,0.020388349514563107,0.28,10382.4
L,297.4,308.4,1571,39.4,0,0,11.0,61897.399999999994,0.02507956715467855,0.0,12150.96
M,298.6,309.9,1818,24.9,9,0,11.299999999999955,45268.2,0.013696369636963695,0.036,7716.509999999999
M,299.2,308.6,1586,35.7,138,0,9.400000000000034,56620.200000000004,0.022509457755359397,0.552,11017.020000000002
H,302.9,312.3,1754,26.9,209,0,9.400000000000034,47182.6,0.0153363740022805,0.836,8400.869999999999
L,298.7,310.2,1717,27.3,26,0,11.5,46874.1,0.015899825276645314,0.104,8468.46
L,300.3,310.3,2158,16.8,32,0,10.0,36254.4,0.00778498609823911,0.128,5213.04
L,296.9,308.0,1332,53.9,7,0,11.100000000000023,71794.8,0.040465465465465464,0.028,16601.2
L,298.0,308.4,1432,46.2,11,0,10.399999999999977,66158.40000000001,0.032262569832402235,0.044,14248.08
L,299.3,308.7,1802,26.0,130,0,9.399999999999977,46852.0,0.014428412874583796,0.52,8026.2
M,297.3,308.2,1846,24.5,41,0,10.899999999999977,45227.0,0.013271939328277357,0.164,7550.9
L,300.6,310.9,1472,47.6,75,0,10.299999999999955,70067.2,0.03233695652173913,0.3,14798.84
M,299.9,309.3,1452,41.9,106,0,9.400000000000034,60838.799999999996,0.028856749311294765,0.424,12959.67
H,298.2,308.8,1606,39.9,53,0,10.600000000000023,64079.399999999994,0.024844333748443338,0.212,12321.12
L,298.0,309.5,1496,45.8,46,0,11.5,68516.8,0.030614973262032084,0.184,14175.099999999999
M,300.1,311.4,1913,21.9,15,0,11.299999999999955,41894.7,0.011447987454260324,0.06,6819.659999999999
L,302.1,310.5,1696,30.9,107,0,8.399999999999977,52406.399999999994,0.01821933962264151,0.428,9594.449999999999
H,303.3,312.5,1328,49.8,120,0,9.199999999999989,66134.4,0.0375,0.48,15562.5
L,298.6,308.4,1562,34.4,25,0,9.799999999999955,53732.799999999996,0.02202304737516005,0.1,10608.96
H,300.5,310.6,1411,47.2,201,0,10.100000000000023,66599.2,0.03345145287030475,0.804,14660.320000000002
L,300.6,310.1,1541,42.0,23,0,9.5,64722.0,0.027255029201817,0.092,13024.2
L,297.5,308.3,1585,32.9,32,0,10.800000000000011,52146.5,0.020757097791798105,0.128,10143.07
L,303.2,311.2,1363,46.7,29,1,8.0,63652.100000000006,0.03426265590608951,0.116,14533.04
L,301.4,311.0,1733,25.7,182,0,9.600000000000023,44538.1,0.014829774956722446,0.728,7992.7
H,303.3,311.2,1607,31.7,34,0,7.899999999999977,50941.9,0.019726197884256377,0.136,9865.039999999999
M,300.3,311.6,1312,53.4,151,0,11.300000000000011,70060.8,0.04070121951219512,0.604,16639.440000000002
M,300.2,311.7,1555,37.4,169,0,11.5,58157.0,0.02405144694533762,0.676,11657.58
L,301.3,310.4,1695,30.9,108,0,9.099999999999966,52375.5,0.01823008849557522,0.432,9591.359999999999
M,300.6,312.2,2174,18.5,95,0,11.599999999999966,40219.0,0.008509659613615455,0.38,5775.7
L,299.0,310.1,1583,35.8,142,0,11.100000000000023,56671.399999999994,0.022615287428932405,0.568,11101.58
H,301.0,311.2,1602,32.7,19,0,10.199999999999989,52385.4,0.020411985018726594,0.076,10176.24
L,300.7,309.5,1850,24.5,19,0,8.800000000000011,45325.0,0.013243243243243243,0.076,7582.75
L,302.5,310.4,1488,48.4,134,0,7.899999999999977,72019.2,0.032526881720430105,0.536,15023.359999999999
L,299.1,308.7,1498,38.9,181,0,9.599999999999966,58272.2,0.02596795727636849,0.724,12008.429999999998
L,301.5,310.7,1466,43.6,56,0,9.199999999999989,63917.6,0.02974079126875853,0.224,13546.52
M,299.9,309.4,1483,38.1,193,0,9.5,56502.3,0.02569116655428186,0.772,11788.14
L,301.1,311.1,1450,43.3,168,0,10.0,62784.99999999999,0.02986206896551724,0.672,13470.63
L,299.3,309.1,1473,40.3,125,0,9.800000000000011,59361.899999999994,0.027359131025118805,0.5,12456.73
L,302.5,311.1,1538,36.8,208,0,8.600000000000023,56598.399999999994,0.02392717815344603,0.832,11448.48
L,300.9,311.6,1671,33.5,148,0,10.700000000000045,55978.5,0.02004787552363854,0.592,10438.6
L,297.6,308.6,1382,47.1,11,0,11.0,65092.200000000004,0.034081041968162085,0.044,14535.060000000001
M,299.7,311.0,1435,50.1,168,0,11.300000000000011,71893.5,0.03491289198606272,0.672,15581.1
L,298.5,309.3,1590,33.9,107,0,10.800000000000011,53901.0,0.02132075471698113,0.428,10485.27
M,303.0,312.4,1526,36.1,142,0,9.399999999999977,55088.6,0.02365661861074705,0.568,11277.64
H,298.3,309.0,1379,43.2,0,0,10.699999999999989,59572.8,0.031327048585931834,0.0,13348.800000000001
M,303.7,312.4,1631,28.5,132,0,8.699999999999989,46483.5,0.01747394236664623,0.528,8903.4
L,301.5,311.0,1494,45.3,99,0,9.5,67678.2,0.030321285140562246,0.396,14088.3
L,297.4,308.9,1809,23.8,131,0,11.5,43054.200000000004,0.013156440022111665,0.524,7351.82
M,301.8,310.8,1691,33.4,62,0,9.0,56479.399999999994,0.019751626256652867,0.248,10380.72
M,298.9,309.9,1645,31.4,86,0,11.0,51653.0,0.019088145896656535,0.344,9730.859999999999
M,300.8,310.5,1330,59.0,190,0,9.699999999999989,78470.0,0.0443609022556391,0.76,18319.5
L,299.4,309.0,1436,47.9,75,0,9.600000000000023,68784.4,0.033356545961002786,0.3,14801.1
L,298.4,310.1,1926,23.7,83,0,11.700000000000045,45646.2,0.012305295950155762,0.332,7349.37
L,303.8,313.2,1525,41.9,145,0,9.399999999999977,63897.5,0.027475409836065574,0.58,13123.08
H,301.5,310.7,1599,40.4,72,0,9.199999999999989,64599.6,0.025265791119449654,0.288,12552.279999999999
L,301.4,310.5,1476,39.2,206,0,9.100000000000023,57859.200000000004,0.026558265582655827,0.824,12171.6
L,298.6,309.5,1483,43.2,92,0,10.899999999999977,64065.600000000006,0.029130141604855025,0.368,13370.400000000001
M,298.1,307.7,1424,47.7,103,0,9.599999999999966,67924.8,0.03349719101123596,0.412,14677.29
M,299.9,309.8,1625,41.2,109,0,9.900000000000034,66950.0,0.025353846153846154,0.436,12763.760000000002
L,301.9,311.0,1669,32.2,191,0,9.100000000000023,53741.8,0.019292989814260038,0.764,10014.2
L,298.0,308.1,1819,23.4,78,0,10.100000000000023,42564.6,0.012864211105002748,0.312,7209.54
L,300.7,310.2,1286,64.9,160,0,9.5,83461.40000000001,0.05046656298600311,0.64,20131.98
M,302.2,310.6,1346,49.2,134,1,8.400000000000034,66223.2,0.036552748885586926,0.536,15281.520000000002
L,299.8,309.2,1479,44.4,214,0,9.399999999999977,65667.59999999999,0.03002028397565923,0.856,13728.48
M,298.8,309.9,1415,53.2,194,0,11.099999999999966,75278.0,0.037597173144876324,0.776,16486.68
M,302.5,311.8,1566,37.6,54,0,9.300000000000011,58881.600000000006,0.02401021711366539,0.216,11723.68
M,300.2,311.3,1491,37.3,102,0,11.100000000000023,55614.299999999996,0.025016767270288395,0.408,11611.49
M,300.7,311.9,1657,30.9,116,0,11.199999999999989,51201.299999999996,0.01864815932407966,0.464,9637.71
L,298.9,310.1,1823,26.1,131,0,11.200000000000045,47580.3,0.014317059791552386,0.524,8093.610000000001
M,299.0,309.8,2240,15.9,144,0,10.800000000000011,35616.0,0.007098214285714286,0.576,4925.820000000001
M,303.4,312.9,1307,54.3,68,0,9.5,70970.09999999999,0.041545524100994644,0.272,16990.469999999998
L,297.8,308.4,1737,27.5,146,0,10.599999999999966,47767.5,0.01583189407023604,0.584,8481.0
M,299.1,308.4,1330,53.6,62,0,9.299999999999955,71288.0,0.04030075187969925,0.248,16530.239999999998
L,302.4,310.1,2009,18.9,59,0,7.7000000000000455,37970.1,0.00940766550522648,0.236,5860.89
L,297.4,308.3,1561,38.3,0,0,10.900000000000034,59786.299999999996,0.024535554131966685,0.0,11807.89
M,300.2,311.4,1960,20.9,20,0,11.199999999999989,40964.0,0.010663265306122448,0.08,6508.259999999999
M,300.7,312.3,1430,47.2,131,0,11.600000000000023,67496.0,0.03300699300699301,0.524,14740.560000000001
M,296.9,307.9,1441,47.6,60,0,11.0,68591.6,0.03303261623872311,0.24,14656.039999999999
L,302.4,310.3,1480,45.8,123,0,7.900000000000034,67784.0,0.030945945945945946,0.492,14211.74
L,299.1,308.9,1686,29.6,108,0,9.799999999999955,49905.600000000006,0.017556346381969158,0.432,9143.44
M,302.0,311.2,1400,49.5,20,0,9.199999999999989,69300.0,0.03535714285714286,0.08,15404.4
L,302.0,310.4,1450,46.6,165,0,8.399999999999977,67570.0,0.03213793103448276,0.66,14464.64
M,299.8,309.3,1470,42.7,119,0,9.5,62769.00000000001,0.02904761904761905,0.476,13207.11
L,303.8,312.9,1619,35.7,182,0,9.099999999999966,57798.3,0.02205064854848672,0.728,11170.53
L,301.2,310.6,1409,50.9,66,0,9.400000000000034,71718.09999999999,0.03612491128459901,0.264,15809.54
L,298.1,308.0,1697,31.0,164,0,9.899999999999977,52607.0,0.018267530936947555,0.656,9548.0
H,298.8,309.7,1461,55.1,118,0,10.899999999999977,80501.1,0.0377138945927447,0.472,17064.47
M,300.8,312.3,1535,40.3,71,0,11.5,61860.49999999999,0.026254071661237784,0.284,12585.689999999999
M,301.3,311.0,1641,33.0,145,0,9.699999999999989,54153.0,0.02010968921389397,0.58,10263.0
M,302.3,310.9,1742,29.7,137,0,8.599999999999966,51737.4,0.017049368541905856,0.548,9233.73
M,297.4,308.5,1412,45.5,49,0,11.100000000000023,64246.0,0.032223796033994334,0.196,14036.75
H,298.9,310.1,1324,54.6,185,0,11.200000000000045,72290.40000000001,0.041238670694864046,0.74,16931.460000000003
M,299.0,310.6,1787,22.2,192,0,11.600000000000023,39671.4,0.01242305540011192,0.768,6895.320000000001
M,298.0,307.6,1792,26.0,119,0,9.600000000000023,46592.0,0.014508928571428572,0.476,7997.6
L,300.7,310.2,1642,32.6,26,0,9.5,53529.200000000004,0.01985383678440926,0.104,10112.52
L,303.3,311.4,1958,21.5,0,0,8.099999999999966,42097.0,0.010980592441266599,0.0,6695.099999999999
L,301.0,310.8,1375,57.2,20,0,9.800000000000011,78650.0,0.041600000000000005,0.08,17777.760000000002
L,303.7,312.1,1443,45.9,74,0,8.400000000000034,66233.7,0.03180873180873181,0.296,14325.390000000001
M,300.9,311.9,1480,40.9,28,0,11.0,60532.0,0.027635135135135134,0.112,12756.71
M,300.5,311.9,1875,22.1,100,0,11.399999999999977,41437.5,0.011786666666666668,0.4,6892.99
L,297.2,308.4,1605,30.0,183,0,11.199999999999989,48150.0,0.018691588785046728,0.732,9252.0
M,298.3,309.6,1531,40.1,81,0,11.300000000000011,61393.1,0.02619203135205748,0.324,12414.960000000001
L,299.1,308.8,1320,67.5,20,1,9.699999999999989,89100.0,0.05113636363636364,0.08,20844.0
M,297.7,309.2,1700,27.4,176,0,11.5,46580.0,0.016117647058823528,0.704,8472.08
M,301.3,310.8,1509,40.1,25,0,9.5,60510.9,0.026573889993373095,0.1,12463.080000000002
L,302.1,310.7,1359,49.3,41,1,8.599999999999966,66998.7,0.03627667402501839,0.164,15317.509999999998
L,298.2,309.4,1443,45.4,187,0,11.199999999999989,65512.2,0.03146223146223146,0.748,14046.759999999998
M,302.2,311.4,1538,37.4,37,0,9.199999999999989,57521.2,0.024317295188556565,0.148,11646.359999999999
L,297.2,308.5,1766,25.8,7,0,11.300000000000011,45562.8,0.014609286523216308,0.028,7959.3
L,300.6,311.8,1539,37.0,187,0,11.199999999999989,56943.0,0.024041585445094216,0.748,11536.6
M,299.9,309.2,1683,30.5,13,0,9.300000000000011,51331.5,0.018122400475341652,0.052,9430.6
M,302.3,311.0,1450,45.7,175,0,8.699999999999989,66265.0,0.03151724137931035,0.7,14212.7
L,301.5,310.6,1490,48.1,81,0,9.100000000000023,71669.0,0.03228187919463087,0.324,14939.860000000002
L,301.4,310.7,1605,34.2,94,0,9.300000000000011,54891.00000000001,0.021308411214953273,0.376,10625.94
L,298.1,308.0,1456,42.4,59,0,9.899999999999977,61734.4,0.02912087912087912,0.236,13059.199999999999
M,296.8,307.9,1683,31.8,76,0,11.099999999999966,53519.4,0.01889483065953654,0.304,9791.22
L,296.6,307.4,1631,35.0,168,0,10.799999999999955,57085.0,0.02145922746781116,0.672,10759.0
L,300.7,310.8,1519,43.9,55,0,10.100000000000023,66684.09999999999,0.02890059249506254,0.22,13644.12
M,300.9,310.8,1402,48.1,22,0,9.900000000000034,67436.2,0.034308131241084165,0.088,14949.480000000001
L,299.6,309.5,1803,27.7,159,0,9.899999999999977,49943.1,0.015363283416528008,0.636,8573.15
L,299.0,310.4,1365,49.1,226,1,11.399999999999977,67021.5,0.03597069597069597,0.904,15240.64
L,298.3,308.9,1270,52.7,44,0,10.599999999999966,66929.0,0.041496062992125986,0.176,16279.029999999999
L,303.8,313.1,1309,55.8,193,0,9.300000000000011,73042.2,0.0426279602750191,0.772,17470.98
M,303.8,312.6,1768,23.9,149,0,8.800000000000011,42255.2,0.013518099547511311,0.596,7471.14
L,301.5,310.4,1918,21.8,9,0,8.899999999999977,41812.4,0.011366006256517206,0.036,6766.719999999999
L,299.8,310.4,1694,30.3,204,0,10.599999999999966,51328.200000000004,0.017886658795749705,0.816,9405.119999999999
M,300.5,309.9,1780,26.5,101,0,9.399999999999977,47170.0,0.014887640449438203,0.404,8212.349999999999
M,297.6,308.7,1376,59.9,74,0,11.099999999999966,82422.4,0.043531976744186046,0.296,18491.129999999997
L,303.5,311.7,1959,22.3,157,0,8.199999999999989,43685.700000000004,0.011383358856559469,0.628,6950.91
L,298.1,307.9,2161,17.5,5,0,9.799999999999955,37817.5,0.008098102730217492,0.02,5388.25
L,296.2,307.2,1445,41.8,20,0,11.0,60400.99999999999,0.028927335640138406,0.08,12840.96
L,298.3,310.0,1460,47.6,101,0,11.699999999999989,69496.0,0.0326027397260274,0.404,14756.0
L,300.2,311.4,1891,22.6,86,0,11.199999999999989,42736.600000000006,0.011951348492860921,0.344,7037.64
L,298.3,308.1,1672,41.3,0,0,9.800000000000011,69053.59999999999,0.024700956937799043,0.0,12724.53
L,297.5,308.5,1306,50.7,38,0,11.0,66214.2,0.0388208269525268,0.152,15640.95
L,296.3,307.3,1439,41.5,208,0,11.0,59718.5,0.028839471855455177,0.832,12752.95
M,297.5,309.5,1448,43.7,46,0,12.0,63277.600000000006,0.030179558011049726,0.184,13525.150000000001
L,297.8,309.0,1340,56.9,6,0,11.199999999999989,76246.0,0.042462686567164176,0.024,17582.1
M,298.3,309.2,1359,51.4,21,0,10.899999999999977,69852.59999999999,0.03782192788815305,0.084,15892.88
L,297.7,307.2,1518,35.8,195,0,9.5,54344.399999999994,0.023583662714097495,0.78,10997.759999999998
M,304.3,313.5,2245,15.1,172,0,9.199999999999989,33899.5,0.0067260579064587975,0.688,4733.849999999999
L,298.8,308.5,1395,44.4,33,0,9.699999999999989,61938.0,0.031827956989247314,0.132,13697.4
L,298.6,309.9,1630,30.6,2,0,11.299999999999955,49878.0,0.018773006134969326,0.008,9482.94
H,298.8,309.9,1526,42.1,30,0,11.099999999999966,64244.6,0.02758846657929227,0.12,13046.789999999999
L,300.8,311.8,1417,43.4,223,0,11.0,61497.799999999996,0.030628087508821452,0.892,13532.12
H,298.4,308.5,1398,47.1,122,0,10.100000000000023,65845.8,0.03369098712446352,0.488,14530.35
L,301.9,310.3,1972,21.3,67,0,8.400000000000034,42003.6,0.010801217038539554,0.268,6609.39
M,298.2,309.0,1413,47.9,97,0,10.800000000000011,67682.7,0.033899504600141545,0.388,14801.1
M,297.3,308.1,1370,58.8,199,0,10.800000000000011,80556.0,0.042919708029197076,0.796,18116.28
H,298.1,308.4,1515,43.8,6,0,10.299999999999955,66357.0,0.02891089108910891,0.024,13507.919999999998
M,296.2,307.0,1516,37.6,25,0,10.800000000000011,57001.6,0.024802110817941952,0.1,11543.2
M,300.6,310.0,1486,41.2,127,0,9.399999999999977,61223.200000000004,0.027725437415881564,0.508,12772.0
L,300.4,311.5,1441,44.6,96,0,11.100000000000023,64268.6,0.030950728660652325,0.384,13892.9
L,301.1,311.1,1470,40.9,125,0,10.0,60123.0,0.02782312925170068,0.5,12723.99
L,298.1,307.7,1495,48.1,111,0,9.599999999999966,71909.5,0.03217391304347826,0.444,14800.369999999999
H,298.2,308.7,1520,35.7,40,0,10.5,54264.00000000001,0.02348684210526316,0.16,11020.59
L,300.3,311.5,1446,45.0,82,0,11.199999999999989,65070.0,0.03112033195020747,0.328,14017.5
L,295.8,306.5,1493,40.5,90,0,10.699999999999989,60466.5,0.02712659075686537,0.36,12413.25
L,300.7,310.8,1814,21.4,59,0,10.100000000000023,38819.6,0.011797133406835721,0.236,6651.12
L,298.1,309.2,1802,26.9,83,0,11.099999999999966,48473.799999999996,0.01492785793562708,0.332,8317.48
L,300.8,311.2,1430,54.4,85,0,10.399999999999977,77792.0,0.03804195804195804,0.34,16929.28
L,299.7,309.6,1720,27.1,146,0,9.900000000000034,46612.0,0.015755813953488372,0.584,8390.160000000002
M,300.9,311.2,1472,40.0,93,0,10.300000000000011,58880.0,0.02717391304347826,0.372,12448.0
L,298.1,308.4,1438,45.6,105,0,10.299999999999955,65572.8,0.03171070931849791,0.42,14063.039999999999
L,301.5,310.5,1389,54.9,187,0,9.0,76256.09999999999,0.03952483801295896,0.748,17046.45
L,300.5,311.6,1541,47.8,156,0,11.100000000000023,73659.79999999999,0.031018818948734588,0.624,14894.48
L,296.2,307.1,1413,53.4,203,0,10.900000000000034,75454.2,0.03779193205944798,0.812,16399.14
L,302.3,310.9,1620,30.3,112,0,8.599999999999966,49086.0,0.018703703703703705,0.448,9420.27
L,300.9,310.7,1389,50.0,214,0,9.800000000000011,69450.0,0.03599712023038157,0.856,15535.0
L,301.9,311.0,1376,44.9,186,0,9.100000000000023,61782.4,0.03263081395348837,0.744,13963.9
L,296.5,307.2,1481,38.2,160,0,10.699999999999989,56574.200000000004,0.025793382849426064,0.64,11735.04
L,302.0,310.9,1546,34.4,7,0,8.899999999999977,53182.399999999994,0.0222509702457956,0.028,10694.96
M,298.3,308.4,1444,47.5,178,0,10.099999999999966,68590.0,0.03289473684210526,0.712,14648.999999999998
M,298.1,310.0,1393,43.1,65,0,11.899999999999977,60038.3,0.030940416367552046,0.26,13361.0
M,303.6,312.1,1627,32.5,7,0,8.5,52877.5,0.01997541487400123,0.028,10143.25
M,300.5,310.4,1548,37.3,65,0,9.899999999999977,57740.399999999994,0.024095607235142116,0.26,11577.919999999998
M,297.3,308.3,1341,51.9,51,0,11.0,69597.9,0.03870246085011186,0.204,16000.77
L,300.4,311.6,1674,33.0,172,0,11.200000000000045,55242.0,0.01971326164874552,0.688,10282.800000000001
L,300.8,310.5,1482,39.0,47,0,9.699999999999989,57798.0,0.02631578947368421,0.188,12109.5
L,302.0,310.6,1366,47.7,206,0,8.600000000000023,65158.200000000004,0.0349194729136164,0.824,14815.620000000003
L,298.9,308.7,1558,41.2,110,0,9.800000000000011,64189.600000000006,0.02644415917843389,0.44,12718.44
H,303.7,312.7,1564,40.2,150,0,9.0,62872.8,0.025703324808184144,0.6,12570.54
H,300.3,309.9,1394,46.7,210,1,9.599999999999966,65099.8,0.03350071736011478,0.84,14472.33
L,298.2,308.1,1618,34.7,39,0,9.900000000000034,56144.600000000006,0.021446229913473426,0.156,10691.070000000002
L,300.1,309.3,1841,23.0,125,0,9.199999999999989,42343.0,0.012493210211841391,0.5,7113.900000000001
L,300.7,310.8,1689,28.9,100,0,10.100000000000023,48812.1,0.017110716400236824,0.4,8982.119999999999
H,300.5,309.4,1360,46.2,93,0,8.899999999999977,62832.00000000001,0.03397058823529412,0.372,14294.28
L,300.4,311.1,2013,20.1,195,0,10.700000000000045,40461.3,0.009985096870342772,0.78,6253.110000000001
L,300.8,310.7,1589,34.3,144,0,9.899999999999977,54502.7,0.02158590308370044,0.576,10657.009999999998
H,301.8,309.9,1418,51.3,116,0,8.099999999999966,72743.4,0.03617771509167842,0.464,15897.869999999997
M,298.8,310.3,1528,37.1,99,0,11.5,56688.8,0.024280104712041884,0.396,11512.130000000001
M,300.0,309.6,1477,38.1,13,0,9.600000000000023,56273.700000000004,0.025795531482735275,0.052,11795.760000000002
L,300.1,311.5,1434,40.8,80,0,11.399999999999977,58507.2,0.02845188284518828,0.32,12709.199999999999
L,295.8,306.4,1399,47.6,84,0,10.599999999999966,66592.40000000001,0.034024303073624015,0.336,14584.64
L,303.1,312.6,1514,42.1,138,0,9.5,63739.4,0.027807133421400267,0.552,13160.460000000001
M,301.0,311.2,1521,35.8,13,0,10.199999999999989,54451.799999999996,0.02353714661406969,0.052,11140.96
M,300.8,311.3,1465,43.2,113,0,10.5,63288.00000000001,0.029488054607508533,0.452,13448.160000000002
L,303.7,312.6,1466,42.5,183,0,8.900000000000034,62305.0,0.02899045020463847,0.732,13285.500000000002
L,302.1,311.3,1634,30.6,50,0,9.199999999999989,50000.4,0.01872705018359853,0.2,9525.78
H,298.5,309.4,1671,31.8,108,0,10.899999999999977,53137.8,0.01903052064631957,0.432,9838.92
L,298.6,308.4,1559,36.6,188,0,9.799999999999955,57059.4,0.023476587556125722,0.752,11287.44
L,300.2,310.6,1431,42.3,113,0,10.400000000000034,60531.299999999996,0.029559748427672953,0.452,13138.38
L,303.7,313.0,1753,29.0,42,0,9.300000000000011,50837.0,0.01654306902452938,0.168,9077.0
M,298.9,308.2,1411,51.3,43,0,9.300000000000011,72384.3,0.036357193479801556,0.172,15810.659999999998
L,299.7,310.9,1384,48.2,188,0,11.199999999999989,66708.8,0.034826589595375726,0.752,14985.38
L,298.3,309.2,1383,52.1,26,0,10.899999999999977,72054.3,0.03767172812725958,0.104,16109.32
M,300.5,311.9,1511,44.5,30,0,11.399999999999977,67239.5,0.02945069490403706,0.12,13879.55
M,300.8,312.0,1443,53.3,151,0,11.199999999999989,76911.9,0.036936936936936934,0.604,16629.6
L,300.3,311.0,1613,34.7,142,0,10.699999999999989,55971.100000000006,0.021512709237445755,0.568,10791.7
L,299.7,310.2,1469,39.5,26,0,10.5,58025.5,0.026889040163376447,0.104,12252.9
M,301.0,310.9,1510,44.5,66,0,9.899999999999977,67195.0,0.02947019867549669,0.264,13835.05
L,297.5,308.5,1335,48.0,131,0,11.0,64080.0,0.035955056179775284,0.524,14808.0
M,303.6,313.0,1396,38.2,117,0,9.399999999999977,53327.200000000004,0.027363896848137538,0.468,11956.6
L,300.5,311.9,1383,50.5,35,0,11.399999999999977,69841.5,0.03651482284887925,0.14,15750.949999999999
L,299.4,309.2,1489,42.3,114,0,9.800000000000011,62984.7,0.02840832773673606,0.456,13079.159999999998
H,302.1,310.9,1452,42.5,198,0,8.799999999999955,61710.0,0.029269972451790634,0.792,13213.249999999998
L,296.2,307.0,1414,48.3,162,0,10.800000000000011,68296.2,0.034158415841584154,0.648,14828.099999999999
L,298.8,308.5,1444,42.2,83,0,9.699999999999989,60936.8,0.029224376731301942,0.332,13018.7
L,298.4,308.6,1491,42.0,120,0,10.200000000000045,62622.0,0.028169014084507043,0.48,12961.2
L,300.1,309.2,1783,27.3,118,0,9.099999999999966,48675.9,0.015311273135165452,0.472,8441.16
L,300.1,309.7,1680,33.8,140,0,9.599999999999966,56783.99999999999,0.020119047619047616,0.56,10467.859999999999
L,302.8,312.6,1462,39.4,22,0,9.800000000000011,57602.799999999996,0.02694938440492476,0.088,12316.44
L,302.4,311.8,1727,26.5,213,0,9.400000000000034,45765.5,0.015344528083381586,0.852,8262.7
M,301.7,310.8,1502,34.4,157,0,9.100000000000023,51668.799999999996,0.022902796271637816,0.628,10691.52
L,302.0,311.0,1686,32.5,25,0,9.0,54795.0,0.019276393831553974,0.1,10107.5
L,300.8,311.8,1323,61.1,178,0,11.0,80835.3,0.046182917611489044,0.712,19050.98
L,301.7,311.0,1546,43.0,23,0,9.300000000000011,66478.0,0.0278137128072445,0.092,13373.0
L,300.9,310.9,1615,32.0,183,0,10.0,51680.0,0.019814241486068113,0.732,9948.8
L,300.3,309.2,1572,32.0,173,0,8.899999999999977,50304.0,0.020356234096692113,0.692,9894.4
L,303.1,311.2,1399,49.2,111,0,8.099999999999966,68830.8,0.035167977126518944,0.444,15311.04
L,298.6,308.2,1325,54.0,41,0,9.599999999999966,71550.0,0.040754716981132075,0.164,16642.8
H,298.4,307.9,1605,31.0,18,0,9.5,49755.0,0.019314641744548288,0.072,9544.9
L,299.2,308.5,1366,49.7,74,0,9.300000000000011,67890.2,0.03638360175695461,0.296,15332.45
L,299.0,310.1,1447,42.8,104,0,11.100000000000023,61931.6,0.02957843814789219,0.416,13272.28
L,301.9,311.0,1356,45.7,119,0,9.100000000000023,61969.200000000004,0.03370206489675517,0.476,14212.7
L,301.0,311.2,1467,45.4,36,0,10.199999999999989,66601.8,0.03094751192910702,0.144,14128.48
H,297.3,307.9,1461,37.5,161,0,10.599999999999966,54787.5,0.02566735112936345,0.644,11546.25
L,299.4,308.7,1681,30.8,171,0,9.300000000000011,51774.8,0.01832242712671029,0.684,9507.96
M,298.9,310.1,1484,37.9,73,0,11.200000000000045,56243.6,0.02553908355795148,0.292,11752.79
M,302.7,310.6,1349,51.2,6,1,7.900000000000034,69068.8,0.037954040029651595,0.024,15902.720000000001
M,300.4,311.7,1398,42.6,176,0,11.300000000000011,59554.8,0.030472103004291845,0.704,13278.42
L,303.6,312.6,1540,39.8,21,0,9.0,61291.99999999999,0.025844155844155843,0.084,12441.48
L,301.3,310.3,1555,41.2,131,0,9.0,64066.00000000001,0.0264951768488746,0.524,12784.36
L,300.5,309.9,1382,46.5,134,0,9.399999999999977,64263.0,0.033646888567293774,0.536,14410.349999999999
M,297.5,307.9,1544,37.9,136,0,10.399999999999977,58517.6,0.02454663212435233,0.544,11669.409999999998
L,300.6,309.9,1480,43.7,153,0,9.299999999999955,64676.00000000001,0.029527027027027027,0.612,13542.63
M,302.7,311.6,1501,38.8,171,0,8.900000000000034,58238.799999999996,0.025849433710859425,0.684,12090.08
M,303.5,312.9,1438,42.8,106,0,9.399999999999977,61546.399999999994,0.029763560500695407,0.424,13392.119999999999
L,302.8,312.4,1529,36.8,237,0,9.599999999999966,56267.2,0.024068018312622626,0.948,11496.319999999998
H,296.8,308.0,1311,58.6,19,0,11.199999999999989,76824.6,0.04469870327993898,0.076,18048.8
L,297.5,308.5,1448,54.3,83,0,11.0,78626.4,0.0375,0.332,16751.55
H,302.2,311.6,1357,44.2,142,0,9.400000000000034,59979.4,0.032571849668386145,0.568,13772.720000000001
L,303.5,312.0,1441,56.8,88,0,8.5,81848.8,0.03941707147814018,0.352,17721.6
M,297.8,307.2,1456,39.6,199,0,9.399999999999977,57657.6,0.0271978021978022,0.796,12165.12
L,302.1,311.0,1740,30.8,182,0,8.899999999999977,53592.0,0.017701149425287357,0.728,9578.800000000001
M,299.6,309.0,1245,64.0,120,0,9.399999999999977,79680.0,0.05140562248995984,0.48,19776.0
L,297.9,308.1,1393,50.3,193,0,10.200000000000045,70067.9,0.03610911701363963,0.772,15497.43
L,303.5,312.1,1522,36.4,107,0,8.600000000000023,55400.799999999996,0.023915900131406043,0.428,11360.44
M,296.9,307.9,2010,18.9,86,0,11.0,37989.0,0.009402985074626865,0.344,5819.3099999999995
L,302.3,310.8,1650,32.4,26,0,8.5,53460.0,0.019636363636363636,0.104,10069.92
L,301.3,310.7,1504,47.2,74,0,9.399999999999977,70988.8,0.03138297872340426,0.296,14665.04
L,297.6,308.6,1351,51.0,37,0,11.0,68901.0,0.03774981495188749,0.148,15738.6
L,303.8,313.0,1452,38.6,72,0,9.199999999999989,56047.200000000004,0.026584022038567495,0.288,12081.800000000001
L,295.7,306.2,1458,40.6,103,0,10.5,59194.8,0.027846364883401923,0.412,12431.72
M,301.1,311.6,1266,55.5,210,0,10.5,70263.0,0.04383886255924171,0.84,17293.800000000003
L,300.5,309.8,1305,51.7,202,0,9.300000000000011,67468.5,0.039616858237547896,0.808,16016.660000000002
M,300.7,309.5,1393,43.9,81,0,8.800000000000011,61152.7,0.031514716439339556,0.324,13587.05
M,298.4,308.2,1610,35.0,24,0,9.800000000000011,56350.0,0.021739130434782608,0.096,10787.0
L,297.9,308.6,1468,36.0,168,0,10.700000000000045,52848.0,0.02452316076294278,0.672,11109.6
L,297.9,308.0,1501,36.7,4,0,10.100000000000023,55086.700000000004,0.02445036642238508,0.016,11303.6
M,299.8,311.1,1562,35.7,170,0,11.300000000000011,55763.4,0.022855313700384124,0.68,11106.270000000002
L,304.1,313.2,1569,35.8,146,0,9.099999999999966,56170.2,0.02281708094327597,0.584,11212.56
M,297.4,308.4,1564,35.0,105,0,11.0,54740.0,0.02237851662404092,0.42,10794.0
L,298.0,307.7,1422,45.6,140,0,9.699999999999989,64843.200000000004,0.032067510548523206,0.56,14031.12
M,298.1,307.7,1498,38.3,81,0,9.599999999999966,57373.399999999994,0.02556742323097463,0.324,11784.909999999998
L,298.0,307.8,1623,29.9,24,0,9.800000000000011,48527.7,0.01842267406038201,0.096,9203.22
M,303.9,313.2,1422,48.0,215,1,9.300000000000011,68256.0,0.03375527426160337,0.86,15033.599999999999
L,301.6,310.4,1517,41.1,167,0,8.799999999999955,62348.700000000004,0.027092946605141728,0.668,12757.439999999999
M,299.0,310.2,1298,57.2,10,0,11.199999999999989,74245.6,0.04406779661016949,0.04,17743.44
L,300.3,311.4,1343,57.7,142,0,11.099999999999966,77491.1,0.042963514519731946,0.568,17967.78
L,297.3,308.4,1441,43.4,14,0,11.099999999999966,62539.4,0.03011797362942401,0.056,13384.559999999998
M,299.5,310.1,1659,31.5,44,0,10.600000000000023,52258.5,0.0189873417721519,0.176,9768.150000000001
M,300.1,309.4,1349,56.2,127,0,9.299999999999955,75813.8,0.04166048925129726,0.508,17388.28
H,302.8,312.3,1483,47.2,223,0,9.5,69997.6,0.0318273769386379,0.892,14740.560000000001
L,298.0,308.1,1777,24.3,200,0,10.100000000000023,43181.1,0.013674732695554305,0.8,7486.830000000001
L,302.7,312.3,1421,48.5,0,0,9.600000000000023,68918.5,0.034130893736805064,0.0,15146.550000000001
L,298.8,309.7,1225,63.4,37,0,10.899999999999977,77665.0,0.05175510204081633,0.148,19634.98
M,302.9,311.0,1556,36.5,44,0,8.100000000000023,56794.0,0.02345758354755784,0.176,11351.5
M,298.7,310.1,1549,42.5,61,0,11.400000000000034,65832.5,0.027437056165267915,0.244,13179.250000000002
H,300.2,309.3,1506,35.6,63,0,9.100000000000023,53613.6,0.023638778220451528,0.252,11011.080000000002
L,300.4,309.7,1534,42.5,127,0,9.300000000000011,65195.0,0.02770534550195567,0.508,13162.25
M,297.4,307.9,1627,34.3,166,0,10.5,55806.1,0.02108174554394591,0.664,10560.969999999998
L,295.6,306.2,1446,49.9,133,0,10.599999999999966,72155.4,0.03450899031811895,0.532,15279.38
M,297.3,308.2,1452,38.2,44,0,10.899999999999977,55466.4,0.026308539944903585,0.176,11773.24
L,303.0,311.2,1361,47.6,106,1,8.199999999999989,64783.6,0.03497428361498898,0.424,14813.12
H,297.4,308.7,1623,33.8,127,0,11.300000000000011,54857.399999999994,0.02082563154651879,0.508,10434.06
H,301.5,310.7,1394,46.7,130,0,9.199999999999989,65099.8,0.03350071736011478,0.52,14509.69
L,301.4,310.7,1989,21.8,19,0,9.300000000000011,43360.200000000004,0.010960281548516844,0.076,6773.26
H,300.6,310.4,1479,35.6,150,0,9.799999999999955,52652.4,0.024070317782285328,0.6,11050.24
L,301.6,310.8,1355,57.8,195,1,9.199999999999989,78319.0,0.04265682656826568,0.78,17964.239999999998
L,298.4,307.9,2381,14.2,164,0,9.5,33810.2,0.005963880722385552,0.656,4372.179999999999
L,300.0,309.5,1675,30.2,11,0,9.5,50585.0,0.018029850746268658,0.044,9346.9
H,298.1,309.5,1530,40.2,65,0,11.399999999999977,61506.00000000001,0.02627450980392157,0.26,12441.900000000001
M,303.5,312.7,2116,16.7,45,0,9.199999999999989,35337.2,0.007892249527410208,0.18,5222.089999999999
H,296.8,308.0,1453,51.0,24,0,11.199999999999989,74103.0,0.03509979353062629,0.096,15708.0
M,298.2,309.1,1651,28.8,186,0,10.900000000000034,47548.8,0.01744397334948516,0.744,8902.080000000002
L,303.7,312.3,1606,37.4,103,0,8.600000000000023,60064.399999999994,0.02328767123287671,0.412,11680.02
H,298.0,307.8,1314,47.8,19,0,9.800000000000011,62809.2,0.03637747336377473,0.076,14712.84
L,297.4,308.3,1548,46.6,7,0,10.900000000000034,72136.8,0.030103359173126617,0.028,14366.78
H,297.8,308.9,1650,32.2,195,0,11.099999999999966,53130.00000000001,0.019515151515151517,0.78,9946.58
L,298.5,308.1,1564,31.1,34,0,9.600000000000023,48640.4,0.019884910485933504,0.136,9581.910000000002
H,301.0,311.0,1640,37.6,118,0,10.0,61664.0,0.022926829268292682,0.472,11693.6
L,301.1,310.5,1532,37.5,119,0,9.399999999999977,57450.0,0.02447780678851175,0.476,11643.75
L,299.8,311.1,1466,46.1,58,0,11.300000000000011,67582.6,0.03144611186903138,0.232,14341.710000000001
L,302.4,310.2,1503,36.2,166,0,7.800000000000011,54408.600000000006,0.024085163007318697,0.664,11229.24
L,299.7,309.2,1645,30.8,137,0,9.5,50666.0,0.01872340425531915,0.548,9523.36
M,301.0,310.9,1359,53.4,180,0,9.899999999999977,72570.59999999999,0.039293598233995586,0.72,16602.059999999998
L,298.9,308.6,1481,40.7,124,0,9.700000000000045,60276.700000000004,0.027481431465226202,0.496,12560.020000000002
L,296.3,307.2,1291,58.6,29,0,10.899999999999977,75652.6,0.045391169635941135,0.116,18001.92
L,304.1,313.6,1611,31.4,144,0,9.5,50585.399999999994,0.019490999379267536,0.576,9847.04
L,299.2,308.8,1542,39.2,179,0,9.600000000000023,60446.4,0.025421530479896242,0.716,12104.960000000001
H,299.0,310.5,1336,56.8,136,0,11.5,75884.8,0.04251497005988024,0.544,17636.399999999998
L,300.7,311.1,1426,46.2,97,0,10.400000000000034,65881.2,0.032398316970546986,0.388,14372.820000000002
M,297.5,308.6,1429,50.5,129,0,11.100000000000023,72164.5,0.035339398180545836,0.516,15584.300000000001
L,300.4,309.7,1314,50.2,179,0,9.300000000000011,65962.8,0.03820395738203958,0.716,15546.94
L,298.8,309.8,1895,22.0,134,0,11.0,41690.0,0.011609498680738786,0.536,6815.6
M,300.2,311.7,1597,39.5,68,0,11.5,63081.5,0.024733876017532873,0.272,12312.15
M,301.4,311.0,1427,43.2,13,0,9.600000000000023,61646.4,0.030273300630693764,0.052,13435.2
M,298.0,308.2,1466,42.6,2,0,10.199999999999989,62451.6,0.029058663028649387,0.008,13129.32
L,302.4,311.8,1320,56.4,100,0,9.400000000000034,74448.0,0.042727272727272725,0.4,17585.52
M,302.7,310.5,1880,22.7,207,0,7.800000000000011,42676.0,0.012074468085106383,0.828,7048.349999999999
M,299.9,309.2,1574,36.5,177,0,9.300000000000011,57451.0,0.02318932655654384,0.708,11285.8
M,301.8,311.1,1647,31.6,6,0,9.300000000000011,52045.200000000004,0.019186399514268367,0.024,9830.760000000002
L,298.5,309.4,1360,60.9,187,1,10.899999999999977,82824.0,0.04477941176470588,0.748,18842.46
L,298.2,308.9,1332,44.4,100,0,10.699999999999989,59140.799999999996,0.03333333333333333,0.4,13715.159999999998
H,300.5,311.6,1351,53.5,78,0,11.100000000000023,72278.5,0.03960029607698001,0.312,16670.600000000002
H,298.6,309.5,1523,34.2,119,0,10.899999999999977,52086.600000000006,0.022455679579776757,0.476,10584.900000000001
L,302.3,311.4,1511,34.7,75,0,9.099999999999966,52431.700000000004,0.02296492389146261,0.3,10805.58
H,297.7,308.9,1479,40.9,87,0,11.199999999999989,60491.1,0.027653820148749154,0.348,12634.009999999998
M,300.5,309.8,1566,35.9,204,0,9.300000000000011,56219.399999999994,0.022924648786717752,0.816,11121.82
L,301.7,310.9,1705,31.2,146,0,9.199999999999989,53196.0,0.018299120234604106,0.584,9700.08
L,297.6,308.6,1553,40.5,135,0,11.0,62896.5,0.02607855763039279,0.54,12498.300000000001
L,299.8,309.4,1475,43.4,51,0,9.599999999999966,64015.0,0.02942372881355932,0.204,13427.96
L,301.4,310.7,1673,27.8,181,0,9.300000000000011,46509.4,0.01661685594739988,0.724,8637.46
L,299.1,308.2,1409,46.4,12,0,9.099999999999966,65377.6,0.032931156848828955,0.048,14300.48
L,299.7,310.6,1675,31.3,129,0,10.900000000000034,52427.5,0.018686567164179105,0.516,9721.78
L,302.0,310.0,1664,28.6,190,0,8.0,47590.4,0.0171875,0.76,8866.0
L,299.0,310.3,1507,36.7,173,0,11.300000000000011,55306.9,0.024353019243530193,0.692,11388.010000000002
M,297.5,308.7,1363,53.6,194,0,11.199999999999989,73056.8,0.039325018341892885,0.776,16546.32
L,300.7,310.6,1491,43.2,187,0,9.900000000000034,64411.200000000004,0.0289738430583501,0.748,13417.920000000002
M,296.7,307.8,1286,60.5,0,0,11.100000000000023,77803.0,0.04704510108864697,0.0,18621.9
L,296.6,307.4,1436,42.8,156,0,10.799999999999955,61460.799999999996,0.0298050139275766,0.624,13156.719999999998
L,297.4,308.6,1635,30.5,159,0,11.200000000000045,49867.5,0.018654434250764525,0.636,9412.300000000001
L,302.6,311.6,1953,22.4,180,0,9.0,43747.2,0.011469534050179211,0.72,6979.84
L,298.5,308.8,1305,58.7,26,0,10.300000000000011,76603.5,0.0449808429118774,0.104,18126.56
L,296.2,306.8,1655,31.1,136,0,10.600000000000023,51470.5,0.01879154078549849,0.544,9541.480000000001
L,298.8,309.8,1508,36.3,69,0,11.0,54740.399999999994,0.024071618037135277,0.276,11245.74
M,302.1,310.0,1355,45.1,6,1,7.899999999999977,61110.5,0.03328413284132842,0.024,13981.0
M,298.1,309.1,1448,52.5,150,0,11.0,76020.0,0.036256906077348064,0.6,16227.750000000002
L,299.4,310.6,1348,54.5,22,0,11.200000000000045,73466.0,0.04043026706231454,0.088,16927.7
L,301.3,310.3,1400,44.3,47,0,9.0,62019.99999999999,0.03164285714285714,0.188,13746.289999999999
M,303.1,311.2,1489,44.5,27,0,8.099999999999966,66260.5,0.029885829415715246,0.108,13848.4
M,300.1,311.1,1616,35.2,183,0,11.0,56883.200000000004,0.021782178217821784,0.732,10950.720000000001
M,297.4,308.2,1536,34.6,4,0,10.800000000000011,53145.600000000006,0.022526041666666666,0.016,10663.72
L,297.2,308.1,1446,38.5,164,0,10.900000000000034,55671.0,0.026625172890733056,0.656,11861.85
M,297.4,309.3,1499,36.8,88,0,11.900000000000034,55163.2,0.024549699799866577,0.352,11382.24
L,301.7,311.0,1343,49.2,25,0,9.300000000000011,66075.6,0.036634400595681314,0.1,15301.2
M,302.5,312.0,1591,29.4,192,0,9.5,46775.399999999994,0.018478944060339408,0.768,9172.8
M,298.5,308.2,1564,37.5,15,0,9.699999999999989,58650.0,0.0239769820971867,0.06,11557.5
L,299.2,310.7,1535,42.6,17,0,11.5,65391.0,0.027752442996742673,0.068,13235.82
H,300.6,311.9,1604,30.5,45,0,11.299999999999955,48922.0,0.019014962593516208,0.18,9512.949999999999
M,297.2,308.3,1604,39.4,9,0,11.100000000000023,63197.6,0.02456359102244389,0.036,12147.02
L,300.2,311.6,1446,47.3,66,0,11.400000000000034,68395.8,0.03271092669432918,0.264,14738.68
L,300.6,310.1,1656,32.7,44,0,9.5,54151.200000000004,0.019746376811594205,0.176,10140.270000000002
M,300.1,310.5,1329,57.4,99,0,10.399999999999977,76284.59999999999,0.04319036869826937,0.396,17822.7
L,303.8,312.7,1596,36.6,134,0,8.899999999999977,58413.600000000006,0.02293233082706767,0.536,11444.82
L,299.2,308.4,1445,43.5,224,0,9.199999999999989,62857.5,0.030103806228373702,0.896,13415.4
L,302.4,310.1,1709,31.8,100,0,7.7000000000000455,54346.200000000004,0.01860737273259216,0.4,9861.18
L,302.6,312.2,1695,27.1,32,0,9.599999999999966,45934.5,0.015988200589970504,0.128,8460.62
M,301.7,310.8,1524,41.3,147,0,9.100000000000023,62941.2,0.027099737532808397,0.588,12836.039999999999
L,298.9,308.7,1572,34.1,80,0,9.800000000000011,53605.200000000004,0.02169211195928753,0.32,10526.67
L,298.5,308.3,1458,44.0,44,0,9.800000000000011,64152.0,0.03017832647462277,0.176,13565.2
L,300.5,309.7,1589,30.5,198,0,9.199999999999989,48464.5,0.01919446192573946,0.792,9445.85
M,302.0,309.7,1386,62.7,142,1,7.699999999999989,86902.2,0.04523809523809524,0.568,19418.19
H,298.4,309.4,1512,35.3,51,0,11.0,53373.6,0.023346560846560845,0.204,10921.819999999998
M,298.2,308.0,1591,33.7,32,0,9.800000000000011,53616.700000000004,0.021181646763042114,0.128,10379.6
L,302.1,311.4,1889,22.7,194,0,9.299999999999955,42880.299999999996,0.012016940179989413,0.776,7068.779999999999
H,298.3,309.6,1546,36.2,177,0,11.300000000000011,55965.200000000004,0.023415265200517465,0.708,11207.520000000002
M,301.2,310.6,1576,39.6,109,0,9.400000000000034,62409.600000000006,0.025126903553299492,0.436,12299.760000000002
L,299.3,308.5,1485,44.7,78,0,9.199999999999989,66379.5,0.030101010101010104,0.312,13789.95
H,296.9,307.7,1656,30.8,181,0,10.800000000000011,51004.8,0.018599033816425123,0.724,9477.16
L,296.7,308.0,1535,36.8,210,0,11.300000000000011,56487.99999999999,0.023973941368078174,0.84,11334.4
L,304.1,313.3,1415,50.0,184,0,9.199999999999989,70750.0,0.0353356890459364,0.736,15665.0
H,299.8,309.5,1420,46.7,136,0,9.699999999999989,66314.0,0.03288732394366197,0.544,14453.650000000001
L,302.7,310.5,1520,39.3,73,0,7.800000000000011,59735.99999999999,0.025855263157894735,0.292,12202.65
L,300.4,311.8,2261,14.9,5,0,11.400000000000034,33688.9,0.00659000442282176,0.02,4645.820000000001
L,296.7,307.8,1382,47.5,37,0,11.100000000000023,65645.0,0.034370477568740954,0.148,14620.5
L,297.9,309.1,1543,36.6,20,0,11.200000000000045,56473.8,0.023720025923525602,0.08,11313.060000000001
M,297.1,308.1,1823,24.3,219,0,11.0,44298.9,0.013329676357652222,0.876,7486.830000000001
L,302.6,310.5,1461,45.4,0,0,7.899999999999977,66329.4,0.03107460643394935,0.0,14096.699999999999
L,297.1,308.4,1543,39.6,205,0,11.299999999999955,61102.8,0.025664290343486714,0.82,12212.64
L,297.8,309.8,1533,36.8,198,0,12.0,56414.399999999994,0.02400521852576647,0.792,11400.64
L,301.4,310.6,1648,30.7,90,0,9.200000000000045,50593.6,0.01862864077669903,0.36,9535.42
L,299.8,310.0,1697,36.0,175,0,10.199999999999989,61092.0,0.02121390689451974,0.7,11160.0
L,301.1,311.1,1889,23.8,170,0,10.0,44958.200000000004,0.012599258867125464,0.68,7404.180000000001
L,303.9,313.2,1540,44.4,119,0,9.300000000000011,68376.0,0.02883116883116883,0.476,13906.08
H,299.9,309.2,1525,33.2,0,0,9.300000000000011,50630.00000000001,0.02177049180327869,0.0,10265.44
M,300.5,311.3,1507,43.4,41,0,10.800000000000011,65403.799999999996,0.028798938287989382,0.164,13510.42
L,297.0,308.3,1492,48.1,137,0,11.300000000000011,71765.2,0.03223860589812332,0.548,14829.230000000001
L,297.1,308.4,1422,42.1,148,0,11.299999999999955,59866.200000000004,0.02960618846694796,0.592,12983.64
L,299.4,308.7,1553,42.7,128,0,9.300000000000011,66313.1,0.027495170637475856,0.512,13181.49
M,300.1,309.2,1732,33.7,218,0,9.099999999999966,58368.4,0.01945727482678984,0.872,10420.04
M,300.3,309.5,1320,62.2,142,0,9.199999999999989,82104.0,0.047121212121212126,0.568,19250.9
M,301.0,311.2,1394,41.3,16,0,10.199999999999989,57572.2,0.029626972740315637,0.064,12852.56
L,298.2,308.3,1230,59.6,162,0,10.100000000000023,73308.0,0.04845528455284553,0.648,18374.68
L,298.1,309.0,1787,27.6,47,0,10.899999999999977,49321.200000000004,0.01544487968662563,0.188,8528.4
L,301.4,310.8,1680,31.4,185,0,9.400000000000034,52752.0,0.018690476190476188,0.74,9759.12
H,300.5,310.6,1378,51.5,166,0,10.100000000000023,70967.0,0.03737300435413643,0.664,15995.900000000001
L,297.2,308.6,1917,24.1,54,0,11.400000000000034,46199.700000000004,0.0125717266562337,0.216,7437.260000000001
M,302.1,311.4,1419,36.2,47,0,9.299999999999955,51367.8,0.025510923185341792,0.188,11272.68
M,298.9,310.1,1513,41.5,80,0,11.200000000000045,62789.5,0.02742894910773298,0.32,12869.150000000001
L,297.6,309.5,1373,50.6,55,0,11.899999999999977,69473.8,0.03685360524399126,0.22,15660.7
M,298.1,307.7,1435,40.9,147,0,9.599999999999966,58691.5,0.028501742160278745,0.588,12584.929999999998
M,300.5,309.3,1539,39.1,216,0,8.800000000000011,60174.9,0.025406107862248214,0.864,12093.630000000001
L,299.8,309.5,1476,44.4,14,0,9.699999999999989,65534.4,0.030081300813008128,0.056,13741.8
M,300.5,311.4,2072,18.8,75,0,10.899999999999977,38953.6,0.009073359073359074,0.3,5854.32
L,297.7,308.8,1354,50.2,103,0,11.100000000000023,67970.8,0.03707533234859675,0.412,15501.760000000002
L,298.0,307.5,1792,27.9,217,0,9.5,49996.799999999996,0.015569196428571427,0.868,8579.25
M,299.4,308.6,1455,42.7,183,0,9.200000000000045,62128.50000000001,0.029347079037800688,0.732,13177.220000000001
M,300.9,310.8,1695,30.2,188,0,9.900000000000034,51189.0,0.01781710914454277,0.752,9386.16
M,296.1,306.9,1951,23.3,38,0,10.799999999999955,45458.3,0.01194259354177345,0.152,7150.7699999999995
L,297.2,307.9,1469,48.2,144,0,10.699999999999989,70805.8,0.03281143635125936,0.576,14840.78
H,302.6,310.2,1873,21.3,87,0,7.599999999999966,39894.9,0.011372130272290443,0.348,6607.26
H,302.6,311.7,1471,48.3,25,0,9.099999999999966,71049.3,0.03283480625424881,0.1,15055.109999999999
L,300.2,309.2,1430,43.4,24,0,9.0,62062.0,0.03034965034965035,0.096,13419.279999999999
L,300.8,312.6,1422,50.0,117,0,11.800000000000011,71100.0,0.035161744022503515,0.468,15630.000000000002
H,296.9,307.8,1549,35.8,206,1,10.900000000000034,55454.2,0.02311168495803744,0.824,11019.24
M,296.7,307.4,1540,38.7,45,0,10.699999999999989,59598.00000000001,0.02512987012987013,0.18,11896.38
L,299.6,309.5,1570,35.5,189,0,9.899999999999977,55735.0,0.022611464968152865,0.756,10987.25
L,300.2,311.8,1379,51.0,46,0,11.600000000000023,70329.0,0.03698332124728064,0.184,15901.800000000001
L,299.0,308.8,1495,38.4,75,0,9.800000000000011,57408.0,0.025685618729096988,0.3,11857.92
M,298.0,307.9,1750,26.6,67,0,9.899999999999977,46550.0,0.0152,0.268,8190.139999999999
L,300.4,309.6,1536,34.5,154,0,9.200000000000045,52992.0,0.0224609375,0.616,10681.2
M,301.6,310.9,1575,40.1,139,0,9.299999999999955,63157.5,0.02546031746031746,0.556,12467.09
L,301.3,310.5,1406,47.1,83,0,9.199999999999989,66222.6,0.033499288762446656,0.332,14624.550000000001
L,298.6,309.2,1542,48.4,42,0,10.599999999999966,74632.8,0.03138780804150454,0.168,14965.279999999999
L,298.2,309.0,1377,57.8,8,0,10.800000000000011,79590.59999999999,0.04197530864197531,0.032,17860.2
M,298.5,308.0,1713,25.8,154,0,9.5,44195.4,0.015061295971978984,0.616,7946.400000000001
L,297.3,308.0,1420,46.5,73,0,10.699999999999989,66030.0,0.032746478873239435,0.292,14322.0
L,303.9,313.1,1639,29.0,95,0,9.200000000000045,47531.0,0.017693715680292862,0.38,9079.900000000001
L,298.3,308.3,1597,32.4,69,0,10.0,51742.799999999996,0.020288040075140887,0.276,9988.92
L,302.3,311.8,1369,56.2,208,1,9.5,76937.8,0.0410518626734843,0.832,17523.16
H,302.6,310.4,1409,53.3,52,0,7.7999999999999545,75099.7,0.037828246983676365,0.208,16544.32
L,296.9,308.0,1343,44.5,15,0,11.100000000000023,59763.5,0.033134772896500374,0.06,13706.0
L,295.6,306.2,1569,35.1,140,0,10.599999999999966,55071.9,0.02237093690248566,0.56,10747.62
M,299.3,309.1,1385,45.6,34,0,9.800000000000011,63156.0,0.03292418772563177,0.136,14094.960000000001
L,300.1,311.4,1446,40.6,147,0,11.299999999999955,58707.6,0.028077455048409406,0.588,12642.84
L,299.6,310.6,1642,35.1,149,0,11.0,57634.200000000004,0.021376370280146165,0.596,10902.060000000001
L,300.8,310.4,1570,35.2,23,0,9.599999999999966,55264.00000000001,0.022420382165605098,0.092,10926.08
M,303.0,312.4,1645,29.6,129,0,9.399999999999977,48692.0,0.01799392097264438,0.516,9247.039999999999
L,300.8,309.7,1461,44.3,158,0,8.899999999999977,64722.299999999996,0.03032169746748802,0.632,13719.71
M,300.9,310.8,1988,19.7,136,0,9.900000000000034,39163.6,0.009909456740442656,0.544,6122.76
L,297.0,307.7,1867,22.8,118,0,10.699999999999989,42567.6,0.012212104981253347,0.472,7015.56
L,300.4,309.5,1349,50.4,30,0,9.100000000000023,67989.59999999999,0.03736100815418829,0.12,15598.8
L,298.7,310.1,1401,45.3,67,0,11.400000000000034,63465.299999999996,0.03233404710920771,0.268,14047.53
L,298.8,309.0,1829,22.9,172,0,10.199999999999989,41884.1,0.012520503007107709,0.688,7076.099999999999
M,298.3,309.0,1802,27.5,71,0,10.699999999999989,49555.0,0.015260821309655937,0.284,8497.5
M,301.3,310.7,1300,58.3,92,0,9.399999999999977,75790.0,0.04484615384615384,0.368,18113.809999999998
L,301.2,310.9,1467,37.1,153,0,9.699999999999989,54425.700000000004,0.02528970688479891,0.612,11534.39
H,301.9,311.0,1291,63.6,137,0,9.100000000000023,82107.6,0.04926413632842758,0.548,19779.600000000002
L,300.5,309.5,1653,27.6,62,0,9.0,45622.8,0.016696914700544466,0.248,8542.2
M,297.7,308.9,1327,63.7,21,0,11.199999999999989,84529.90000000001,0.04800301431801055,0.084,19676.93
L,300.6,310.5,1642,29.9,100,0,9.899999999999977,49095.799999999996,0.0182095006090134,0.4,9283.949999999999
H,299.1,310.0,1657,33.1,187,0,10.899999999999977,54846.700000000004,0.019975859987929993,0.748,10261.0
L,298.1,308.4,1335,40.2,109,0,10.299999999999955,53667.00000000001,0.0301123595505618,0.436,12397.68
M,302.1,311.1,1423,36.8,80,0,9.0,52366.399999999994,0.025860857343640194,0.32,11448.48
M,297.8,308.4,1479,43.5,143,0,10.599999999999966,64336.5,0.029411764705882353,0.572,13415.4
L,300.7,309.6,1329,54.3,80,0,8.900000000000034,72164.7,0.040857787810383746,0.32,16811.28
M,300.9,310.7,1696,27.3,76,0,9.800000000000011,46300.8,0.016096698113207547,0.304,8482.11
L,299.0,310.5,1755,27.9,56,0,11.5,48964.5,0.015897435897435898,0.224,8662.949999999999
L,296.5,307.5,1340,59.1,89,0,11.0,79194.0,0.0441044776119403,0.356,18173.25
M,303.5,313.0,1902,21.6,60,0,9.5,41083.200000000004,0.011356466876971609,0.24,6760.8
L,302.3,311.8,1487,43.2,206,0,9.5,64238.4,0.029051782111634165,0.824,13469.760000000002
M,300.3,311.7,1236,57.5,12,0,11.399999999999977,71070.0,0.046521035598705504,0.048,17922.75
L,298.0,308.1,1877,24.3,0,0,10.100000000000023,45611.1,0.01294619072988812,0.0,7486.830000000001
L,304.3,313.5,2643,12.7,21,0,9.199999999999989,33566.1,0.00480514566780174,0.084,3981.45
L,301.5,310.9,1671,31.1,170,0,9.399999999999977,51968.100000000006,0.018611609814482347,0.68,9668.99
H,301.1,311.1,1618,29.5,160,0,10.0,47731.0,0.01823238566131026,0.64,9177.45
M,298.5,309.6,1364,58.7,123,0,11.100000000000023,80066.8,0.04303519061583578,0.492,18173.52
M,298.2,307.8,1578,34.5,127,0,9.600000000000023,54441.0,0.021863117870722433,0.508,10619.1
M,303.4,311.8,1515,42.6,204,0,8.400000000000034,64539.0,0.02811881188118812,0.816,13282.68
M,298.0,308.7,1614,30.7,106,0,10.699999999999989,49549.799999999996,0.019021065675340766,0.424,9477.09
L,300.6,310.1,1495,42.3,132,0,9.5,63238.49999999999,0.0282943143812709,0.528,13117.23
L,301.3,310.7,1608,31.4,86,0,9.399999999999977,50491.2,0.0195273631840796,0.344,9755.98
L,301.4,310.7,1376,50.6,25,0,9.300000000000011,69625.6,0.03677325581395349,0.1,15721.42
L,297.4,308.3,1571,37.7,162,0,10.900000000000034,59226.700000000004,0.023997453851050288,0.648,11622.910000000002
L,297.0,307.8,1521,40.2,190,0,10.800000000000011,61144.200000000004,0.026429980276134125,0.76,12373.560000000001
L,297.7,309.4,1392,44.1,140,0,11.699999999999989,61387.200000000004,0.03168103448275862,0.56,13644.539999999999
L,299.1,310.1,1336,61.3,94,0,11.0,81896.8,0.04588323353293413,0.376,19009.13
M,299.1,310.1,1649,31.6,41,0,11.0,52108.4,0.019163129169193452,0.164,9799.160000000002
L,303.4,312.3,1502,36.0,69,0,8.900000000000034,54072.0,0.023968042609853527,0.276,11242.800000000001
L,297.3,308.2,1446,53.5,7,0,10.899999999999977,77361.0,0.03699861687413555,0.028,16488.7
M,301.4,310.5,1217,60.6,103,0,9.100000000000023,73750.2,0.04979457682826623,0.412,18816.3
M,296.1,307.1,1433,38.5,14,0,11.0,55170.5,0.026866713189113746,0.056,11823.35
M,298.1,308.9,1323,51.7,88,0,10.799999999999955,68399.1,0.03907785336356765,0.352,15970.13
L,302.5,311.5,1677,29.2,49,0,9.0,48968.4,0.017412045319022063,0.196,9095.8
M,298.6,310.0,1512,37.5,27,0,11.399999999999977,56700.0,0.0248015873015873,0.108,11625.0
L,300.3,311.4,1346,51.1,147,0,11.099999999999966,68780.6,0.03796433878157504,0.588,15912.539999999999
M,298.9,308.5,1456,50.0,156,0,9.600000000000023,72800.0,0.034340659340659344,0.624,15425.0
L,299.7,311.1,1554,41.0,192,0,11.400000000000034,63714.0,0.026383526383526385,0.768,12755.1
M,300.2,309.4,1456,48.8,205,0,9.199999999999989,71052.8,0.033516483516483515,0.82,15098.719999999998
M,297.4,308.9,1376,39.0,181,0,11.5,53664.0,0.028343023255813952,0.724,12047.099999999999
L,300.6,309.7,1639,30.4,121,0,9.099999999999966,49825.6,0.01854789505796217,0.484,9414.88
L,297.5,308.7,1456,44.7,29,0,11.199999999999989,65083.200000000004,0.030700549450549453,0.116,13798.890000000001
H,297.3,308.7,1438,46.2,16,0,11.399999999999977,66435.6,0.03212795549374131,0.064,14261.94
L,302.3,310.9,1379,49.3,34,1,8.599999999999966,67984.7,0.03575054387237128,0.136,15327.369999999997
M,295.5,306.0,1641,36.6,21,0,10.5,60060.600000000006,0.02230347349177331,0.084,11199.6
L,301.5,311.1,1602,34.3,100,0,9.600000000000023,54948.6,0.021410736579275905,0.4,10670.73
H,303.0,312.2,1624,28.8,117,0,9.199999999999989,46771.200000000004,0.017733990147783252,0.468,8991.36
L,299.1,310.5,1437,43.1,40,0,11.399999999999977,61934.700000000004,0.029993041057759223,0.16,13382.550000000001
L,299.5,310.7,1589,33.5,5,0,11.199999999999989,53231.5,0.021082441787287604,0.02,10408.449999999999
L,299.4,308.7,1525,39.0,90,0,9.300000000000011,59475.0,0.025573770491803278,0.36,12039.3
L,297.8,307.8,1452,39.8,21,0,10.0,57789.6,0.027410468319559227,0.084,12250.439999999999
M,301.7,310.6,1505,44.5,146,0,8.900000000000034,66972.5,0.02956810631229236,0.584,13821.7
M,301.0,311.6,1454,40.0,140,0,10.600000000000023,58160.0,0.027510316368638238,0.56,12464.0
L,298.4,309.2,2118,17.7,210,0,10.800000000000011,37488.6,0.008356940509915013,0.84,5472.839999999999
M,297.7,308.9,1681,28.3,116,0,11.199999999999989,47572.3,0.016835217132659133,0.464,8741.869999999999
L,302.4,310.2,1445,46.4,125,0,7.800000000000011,67048.0,0.03211072664359862,0.5,14393.279999999999
M,299.9,310.0,1484,42.1,182,0,10.100000000000023,62476.4,0.028369272237196767,0.728,13051.0
H,298.4,309.3,1984,19.2,132,0,10.900000000000034,38092.799999999996,0.00967741935483871,0.528,5938.56
L,299.2,308.4,1402,47.7,24,0,9.199999999999989,66875.40000000001,0.03402282453637661,0.096,14710.68
M,300.1,311.3,1518,40.2,130,0,11.199999999999989,61023.600000000006,0.02648221343873518,0.52,12514.260000000002
L,300.8,312.4,1493,39.1,79,0,11.599999999999966,58376.3,0.026188881446751508,0.316,12214.84
L,296.6,308.0,1978,22.3,208,0,11.399999999999977,44109.4,0.01127401415571284,0.832,6868.400000000001
L,301.4,310.4,1579,36.9,133,0,9.0,58265.1,0.0233692210259658,0.532,11453.759999999998
M,302.8,312.2,1452,50.3,60,0,9.399999999999977,73035.59999999999,0.03464187327823691,0.24,15703.659999999998
L,299.5,308.9,1520,38.3,122,0,9.399999999999977,58215.99999999999,0.025197368421052628,0.488,11830.869999999999
M,298.0,308.0,1620,29.4,75,0,10.0,47628.0,0.018148148148148146,0.3,9055.199999999999
L,300.6,310.2,1648,31.7,46,0,9.599999999999966,52241.6,0.019235436893203884,0.184,9833.34
L,297.4,308.5,1569,34.2,72,0,11.100000000000023,53659.8,0.02179732313575526,0.288,10550.7
L,301.5,310.8,1500,41.0,118,0,9.300000000000011,61500.0,0.027333333333333334,0.472,12742.800000000001
L,303.4,311.8,1499,45.0,16,0,8.400000000000034,67455.0,0.030020013342228154,0.064,14031.0
M,297.6,308.7,1392,41.2,178,0,11.099999999999966,57350.4,0.02959770114942529,0.712,12718.44
L,300.5,311.9,1403,45.7,54,0,11.399999999999977,64117.100000000006,0.03257305773342837,0.216,14253.83
M,298.7,309.2,1423,48.9,187,0,10.5,69584.7,0.034364019676739285,0.748,15119.88
H,302.5,310.9,1356,55.5,101,1,8.399999999999977,75258.0,0.04092920353982301,0.404,17254.949999999997
H,300.2,311.4,1506,36.1,141,0,11.199999999999989,54366.6,0.02397078353253652,0.564,11241.539999999999
L,303.8,313.1,2497,13.0,5,1,9.300000000000011,32461.0,0.005206247496996396,0.02,4070.3
L,301.8,310.0,1493,40.3,185,0,8.199999999999989,60167.899999999994,0.02699263228399196,0.74,12493.0
L,297.5,308.2,1419,48.5,108,0,10.699999999999989,68821.5,0.034178999295278366,0.432,14947.699999999999
L,302.0,309.8,1649,31.0,152,0,7.800000000000011,51119.0,0.01879927228623408,0.608,9603.800000000001
M,298.6,309.1,1339,51.1,34,0,10.5,68422.90000000001,0.038162808065720685,0.136,15795.010000000002
L,297.6,308.1,1437,46.3,149,0,10.5,66533.09999999999,0.032219902574808626,0.596,14265.03
M,300.4,309.2,1528,37.2,228,0,8.800000000000011,56841.600000000006,0.024345549738219896,0.912,11502.24
L,296.8,308.0,1584,40.4,227,0,11.199999999999989,63993.6,0.025505050505050503,0.908,12443.199999999999
M,298.8,310.1,1585,31.3,147,0,11.300000000000011,49610.5,0.01974763406940063,0.588,9706.130000000001
L,300.0,309.6,1618,28.7,53,0,9.600000000000023,46436.6,0.01773794808405439,0.212,8885.52
L,297.3,307.9,1417,41.8,186,0,10.599999999999966,59230.6,0.02949894142554693,0.744,12870.219999999998
H,300.3,309.9,1509,46.6,125,0,9.599999999999966,70319.40000000001,0.030881378396288933,0.5,14441.34
L,297.6,308.6,2384,14.4,171,0,11.0,34329.6,0.006040268456375839,0.684,4443.84
M,303.8,312.7,1555,33.4,128,0,8.899999999999977,51937.0,0.02147909967845659,0.512,10444.179999999998
H,299.0,308.7,1940,19.9,98,0,9.699999999999989,38606.0,0.010257731958762886,0.392,6143.129999999999
M,301.2,310.1,1558,32.6,34,0,8.900000000000034,50790.8,0.02092426187419769,0.136,10109.260000000002
M,300.8,310.3,1458,43.4,0,0,9.5,63277.2,0.029766803840877914,0.0,13467.02
L,303.5,312.3,1584,35.2,74,0,8.800000000000011,55756.8,0.022222222222222223,0.296,10992.960000000001
M,299.1,308.9,1325,48.4,220,0,9.799999999999955,64130.0,0.03652830188679245,0.88,14950.759999999998
L,299.9,310.2,1479,46.3,173,0,10.300000000000011,68477.7,0.03130493576741041,0.692,14362.259999999998
L,301.9,310.7,1429,51.0,76,0,8.800000000000011,72879.0,0.03568929321203639,0.304,15845.699999999999
L,298.8,309.7,1609,40.4,169,0,10.899999999999977,65003.6,0.025108763206960844,0.676,12511.88
L,301.9,311.2,1435,44.2,16,0,9.300000000000011,63427.00000000001,0.030801393728223,0.064,13755.04
M,303.0,311.0,1409,41.7,120,0,8.0,58755.3,0.02959545777146913,0.48,12968.7
M,300.0,309.6,1491,42.0,29,0,9.600000000000023,62622.0,0.028169014084507043,0.116,13003.2
M,302.7,312.0,1944,21.4,71,0,9.300000000000011,41601.6,0.011008230452674897,0.284,6676.799999999999
L,298.4,309.1,1362,46.1,37,0,10.700000000000045,62788.200000000004,0.033847283406754775,0.148,14249.510000000002
L,301.1,311.3,1498,37.6,11,0,10.199999999999989,56324.8,0.025100133511348467,0.044,11704.880000000001
L,298.2,308.8,1362,57.3,28,0,10.600000000000023,78042.59999999999,0.04207048458149779,0.112,17694.239999999998
L,302.3,311.4,1434,40.3,133,0,9.099999999999966,57790.2,0.028103207810320777,0.532,12549.419999999998
L,296.9,307.8,1653,29.7,137,0,10.900000000000034,49094.1,0.017967332123411978,0.548,9141.66
L,298.7,309.8,1181,65.9,203,1,11.100000000000023,77827.90000000001,0.055800169348010166,0.812,20415.820000000003
L,300.1,311.5,1499,43.4,65,0,11.399999999999977,65056.6,0.02895263509006004,0.26,13519.1
L,299.6,310.9,1487,42.5,164,0,11.299999999999955,63197.5,0.028581035642232685,0.656,13213.249999999998
L,296.9,307.6,1452,45.7,122,0,10.700000000000045,66356.40000000001,0.03147382920110193,0.488,14057.320000000002
M,304.2,313.5,1390,47.8,83,0,9.300000000000011,66442.0,0.03438848920863309,0.332,14985.3
M,297.4,307.9,1338,48.5,158,0,10.5,64893.0,0.03624813153961136,0.632,14933.15
M,301.3,310.8,1418,45.4,59,0,9.5,64377.2,0.03201692524682651,0.236,14110.32
M,304.0,313.4,1389,45.8,123,0,9.399999999999977,63616.2,0.03297336213102951,0.492,14353.719999999998
M,297.7,308.2,1370,53.4,162,0,10.5,73158.0,0.03897810218978102,0.648,16457.879999999997
M,299.2,308.8,1700,33.5,185,0,9.600000000000023,56950.0,0.019705882352941177,0.74,10344.800000000001
M,300.9,311.3,1603,31.8,190,0,10.400000000000034,50975.4,0.0198378041172801,0.76,9899.34
L,298.1,308.2,1482,37.9,17,0,10.099999999999966,56167.799999999996,0.025573549257759783,0.068,11680.779999999999
L,300.8,311.0,1578,44.4,86,0,10.199999999999989,70063.2,0.028136882129277566,0.344,13808.4
M,303.4,312.2,1972,23.5,59,0,8.800000000000011,46342.0,0.01191683569979716,0.236,7336.7
L,298.2,308.3,1400,48.7,194,0,10.100000000000023,68180.0,0.03478571428571429,0.776,15014.210000000001
L,300.9,311.2,1789,25.5,114,0,10.300000000000011,45619.5,0.014253773057574064,0.456,7935.599999999999
M,296.4,307.2,2071,19.4,183,0,10.800000000000011,40177.399999999994,0.009367455335586673,0.732,5959.679999999999
L,302.9,312.3,1515,40.8,183,0,9.400000000000034,61811.99999999999,0.02693069306930693,0.732,12741.84
M,300.5,311.7,1269,64.0,87,0,11.199999999999989,81216.0,0.0504334121355398,0.348,19948.8
H,302.2,311.3,1758,26.4,4,0,9.100000000000023,46411.2,0.015017064846416382,0.016,8218.32
M,303.3,312.6,1482,44.4,73,0,9.300000000000011,65800.8,0.029959514170040485,0.292,13879.44
L,297.5,308.3,1388,48.6,27,0,10.800000000000011,67456.8,0.03501440922190202,0.108,14983.380000000001
L,299.5,309.4,1390,58.8,195,1,9.899999999999977,81732.0,0.042302158273381296,0.78,18192.719999999998
L,298.3,309.4,1546,36.1,94,0,11.099999999999966,55810.600000000006,0.023350582147477362,0.376,11169.34
M,301.7,311.1,1506,39.5,158,0,9.400000000000034,59487.0,0.026228419654714476,0.632,12288.45
H,301.6,311.2,1395,46.8,95,0,9.599999999999966,65285.99999999999,0.03354838709677419,0.38,14564.159999999998
L,296.8,307.6,1434,48.3,138,0,10.800000000000011,69262.2,0.03368200836820084,0.552,14857.08
L,299.6,309.2,1450,43.1,160,0,9.599999999999966,62495.0,0.029724137931034483,0.64,13326.52
M,300.7,310.6,1439,41.7,184,0,9.900000000000034,60006.3,0.028978457261987493,0.736,12952.020000000002
L,301.0,310.9,1450,45.9,35,0,9.899999999999977,66555.0,0.0316551724137931,0.14,14270.309999999998
L,303.3,311.4,1497,46.0,234,1,8.099999999999966,68862.0,0.03072812291249165,0.936,14324.4
L,298.9,308.7,1564,34.1,99,0,9.800000000000011,53332.4,0.021803069053708442,0.396,10526.67
L,296.8,307.8,1373,42.9,74,0,11.0,58901.7,0.031245447924253458,0.296,13204.62
L,302.9,312.5,1683,32.1,85,0,9.600000000000023,54024.3,0.019073083778966132,0.34,10031.25
M,298.5,308.8,1557,36.0,21,0,10.300000000000011,56052.0,0.023121387283236993,0.084,11116.800000000001
H,303.0,312.5,1507,37.9,163,0,9.5,57115.299999999996,0.025149303251493033,0.652,11843.75
L,298.9,308.5,1580,39.1,119,0,9.600000000000023,61778.0,0.024746835443037976,0.476,12062.35
M,300.6,309.6,1503,38.4,68,0,9.0,57715.2,0.02554890219560878,0.272,11888.640000000001
M,299.3,310.6,1609,31.4,99,0,11.300000000000011,50522.6,0.019515226848974516,0.396,9752.84
L,303.7,312.5,1670,26.1,139,0,8.800000000000011,43587.0,0.01562874251497006,0.556,8156.25
L,298.8,310.1,1607,39.5,105,0,11.300000000000011,63476.5,0.024579962663347853,0.42,12248.95
L,297.4,308.4,1588,32.5,207,0,11.0,51610.0,0.020465994962216624,0.828,10023.0
M,298.3,308.0,1463,42.5,190,0,9.699999999999989,62177.5,0.029049897470950103,0.76,13090.0
M,299.1,308.6,1441,36.2,169,0,9.5,52164.200000000004,0.02512144344205413,0.676,11171.320000000002
M,300.4,309.9,1415,31.8,192,0,9.5,44997.0,0.02247349823321555,0.768,9854.82
L,299.1,310.1,1373,55.6,108,0,11.0,76338.8,0.0404952658412236,0.432,17241.56
L,300.7,310.7,1333,61.0,177,0,10.0,81313.0,0.04576144036009002,0.708,18952.7
L,299.5,309.3,1520,42.3,149,0,9.800000000000011,64295.99999999999,0.02782894736842105,0.596,13083.39
M,300.8,310.2,1304,52.5,157,0,9.399999999999977,68460.0,0.040260736196319015,0.628,16285.5
L,300.5,312.0,1558,36.7,113,0,11.5,57178.600000000006,0.023555840821566112,0.452,11450.400000000001
L,304.1,313.1,1666,34.6,33,0,9.0,57643.600000000006,0.020768307322929173,0.132,10833.260000000002
L,299.1,310.0,1367,56.3,203,1,10.899999999999977,76962.09999999999,0.041185076810534016,0.812,17453.0
L,300.6,310.4,1608,39.2,221,0,9.799999999999955,63033.600000000006,0.02437810945273632,0.884,12167.68
M,300.1,310.3,1350,48.8,50,0,10.199999999999989,65880.0,0.036148148148148145,0.2,15142.64
M,298.6,309.7,1314,49.7,136,0,11.099999999999966,65305.8,0.0378234398782344,0.544,15392.09
M,301.8,311.0,1839,23.6,30,0,9.199999999999989,43400.4,0.012833061446438282,0.12,7339.6
H,297.9,307.4,1604,36.1,225,1,9.5,57904.4,0.022506234413965088,0.9,11097.14
M,297.2,308.6,1513,39.0,78,0,11.400000000000034,59007.0,0.025776602775941838,0.312,12035.400000000001
L,297.4,308.4,1378,39.9,63,0,11.0,54982.2,0.02895500725689405,0.252,12305.159999999998
L,298.5,309.8,1593,35.1,203,0,11.300000000000011,55914.3,0.022033898305084745,0.812,10873.980000000001
L,303.7,312.7,1540,44.8,196,0,9.0,68992.0,0.029090909090909087,0.784,14008.96
L,303.7,312.5,1397,45.7,187,0,8.800000000000011,63842.9,0.03271295633500358,0.748,14281.25
L,300.9,310.7,1573,31.2,2,0,9.800000000000011,49077.6,0.019834710743801654,0.008,9693.84
L,303.6,312.2,1696,30.7,5,0,8.599999999999966,52067.2,0.018101415094339622,0.02,9584.539999999999
L,301.7,311.3,1708,30.5,77,0,9.600000000000023,52094.0,0.017857142857142856,0.308,9494.65
M,301.6,310.6,1599,36.1,208,0,9.0,57723.9,0.02257661038148843,0.832,11212.660000000002
L,302.1,311.4,1446,39.7,95,0,9.299999999999955,57406.200000000004,0.02745504840940526,0.38,12362.58
L,302.7,311.1,1730,28.1,135,0,8.400000000000034,48613.0,0.01624277456647399,0.54,8741.910000000002
M,298.4,310.1,1335,57.8,96,0,11.700000000000045,77163.0,0.043295880149812734,0.384,17923.78
H,301.6,309.9,1423,53.6,95,0,8.299999999999955,76272.8,0.037666900913562895,0.38,16610.64
M,304.1,313.3,1680,29.3,158,0,9.199999999999989,49224.0,0.01744047619047619,0.632,9179.69
L,297.8,308.4,2129,19.2,148,0,10.599999999999966,40876.799999999996,0.009018318459370596,0.592,5921.28
M,297.0,308.1,1355,51.4,76,0,11.100000000000023,69647.0,0.03793357933579335,0.304,15836.34
L,298.7,309.6,1665,31.1,178,0,10.900000000000034,51781.5,0.01867867867867868,0.712,9628.560000000001
L,300.7,311.0,1336,53.3,68,0,10.300000000000011,71208.8,0.03989520958083832,0.272,16576.3
M,303.9,313.2,1630,29.3,104,0,9.300000000000011,47759.0,0.017975460122699388,0.416,9176.76
H,303.0,312.4,1627,37.1,168,0,9.399999999999977,60361.700000000004,0.022802704363859866,0.672,11590.039999999999
L,303.5,312.7,1393,49.3,82,0,9.199999999999989,68674.9,0.03539124192390524,0.328,15416.109999999999
L,297.4,308.5,1496,36.4,126,0,11.100000000000023,54454.4,0.024331550802139036,0.504,11229.4
L,302.2,311.7,1556,38.6,145,0,9.5,60061.600000000006,0.02480719794344473,0.58,12031.62
L,303.7,312.3,1375,46.2,98,0,8.600000000000023,63525.00000000001,0.033600000000000005,0.392,14428.260000000002
L,303.5,311.9,1405,45.6,10,0,8.399999999999977,64068.0,0.032455516014234874,0.04,14222.64
L,298.3,307.9,1766,26.5,145,0,9.599999999999966,46799.0,0.015005662514156285,0.58,8159.349999999999
M,301.8,310.9,1881,20.9,23,0,9.099999999999966,39312.899999999994,0.01111111111111111,0.092,6497.8099999999995
M,298.1,309.3,1752,25.2,77,0,11.199999999999989,44150.4,0.014383561643835616,0.308,7794.36
L,304.0,313.2,1584,38.7,104,0,9.199999999999989,61300.8,0.024431818181818183,0.416,12120.84
M,300.5,310.6,1621,32.0,184,0,10.100000000000023,51872.0,0.01974090067859346,0.736,9939.2
L,300.4,311.2,1472,37.3,187,0,10.800000000000011,54905.6,0.025339673913043478,0.748,11607.759999999998
L,301.3,311.3,1474,50.7,10,0,10.0,74731.8,0.034396200814111266,0.04,15782.910000000002
M,303.0,311.2,1519,38.0,139,0,8.199999999999989,57722.0,0.025016458196181698,0.556,11825.6
L,300.5,310.5,1564,38.2,199,0,10.0,59744.8,0.024424552429667522,0.796,11861.1
L,303.9,313.0,1480,39.9,176,0,9.100000000000023,59052.0,0.026959459459459458,0.704,12488.699999999999
H,298.6,308.8,1566,39.1,36,0,10.199999999999989,61230.600000000006,0.02496807151979566,0.144,12074.080000000002
L,303.0,311.2,1341,51.0,174,1,8.199999999999989,68391.0,0.03803131991051454,0.696,15871.199999999999
L,302.0,310.0,1449,48.8,181,0,8.0,70711.2,0.0336783988957902,0.724,15128.0
L,302.9,312.2,1340,57.8,90,0,9.300000000000011,77452.0,0.043134328358208955,0.36,18045.16
L,297.2,308.3,1693,28.0,188,0,11.100000000000023,47404.0,0.016538688718251624,0.752,8632.4
L,302.3,311.0,1329,51.5,154,0,8.699999999999989,68443.5,0.03875094055680963,0.616,16016.5
M,300.9,311.4,1532,41.5,126,0,10.5,63578.0,0.027088772845953003,0.504,12923.099999999999
H,296.4,307.4,1586,35.5,0,0,11.0,56303.0,0.022383354350567465,0.0,10912.699999999999
L,303.1,311.3,1657,31.8,217,0,8.199999999999989,52692.6,0.0191913095956548,0.868,9899.34
M,300.6,310.0,1302,62.9,87,0,9.399999999999977,81895.8,0.04831029185867895,0.348,19499.0
L,297.3,308.4,1488,37.4,69,0,11.099999999999966,55651.2,0.025134408602150538,0.276,11534.159999999998
L,299.0,310.2,1377,62.5,92,1,11.199999999999989,86062.5,0.04538852578068264,0.368,19387.5
L,300.4,311.8,1272,59.2,198,1,11.400000000000034,75302.40000000001,0.04654088050314466,0.792,18458.56
M,300.6,310.7,1457,36.7,193,0,10.099999999999966,53471.9,0.025188743994509266,0.772,11402.69
M,300.8,310.7,1386,42.1,170,0,9.899999999999977,58350.6,0.030375180375180375,0.68,13080.47
L,300.2,310.2,1440,42.9,191,0,10.0,61776.0,0.029791666666666664,0.764,13307.58
M,298.6,310.0,1681,35.5,44,0,11.399999999999977,59675.5,0.021118381915526473,0.176,11005.0
L,300.1,309.8,1506,35.2,21,0,9.699999999999989,53011.200000000004,0.023373173970783534,0.084,10904.960000000001
L,301.9,310.9,1597,36.9,50,0,9.0,58929.299999999996,0.023105823418910456,0.2,11472.21
L,302.9,311.1,1556,45.3,135,0,8.200000000000045,70486.79999999999,0.029113110539845756,0.54,14092.83
L,299.9,309.8,1477,47.7,112,0,9.900000000000034,70452.90000000001,0.03229519295870007,0.448,14777.460000000001
M,299.2,308.5,1594,35.8,160,0,9.300000000000011,57065.2,0.022459222082810537,0.64,11044.3
H,295.6,306.2,1414,42.5,69,0,10.599999999999966,60095.0,0.030056577086280057,0.276,13013.5
L,302.1,310.7,1325,45.1,208,1,8.599999999999966,59757.5,0.0340377358490566,0.832,14012.57
M,296.8,308.1,1843,24.2,212,0,11.300000000000011,44600.6,0.013130765056972327,0.848,7456.02
M,298.2,309.0,1723,26.6,168,0,10.800000000000011,45831.8,0.015438189204875219,0.672,8219.4
L,302.1,311.4,1391,49.2,52,0,9.299999999999955,68437.2,0.03537023723939612,0.208,15320.88
L,296.5,307.4,1292,52.5,62,0,10.899999999999977,67830.0,0.04063467492260062,0.248,16138.499999999998
L,302.5,311.9,1401,44.9,203,0,9.399999999999977,62904.9,0.03204853675945753,0.812,14004.309999999998
L,300.5,311.4,1709,32.3,64,0,10.899999999999977,55200.7,0.018899941486249267,0.256,10058.219999999998
M,302.3,310.9,1523,43.2,210,0,8.599999999999966,65793.6,0.028365068942875906,0.84,13430.88
M,297.4,308.5,1497,36.4,56,0,11.100000000000023,54490.799999999996,0.024315297261189042,0.224,11229.4
M,304.2,313.2,1380,48.7,17,0,9.0,67206.0,0.03528985507246377,0.068,15252.84
M,298.1,308.6,1716,30.7,119,0,10.5,52681.2,0.01789044289044289,0.476,9474.02
M,297.5,308.0,1430,44.5,178,0,10.5,63635.0,0.031118881118881118,0.712,13706.0
M,298.7,308.3,1349,46.6,74,0,9.600000000000023,62863.4,0.03454410674573759,0.296,14366.78
L,302.4,311.6,1622,35.0,68,0,9.200000000000045,56770.0,0.02157829839704069,0.272,10906.0
L,297.8,307.2,1880,23.0,176,0,9.399999999999977,43240.0,0.01223404255319149,0.704,7065.599999999999
L,298.8,309.7,1582,45.0,11,0,10.899999999999977,71190.0,0.028445006321112517,0.044,13936.5
M,301.0,312.2,1499,41.5,140,0,11.199999999999989,62208.5,0.027685123415610406,0.56,12956.3
L,299.5,309.3,1333,54.1,147,0,9.800000000000011,72115.3,0.040585146286571644,0.588,16733.13
M,303.3,311.8,1548,33.5,75,0,8.5,51858.0,0.021640826873385012,0.3,10445.300000000001
H,300.5,311.2,1397,45.2,2,0,10.699999999999989,63144.4,0.032355046528274874,0.008,14066.24
M,300.1,309.2,1385,46.1,120,0,9.099999999999966,63848.5,0.03328519855595668,0.48,14254.12
L,300.4,310.1,1544,41.9,184,0,9.700000000000045,64693.6,0.027137305699481865,0.736,12993.19
M,299.4,309.1,1500,43.3,10,0,9.700000000000045,64949.99999999999,0.028866666666666665,0.04,13384.03
L,302.2,311.8,1981,21.8,36,0,9.600000000000023,43185.8,0.011004543160020192,0.144,6797.240000000001
L,296.3,307.1,1662,32.9,190,0,10.800000000000011,54679.799999999996,0.019795427196149216,0.76,10103.59
L,301.3,310.9,1760,23.9,76,0,9.599999999999966,42064.0,0.013579545454545454,0.304,7430.509999999999
H,301.5,310.7,1790,26.2,8,0,9.199999999999989,46898.0,0.014636871508379888,0.032,8140.339999999999
L,302.4,311.0,1338,67.6,194,1,8.600000000000023,90448.79999999999,0.05052316890881913,0.776,21023.6
L,298.1,307.5,1684,33.1,200,0,9.399999999999977,55740.4,0.01965558194774347,0.8,10178.25
L,299.4,309.2,1444,48.2,24,0,9.800000000000011,69600.8,0.03337950138504155,0.096,14903.44
L,299.2,309.1,1387,48.7,4,0,9.900000000000034,67546.90000000001,0.03511175198269647,0.016,15053.170000000002
M,302.3,311.5,1445,44.8,65,0,9.199999999999989,64735.99999999999,0.031003460207612455,0.26,13955.199999999999
L,300.1,309.6,1541,37.0,96,0,9.5,57017.0,0.024010382868267358,0.384,11455.2
L,301.5,310.1,1639,33.4,47,0,8.600000000000023,54742.6,0.02037827943868212,0.188,10357.34
L,302.1,311.2,1492,45.0,162,0,9.099999999999966,67140.0,0.030160857908847184,0.648,14004.0
L,301.5,310.6,1578,34.1,120,0,9.100000000000023,53809.8,0.02160963244613435,0.48,10591.460000000001
L,302.1,311.3,1521,31.5,202,0,9.199999999999989,47911.5,0.020710059171597635,0.808,9805.95
M,300.2,311.6,1533,46.4,24,0,11.400000000000034,71131.2,0.030267449445531638,0.096,14458.24
L,299.2,310.2,1697,30.6,12,0,11.0,51928.200000000004,0.01803182086034178,0.048,9492.12
M,301.3,310.4,1577,48.3,78,0,9.099999999999966,76169.09999999999,0.03062777425491439,0.312,14992.319999999998
H,300.5,309.9,1397,45.9,210,1,9.399999999999977,64122.299999999996,0.03285612025769506,0.84,14224.409999999998
H,300.7,312.2,1335,49.0,62,0,11.5,65415.0,0.03670411985018727,0.248,15297.8
M,302.3,311.7,1535,38.3,5,0,9.399999999999977,58790.49999999999,0.02495114006514658,0.02,11938.109999999999
L,301.6,310.9,1559,40.2,191,0,9.299999999999955,62671.8,0.025785760102629892,0.764,12498.18
L,298.2,309.1,1467,44.5,80,0,10.900000000000034,65281.5,0.030334014996591684,0.32,13754.95
L,298.9,308.8,1529,32.7,53,0,9.900000000000034,49998.3,0.021386527141922827,0.212,10097.760000000002
M,297.8,308.3,1567,35.6,131,0,10.5,55785.200000000004,0.022718570516911295,0.524,10975.480000000001
M,295.5,305.9,1518,44.1,194,0,10.399999999999977,66943.8,0.02905138339920949,0.776,13490.189999999999
M,300.6,311.6,1630,31.8,52,0,11.0,51834.0,0.01950920245398773,0.208,9908.880000000001
L,299.6,309.5,1453,41.4,168,0,9.899999999999977,60154.2,0.028492773571920163,0.672,12813.3
H,299.9,309.6,1410,51.2,98,0,9.700000000000045,72192.0,0.03631205673758865,0.392,15851.520000000002
L,298.8,309.9,1482,39.1,45,0,11.099999999999966,57946.200000000004,0.02638326585695007,0.18,12117.09
L,301.5,310.6,1519,40.7,208,0,9.100000000000023,61823.3,0.026793943383805138,0.832,12641.420000000002
L,300.2,309.4,1981,21.4,44,0,9.199999999999989,42393.399999999994,0.010802624936900554,0.176,6621.159999999999
H,298.5,309.3,1421,50.3,124,0,10.800000000000011,71476.3,0.03539760731878958,0.496,15557.789999999999
L,299.8,309.4,2256,15.9,201,0,9.599999999999966,35870.4,0.007047872340425532,0.804,4919.46
M,303.8,312.5,1366,45.1,143,0,8.699999999999989,61606.6,0.033016105417276724,0.572,14093.75
M,299.9,310.5,1576,39.4,183,0,10.600000000000023,62094.399999999994,0.024999999999999998,0.732,12233.699999999999
L,297.1,308.4,1550,37.0,167,0,11.299999999999955,57350.0,0.023870967741935485,0.668,11410.8
L,302.0,310.9,1378,53.1,212,1,8.899999999999977,73171.8,0.038534107402031934,0.848,16508.79
L,298.0,308.2,1459,42.1,146,0,10.199999999999989,61423.9,0.02885538039753256,0.584,12975.22
M,301.2,311.0,1424,41.4,131,0,9.800000000000011,58953.6,0.029073033707865167,0.524,12875.4
L,296.4,307.4,1403,48.4,70,0,11.0,67905.2,0.03449750534568781,0.28,14878.159999999998
L,299.1,309.8,1398,55.4,217,1,10.699999999999989,77449.2,0.0396280400572246,0.868,17162.920000000002
M,300.6,309.4,1521,37.2,90,0,8.799999999999955,56581.200000000004,0.024457593688362922,0.36,11509.68
M,301.3,311.0,1410,52.7,161,0,9.699999999999989,74307.0,0.037375886524822696,0.644,16389.7
M,304.2,313.5,1532,41.3,161,0,9.300000000000011,63271.6,0.026958224543080937,0.644,12947.55
L,300.8,310.6,1416,42.2,225,0,9.800000000000011,59755.200000000004,0.02980225988700565,0.9,13107.320000000002
L,300.7,312.4,1590,37.9,98,0,11.699999999999989,60261.0,0.023836477987421383,0.392,11839.96
L,300.6,309.4,1468,44.1,76,0,8.799999999999955,64738.8,0.030040871934604904,0.304,13644.539999999999
H,303.5,312.3,1386,49.0,35,0,8.800000000000011,67914.0,0.03535353535353535,0.14,15302.7
H,299.9,311.2,1495,35.8,175,0,11.300000000000011,53520.99999999999,0.02394648829431438,0.7,11140.96
M,299.0,309.4,1561,37.3,70,0,10.399999999999977,58225.299999999996,0.02389493914157591,0.28,11540.619999999999
M,297.1,308.4,1588,33.4,204,0,11.299999999999955,53039.2,0.021032745591939545,0.816,10300.56
L,298.7,309.6,1502,46.7,198,0,10.900000000000034,70143.40000000001,0.031091877496671107,0.792,14458.320000000002
L,302.3,311.3,1324,47.8,131,0,9.0,63287.2,0.03610271903323262,0.524,14880.14
H,297.9,308.9,1416,39.6,45,0,11.0,56073.6,0.027966101694915254,0.18,12232.439999999999
M,298.5,309.6,1492,41.7,100,0,11.100000000000023,62216.4,0.027949061662198394,0.4,12910.320000000002
L,297.5,309.4,1318,58.2,146,0,11.899999999999977,76707.6,0.04415781487101669,0.584,18007.079999999998
M,299.4,309.9,1567,40.6,87,0,10.5,63620.200000000004,0.025909380982769625,0.348,12581.939999999999
L,298.8,308.6,1680,29.4,95,0,9.800000000000011,49392.0,0.017499999999999998,0.38,9072.84
L,297.1,308.5,1712,32.1,48,0,11.399999999999977,54955.200000000004,0.01875,0.192,9902.85
L,297.2,308.7,1509,39.3,66,0,11.5,59303.7,0.02604373757455268,0.264,12131.909999999998
M,297.7,308.5,1559,35.2,127,0,10.800000000000011,54876.8,0.02257857601026299,0.508,10859.2
L,297.0,307.9,1635,31.6,147,0,10.899999999999977,51666.0,0.019327217125382264,0.588,9729.64
L,299.2,308.7,1650,30.5,93,0,9.5,50325.0,0.018484848484848486,0.372,9415.35
L,303.5,312.4,1284,70.6,94,1,8.899999999999977,90650.4,0.05498442367601246,0.376,22055.439999999995
M,303.1,312.4,1378,50.1,104,0,9.299999999999955,69037.8,0.036357039187227866,0.416,15651.24
L,297.7,308.7,1829,24.9,17,0,11.0,45542.1,0.013613996719518863,0.068,7686.629999999999
L,302.7,311.5,1494,41.4,149,0,8.800000000000011,61851.6,0.027710843373493974,0.596,12896.1
L,300.2,309.7,1678,30.5,142,0,9.5,51179.0,0.018176400476758045,0.568,9445.85
L,301.6,310.6,2103,19.7,12,0,9.0,41429.1,0.00936757013789824,0.048,6118.820000000001
L,298.4,309.3,1542,35.4,208,0,10.900000000000034,54586.799999999996,0.022957198443579765,0.832,10949.22
L,298.2,309.3,1355,43.8,142,0,11.100000000000023,59348.99999999999,0.03232472324723247,0.568,13547.34
H,298.8,309.2,1306,54.5,50,0,10.399999999999977,71177.0,0.041730474732006126,0.2,16851.399999999998
M,302.5,310.4,1451,53.6,194,0,7.899999999999977,77773.6,0.036940041350792555,0.776,16637.44
L,300.7,310.8,1475,42.0,147,0,10.100000000000023,61950.0,0.02847457627118644,0.588,13053.6
L,301.2,311.0,1761,29.1,195,0,9.800000000000011,51245.100000000006,0.016524701873935264,0.78,9050.1
L,300.5,311.9,1750,28.3,207,0,11.399999999999977,49525.0,0.016171428571428573,0.828,8826.77
L,300.5,311.6,1744,26.8,94,0,11.100000000000023,46739.200000000004,0.015366972477064221,0.376,8350.880000000001
L,299.2,308.4,1580,32.6,142,0,9.199999999999989,51508.0,0.020632911392405064,0.568,10053.84
L,297.4,308.5,1782,25.9,54,0,11.100000000000023,46153.799999999996,0.014534231200897866,0.216,7990.15
M,303.7,312.7,1532,42.7,194,0,9.0,65416.4,0.02787206266318538,0.776,13352.29
M,301.6,310.6,1691,30.1,40,0,9.0,50899.100000000006,0.017800118273211117,0.16,9349.060000000001
L,303.5,312.4,1503,36.5,191,0,8.899999999999977,54859.5,0.02428476380572189,0.764,11402.599999999999
M,298.1,308.8,1433,48.2,62,0,10.699999999999989,69070.6,0.033635729239357995,0.248,14884.160000000002
L,300.2,311.5,1495,38.5,69,0,11.300000000000011,57557.5,0.025752508361204015,0.276,11992.75
M,299.8,310.0,1460,37.1,169,0,10.199999999999989,54166.0,0.02541095890410959,0.676,11501.0
M,298.9,309.3,1581,30.7,65,0,10.400000000000034,48536.7,0.01941808981657179,0.26,9495.51
L,302.6,310.2,1325,62.4,92,1,7.599999999999966,82680.0,0.04709433962264151,0.368,19356.48
M,296.9,308.0,1409,50.7,43,0,11.100000000000023,71436.3,0.03598296664300923,0.172,15615.6
M,298.6,310.1,1596,33.0,15,0,11.5,52668.0,0.020676691729323307,0.06,10233.300000000001
H,298.0,307.6,1420,45.8,150,0,9.600000000000023,65035.99999999999,0.03225352112676056,0.6,14088.08
M,297.3,308.6,1431,53.0,160,0,11.300000000000011,75843.0,0.037037037037037035,0.64,16355.800000000001
L,299.7,309.2,1478,38.8,199,0,9.5,57346.399999999994,0.026251691474966168,0.796,11996.96
H,299.7,309.2,1554,41.6,62,0,9.5,64646.4,0.02676962676962677,0.248,12862.72
M,299.9,309.1,1513,43.8,188,0,9.200000000000045,66269.4,0.02894910773298083,0.752,13538.58
M,299.0,310.0,1488,46.3,198,0,11.0,68894.4,0.03111559139784946,0.792,14353.0
L,298.7,308.5,1544,35.2,159,0,9.800000000000011,54348.8,0.0227979274611399,0.636,10859.2
L,298.0,308.2,1357,48.2,7,0,10.199999999999989,65407.4,0.03551952837140752,0.028,14855.24
H,296.4,307.5,1596,35.1,75,0,11.100000000000023,56019.600000000006,0.02199248120300752,0.3,10793.25
L,299.7,309.6,1321,53.4,166,0,9.900000000000034,70541.4,0.040423921271763814,0.664,16532.64
M,303.4,311.6,1425,45.4,184,0,8.200000000000045,64695.0,0.03185964912280702,0.736,14146.640000000001
L,300.7,309.5,1461,49.9,0,0,8.800000000000011,72903.9,0.034154688569472964,0.0,15444.05
M,299.3,308.5,1386,42.2,30,0,9.199999999999989,58489.200000000004,0.03044733044733045,0.12,13018.7
L,301.5,310.5,1453,44.2,129,0,9.0,64222.600000000006,0.03041982105987612,0.516,13724.1
H,298.9,309.6,1546,35.3,190,0,10.700000000000045,54573.799999999996,0.02283311772315653,0.76,10928.88
L,298.9,308.7,1546,43.4,114,0,9.800000000000011,67096.4,0.028072445019404917,0.456,13397.58
L,304.4,313.6,1585,38.9,9,0,9.200000000000045,61656.5,0.02454258675078864,0.036,12199.04
L,296.2,307.2,1382,52.0,201,0,11.0,71864.0,0.03762662807525326,0.804,15974.4
M,300.4,311.4,1355,56.2,122,0,11.0,76151.0,0.0414760147601476,0.488,17500.68
L,297.4,308.8,1538,41.2,126,0,11.400000000000034,63365.600000000006,0.02678803641092328,0.504,12722.560000000001
L,300.9,310.4,1536,34.2,45,0,9.5,52531.200000000004,0.022265625,0.18,10615.68
L,300.6,309.4,1474,40.7,87,0,8.799999999999955,59991.8,0.027611940298507463,0.348,12592.58
L,299.0,310.2,1690,30.7,244,0,11.199999999999989,51883.0,0.018165680473372782,0.976,9523.14
L,296.5,307.6,1512,43.6,92,0,11.100000000000023,65923.2,0.028835978835978836,0.368,13411.36
L,300.5,310.4,1761,26.5,12,0,9.899999999999977,46666.5,0.015048268029528676,0.048,8225.599999999999
H,298.2,309.0,1360,56.8,107,0,10.800000000000011,77248.0,0.04176470588235294,0.428,17551.2
M,298.6,308.2,1488,44.0,43,0,9.599999999999966,65472.0,0.02956989247311828,0.172,13560.8
L,296.5,307.6,1431,45.2,90,0,11.100000000000023,64681.200000000004,0.03158630328441649,0.36,13903.520000000002
M,302.3,311.7,1517,37.6,124,0,9.399999999999977,57039.200000000004,0.024785761371127226,0.496,11719.92
M,299.5,309.0,1399,49.7,207,0,9.5,69530.3,0.03552537526804861,0.828,15357.300000000001
L,299.7,309.2,1781,29.6,201,0,9.5,52717.600000000006,0.016619876473891074,0.804,9152.32
L,302.7,310.5,1351,41.8,10,1,7.800000000000011,56471.799999999996,0.030940044411547,0.04,12978.9
L,298.0,309.9,1403,47.7,43,0,11.899999999999977,66923.1,0.03399857448325018,0.172,14782.23
L,303.6,312.4,1388,41.9,221,0,8.799999999999955,58157.2,0.030187319884726223,0.884,13089.56
L,301.0,310.7,1727,34.5,127,0,9.699999999999989,59581.5,0.019976838448176028,0.508,10719.15
L,296.1,306.7,1409,42.8,134,0,10.599999999999966,60305.2,0.030376153300212917,0.536,13126.759999999998
L,302.7,311.1,1440,39.5,146,0,8.400000000000034,56880.0,0.027430555555555555,0.584,12288.45
H,300.3,311.5,1464,41.0,29,0,11.199999999999989,60024.0,0.028005464480874317,0.116,12771.5
L,301.7,311.2,1517,42.4,113,0,9.5,64320.799999999996,0.027949901120632826,0.452,13194.88
L,298.7,309.7,1462,46.8,4,0,11.0,68421.59999999999,0.0320109439124487,0.016,14493.96
